surname;count
NOWAK;147672
KOWALSKI;95511
KOWALSKA;93009
WIŚNIEWSKI;75139
WIŚNIEWSKA;73424
WÓJCIK;67966
KOWALCZYK;66872
KAMIŃSKI;64651
LEWANDOWSKI;63462
KAMIŃSKA;63427
LEWANDOWSKA;63093
ZIELIŃSKI;62421
DĄBROWSKI;62293
DĄBROWSKA;61775
ZIELIŃSKA;61216
SZYMAŃSKI;60804
WOŹNIAK;60774
SZYMAŃSKA;59811
KOZŁOWSKI;51776
KOZŁOWSKA;50754
MAZUR;47626
JANKOWSKI;47054
JANKOWSKA;45990
KWIATKOWSKI;45189
WOJCIECHOWSKI;45119
KWIATKOWSKA;44908
WOJCIECHOWSKA;44807
KRAWCZYK;43466
KACZMAREK;42451
PIOTROWSKI;41795
PIOTROWSKA;41411
GRABOWSKI;39721
GRABOWSKA;39033
ZAJĄC;38095
PAWŁOWSKI;37896
PAWŁOWSKA;37362
MICHALSKI;37315
KRÓL;37062
MICHALSKA;36873
NOWAKOWSKI;35811
NOWAKOWSKA;35288
WRÓBEL;34711
WIECZOREK;34608
JABŁOŃSKI;34132
DUDEK;33812
ADAMCZYK;33731
JABŁOŃSKA;33621
MAJEWSKI;33585
MAJEWSKA;33295
NOWICKI;32692
OLSZEWSKI;32651
NOWICKA;32362
STĘPIEŃ;32312
MALINOWSKI;32157
JAWORSKI;32078
OLSZEWSKA;31991
JAWORSKA;31771
MALINOWSKA;31572
PAWLAK;31342
GÓRSKI;30717
SIKORA;30405
GÓRSKA;30403
WITKOWSKI;30354
WALCZAK;30173
WITKOWSKA;30105
BARAN;29889
RUTKOWSKI;29851
RUTKOWSKA;29252
MICHALAK;29174
SZEWCZYK;28834
OSTROWSKI;28487
OSTROWSKA;28252
TOMASZEWSKI;27257
TOMASZEWSKA;27085
DUDA;26923
ZALEWSKI;26793
PIETRZAK;26731
WRÓBLEWSKI;26351
JASIŃSKI;26108
ZALEWSKA;26058
WRÓBLEWSKA;25991
MARCINIAK;25981
JASIŃSKA;25769
ZAWADZKI;25677
SADOWSKI;25663
BĄK;25592
JAKUBOWSKI;25490
JAKUBOWSKA;25433
ZAWADZKA;25351
SADOWSKA;25244
WILK;24484
CHMIELEWSKI;24293
WŁODARCZYK;24234
CHMIELEWSKA;23864
BORKOWSKI;23834
BORKOWSKA;23727
SOKOŁOWSKI;23316
SOKOŁOWSKA;23243
SZCZEPAŃSKI;23198
SAWICKI;23189
LIS;22969
SZCZEPAŃSKA;22767
SAWICKA;22741
KUCHARSKI;22581
KUCHARSKA;22220
MAZUREK;21967
KUBIAK;21920
KALINOWSKI;21875
WYSOCKI;21817
MACIEJEWSKI;21757
MACIEJEWSKA;21676
CZARNECKI;21645
KALINOWSKA;21587
CZARNECKA;21561
WYSOCKA;21401
KOŁODZIEJ;20900
KAŹMIERCZAK;20733
URBAŃSKI;20637
URBAŃSKA;20491
SOBCZAK;19813
KONIECZNY;19553
GŁOWACKI;19306
KRUPA;19293
WASILEWSKI;19091
ZAKRZEWSKI;19034
GŁOWACKA;19018
KRAJEWSKI;18958
SIKORSKA;18956
KRAJEWSKA;18839
ZAKRZEWSKA;18812
SIKORSKI;18742
ADAMSKI;18740
MRÓZ;18664
ADAMSKA;18601
WASILEWSKA;18551
LASKOWSKI;18538
GAJEWSKI;18505
ZIÓŁKOWSKI;18471
KOZAK;18431
SZULC;18375
MAKOWSKI;18372
GAJEWSKA;18361
ZIÓŁKOWSKA;18281
LASKOWSKA;18228
BARANOWSKI;18179
MAKOWSKA;18126
SZYMCZAK;18054
KACZMARCZYK;18013
BRZEZIŃSKI;17993
CZERWIŃSKI;17977
PRZYBYLSKI;17975
CZERWIŃSKA;17812
BŁASZCZYK;17805
ANDRZEJEWSKI;17793
PRZYBYLSKA;17765
BOROWSKI;17765
BRZEZIŃSKA;17746
BARANOWSKA;17731
CIEŚLAK;17649
ANDRZEJEWSKA;17606
KANIA;17539
CHOJNACKI;17422
GÓRECKI;17410
SZCZEPANIAK;17341
JANIK;17327
BOROWSKA;17305
GÓRECKA;17098
CHOJNACKA;17014
LIPIŃSKI;16980
LESZCZYŃSKI;16976
MUCHA;16973
LESZCZYŃSKA;16891
KOZIOŁ;16879
WESOŁOWSKI;16836
LIPIŃSKA;16792
KOWALEWSKI;16785
WESOŁOWSKA;16779
MIKOŁAJCZYK;16692
NOWACKI;16546
DOMAŃSKI;16517
KOWALEWSKA;16458
DOMAŃSKA;16353
KONIECZNA;16309
JAROSZ;16234
CIESIELSKI;16198
KOWALIK;16167
ZIĘBA;16160
MUSIAŁ;16158
NOWACKA;16054
KOŁODZIEJCZYK;15947
MARKOWSKI;15867
MARKOWSKA;15786
KOPEĆ;15725
BRZOZOWSKI;15700
CIESIELSKA;15654
PIĄTEK;15548
KUREK;15515
BRZOZOWSKA;15484
ŻAK;15426
ORŁOWSKI;15368
KOT;15344
TOMCZYK;15326
PAWLIK;15316
TOMCZAK;15302
ORŁOWSKA;15148
URBANIAK;15031
MARKIEWICZ;15008
WAWRZYNIAK;14996
KRUK;14938
WÓJTOWICZ;14893
WOLSKI;14752
POLAK;14652
CZAJKOWSKA;14612
CZAJKOWSKI;14598
WOLSKA;14550
STASIAK;14495
NAWROCKI;14445
SOWA;14430
STANKIEWICZ;14425
NAWROCKA;14279
ŁUCZAK;14144
JASTRZĘBSKI;14143
KARPIŃSKI;14128
JASTRZĘBSKA;14011
DZIEDZIC;13920
WIERZBICKI;13900
WIERZBICKA;13825
PIASECKI;13811
KARPIŃSKA;13716
PIASECKA;13663
GAJDA;13635
KLIMEK;13609
BEDNAREK;13557
URBAN;13441
STEFAŃSKI;13394
JANICKI;13302
JÓŹWIAK;13257
BIELECKI;13249
JANICKA;13240
BIELECKA;13197
STEFAŃSKA;13190
DOMAGAŁA;13185
SOSNOWSKA;13162
MADEJ;13118
SOSNOWSKI;13115
MAJCHRZAK;13072
MAJ;13000
DOBROWOLSKA;12973
MILEWSKI;12963
MILEWSKA;12943
DOBROWOLSKI;12913
MAŁECKI;12870
KOWAL;12816
SKIBA;12800
LEŚNIAK;12779
ŚLIWIŃSKI;12709
SOCHA;12582
MAŁECKA;12562
MAREK;12504
ŚLIWIŃSKA;12501
BEDNARCZYK;12385
WRONA;12286
KASPRZAK;12209
PAJĄK;12102
MATUSZEWSKI;12078
OLEJNICZAK;12039
ROMANOWSKA;11968
RATAJCZAK;11873
WILCZYŃSKI;11871
MATUSZEWSKA;11864
WILCZYŃSKA;11859
ROMANOWSKI;11817
MICHALIK;11788
ŚWIĄTEK;11787
OWCZAREK;11728
ORZECHOWSKI;11700
KUROWSKI;11698
GRZELAK;11668
OLEJNIK;11575
RYBAK;11548
ŁUKASIK;11528
ORZECHOWSKA;11491
KUROWSKA;11430
SOBOLEWSKA;11407
SOBOLEWSKI;11359
MAZURKIEWICZ;11353
BUKOWSKI;11352
ROGOWSKI;11345
SROKA;11270
KĘDZIERSKI;11264
BUKOWSKA;11256
MATUSIAK;11247
KOSIŃSKI;11210
ROGOWSKA;11194
BARAŃSKI;11194
KĘDZIERSKA;11148
BARAŃSKA;11143
CZAJKA;11070
KOSIŃSKA;11022
SOBCZYK;11000
KOZIEŁ;10983
MARSZAŁEK;10953
MARCINKOWSKI;10951
ZYCH;10945
SKOWROŃSKI;10923
SKOWROŃSKA;10869
MARCINKOWSKA;10854
CHRZANOWSKI;10850
BEDNARSKA;10789
LISOWSKI;10773
BEDNARSKI;10771
BEDNARZ;10701
JANISZEWSKA;10680
KASPRZYK;10645
ŚWIDERSKI;10643
LISOWSKA;10642
PLUTA;10640
JANISZEWSKI;10626
CHRZANOWSKA;10620
KWIECIEŃ;10558
BIAŁEK;10531
MARCZAK;10522
ŚWIDERSKA;10521
KUCZYŃSKI;10514
MUSZYŃSKI;10511
MORAWSKA;10470
JĘDRZEJEWSKI;10442
WITEK;10422
MORAWSKI;10415
PALUCH;10414
CZECH;10401
GRZYBOWSKI;10399
TUREK;10379
MUSZYŃSKA;10378
KUCZYŃSKA;10365
CZAJA;10350
CHMIEL;10251
ŻUKOWSKI;10247
DĘBSKI;10246
GRZYBOWSKA;10215
MARZEC;10205
KACZOR;10204
CIEŚLIK;10193
OSIŃSKA;10192
JĘDRZEJEWSKA;10126
MAŁEK;10124
OSIŃSKI;10114
KUBICKI;10105
PIEKARSKI;10098
KRZEMIŃSKA;10025
DĘBSKA;10000
SZCZĘSNY;9973
KUBICKA;9968
MICHAŁOWSKA;9952
KRZEMIŃSKI;9947
ŻUKOWSKA;9940
ŚLIWA;9926
PIEKARSKA;9897
JANOWSKI;9871
STEFANIAK;9870
JANOWSKA;9855
RAK;9843
PRZYBYSZ;9840
BIERNACKI;9833
GOŁĘBIEWSKI;9830
MICHAŁOWSKI;9800
KULESZA;9728
LECH;9726
SZYDŁOWSKI;9688
BIERNACKA;9684
SMOLIŃSKI;9678
KACPRZAK;9669
SZYDŁOWSKA;9659
LEWICKI;9654
KUJAWA;9629
STANISZEWSKI;9609
STANISZEWSKA;9601
CZYŻ;9601
MURAWSKI;9589
LEWICKA;9569
NIEMIEC;9569
RUDNICKI;9565
DROZD;9555
RUDNICKA;9549
AUGUSTYNIAK;9549
GÓRA;9534
GOŁĘBIEWSKA;9533
BANACH;9521
POPŁAWSKI;9512
PIETRZYK;9511
POPŁAWSKA;9506
PIĄTKOWSKI;9455
ŻUREK;9436
SERAFIN;9421
MURAWSKA;9395
SMOLIŃSKA;9379
PODGÓRSKA;9352
GÓRNY;9348
PIĄTKOWSKA;9338
MATYSIAK;9333
GOŁĘBIOWSKI;9311
SOWIŃSKI;9306
STACHOWIAK;9299
PODGÓRSKI;9282
KARCZEWSKI;9274
SOWIŃSKA;9253
BANAŚ;9241
ZAWADA;9221
GOŁĘBIOWSKA;9185
KLIMCZAK;9168
ŻURAWSKI;9143
ROSIŃSKI;9141
KARCZEWSKA;9058
BIENIEK;9047
ROSIŃSKA;9045
GÓRKA;9036
CYBULSKI;9023
GODLEWSKI;8971
GRUSZKA;8963
KUŚ;8924
GODLEWSKA;8913
KOMOROWSKA;8893
CYBULSKA;8887
ŻURAWSKA;8873
PRZYBYŁA;8840
GROCHOWSKI;8833
SKRZYPCZAK;8832
CICHOŃ;8759
KOMOROWSKI;8754
KRAWIEC;8737
SZCZĘSNA;8735
KULIK;8734
CICHOCKI;8730
PTAK;8730
CICHOCKA;8703
GROCHOWSKA;8700
PANEK;8700
GIL;8696
SIWEK;8679
RÓŻAŃSKI;8582
NIEWIADOMSKI;8581
RÓŻAŃSKA;8558
MIELCZAREK;8544
WINIARSKI;8531
WINIARSKA;8494
KONOPKA;8486
GRACZYK;8467
NIEWIADOMSKA;8465
SŁOWIK;8416
GRZYB;8403
SZCZEPANIK;8393
KRZYŻANOWSKI;8377
KŁOS;8376
ZAREMBA;8376
KRZYŻANOWSKA;8372
FILIPIAK;8371
ZARZYCKI;8345
LEŚNIEWSKA;8318
LEŚNIEWSKI;8317
STAŃCZYK;8311
ANTCZAK;8279
TOKARSKI;8250
MŁYNARCZYK;8241
STRZELECKA;8214
TOKARSKA;8208
SZYMCZYK;8201
CIEŚLA;8178
MIKOŁAJCZAK;8176
ZARZYCKA;8164
KACZYŃSKI;8158
STRZELECKI;8152
SKOWRON;8123
BUCZEK;8105
MAĆKOWIAK;8093
GĄSIOR;8030
BIERNAT;8015
JUREK;8009
JANUS;8004
SZOSTAK;7990
BARTKOWIAK;7966
SZCZYGIEŁ;7934
JANIAK;7931
KACZYŃSKA;7928
BOGUSZ;7909
WĘGRZYN;7900
GÓRNA;7886
KULA;7872
GAWRON;7862
KOSTRZEWA;7853
PAŁKA;7848
KALETA;7845
KUCHARCZYK;7837
RAKOWSKI;7825
FRĄCZEK;7824
KSIĄŻEK;7803
DŁUGOSZ;7800
BARTCZAK;7797
KUBIK;7789
BANASIAK;7761
SIENKIEWICZ;7743
RÓŻYCKI;7708
RAKOWSKA;7696
RZEPKA;7693
KRÓLIKOWSKA;7655
KRÓLIKOWSKI;7645
BAGIŃSKI;7620
GAWLIK;7599
RÓŻYCKA;7560
DOBOSZ;7558
ZARĘBA;7551
MALEC;7532
ROGALSKI;7522
ŻEBROWSKI;7511
TRZCIŃSKI;7509
ROGALA;7489
TKACZYK;7489
WITCZAK;7455
ŻEBROWSKA;7440
BAGIŃSKA;7433
ROGALSKA;7420
HAJDUK;7410
ROJEK;7395
KISIEL;7385
GAWROŃSKI;7375
GRZEGORCZYK;7337
MIKULSKI;7329
MELNYK;7319
RYBICKI;7317
MIKULSKA;7315
CICHY;7296
GAWROŃSKA;7284
TROJANOWSKA;7281
TROJANOWSKI;7281
TRZCIŃSKA;7278
WOLNY;7271
FRANKOWSKI;7258
MALISZEWSKI;7258
MALISZEWSKA;7257
FRANKOWSKA;7251
RYBICKA;7227
RADOMSKA;7189
LACH;7178
FRĄCKOWIAK;7177
WĄSIK;7177
NAWROT;7171
RADOMSKI;7170
DUDZIŃSKI;7154
DUDZIŃSKA;7123
BOREK;7106
KACZOROWSKI;7099
KACZOROWSKA;7085
FIJAŁKOWSKI;7062
GRZESIAK;7010
BIAŁAS;7007
MIKA;6998
GAŁĄZKA;6993
ŚLUSARCZYK;6990
FIJAŁKOWSKA;6983
STEC;6976
BOGUCKI;6974
LIPSKI;6963
BOGUCKA;6955
SOKÓŁ;6954
PAWELEC;6951
ZABOROWSKI;6931
WNUK;6928
CZYŻEWSKI;6918
KMIECIK;6891
ROSIAK;6888
WIĘCKOWSKI;6874
WOJTCZAK;6866
WALKOWIAK;6861
KWAŚNIEWSKI;6846
WIĘCKOWSKA;6844
CZYŻEWSKA;6842
WÓJCICKI;6841
ZABOROWSKA;6827
KWAŚNIEWSKA;6822
BOCHENEK;6818
DĄBEK;6806
LIPSKA;6793
KOŁODZIEJSKI;6724
JANAS;6701
BURZYŃSKI;6697
PIETRAS;6692
DRZEWIECKI;6688
WÓJCICKA;6684
KARWOWSKI;6683
ŻMUDA;6682
ZYGMUNT;6675
BURZYŃSKA;6674
KRYSIAK;6674
PASTERNAK;6674
MROCZEK;6667
JUSZCZAK;6664
LASOTA;6664
KARWOWSKA;6608
CEBULA;6601
KOŁODZIEJSKA;6593
SKRZYPEK;6589
JĘDRZEJCZYK;6574
WROŃSKI;6568
CYGAN;6565
KARAŚ;6561
KUBACKA;6557
SZAFRAŃSKA;6550
MISIAK;6550
FILIPEK;6549
ŁUKASIEWICZ;6546
GAWEŁ;6546
DĘBOWSKI;6537
GRUSZCZYŃSKI;6527
DZIUBA;6523
ŁAPIŃSKI;6523
DRZEWIECKA;6520
ZAJĄCZKOWSKA;6519
MASŁOWSKI;6504
GRUSZCZYŃSKA;6503
BUJAK;6490
FLIS;6487
SZAFRAŃSKI;6480
PIÓRKOWSKI;6479
WROŃSKA;6477
ZAJĄCZKOWSKI;6460
PIWOWARCZYK;6454
KAŁUŻA;6449
BIELAWSKI;6437
DĘBOWSKA;6420
FALKOWSKI;6420
JAGODZIŃSKI;6404
JĘDRZEJCZAK;6396
MASŁOWSKA;6394
BOROWIEC;6389
JAGIEŁŁO;6384
KRAKOWIAK;6383
JAGODZIŃSKA;6376
ZIELONKA;6361
CZAPLA;6355
GUTOWSKI;6354
KUBACKI;6348
BIELAWSKA;6344
ŁAPIŃSKA;6344
ŁUKASZEWSKI;6330
KAŁUŻNY;6327
SKIBIŃSKI;6326
LISIECKA;6316
LISIECKI;6306
WILCZEK;6284
STELMACH;6270
SOBIERAJ;6263
SOŁTYS;6255
JURKIEWICZ;6246
PIÓRKOWSKA;6244
FALKOWSKA;6232
KUBICA;6231
SKIBIŃSKA;6222
DROZDOWSKI;6219
JAKUBIAK;6217
TARNOWSKI;6214
SZCZEŚNIAK;6211
SKOCZYLAS;6205
WOŹNY;6204
TWARDOWSKA;6190
URBAŃCZYK;6180
RACZYŃSKI;6172
TWARDOWSKI;6167
ANDRZEJCZAK;6163
PAKUŁA;6161
WASIAK;6161
STRZELCZYK;6157
PILARSKI;6156
GUTOWSKA;6142
PILARSKA;6142
NOWACZYK;6138
RACZYŃSKA;6124
BARTOSIK;6119
GĄSIOROWSKI;6117
CISZEWSKI;6109
KĘDZIORA;6098
BOBER;6094
DROZDOWSKA;6087
CISZEWSKA;6082
ŁUKASZEWSKA;6068
DUBIEL;6049
MIERZEJEWSKI;6034
TARNOWSKA;6032
BILSKA;6021
BILSKI;6012
GUZIK;6010
GOŁĄB;5989
MAJCHER;5989
GÓRNIAK;5961
STANEK;5949
GĄSIOROWSKA;5937
MILCZAREK;5934
MIERZEJEWSKA;5925
KOPCZYŃSKI;5910
GÓRAL;5888
SZWED;5881
FLOREK;5880
WIĘCEK;5872
RUSIN;5869
STASZEWSKI;5852
MOTYKA;5850
CHOLEWA;5831
STOLARCZYK;5828
KRUPIŃSKI;5827
BURY;5814
KOPCZYŃSKA;5812
KAPUSTA;5803
STASZEWSKA;5793
MISZTAL;5788
KASZUBA;5784
MATUSZAK;5775
PYTEL;5774
JAŚKIEWICZ;5772
KULIG;5761
SŁOWIŃSKI;5761
BIAŁY;5752
GRZYWACZ;5751
WOLAK;5750
RUCIŃSKI;5744
KRUPIŃSKA;5738
KUCHTA;5721
KUC;5717
FLORCZAK;5716
SIEDLECKI;5700
JEZIERSKA;5690
SŁAWIŃSKA;5689
KAŁUŻNA;5682
PROKOP;5682
BOŻEK;5679
SŁOWIŃSKA;5673
SIERADZKI;5672
ZWOLIŃSKA;5668
NOGA;5666
PACZKOWSKI;5661
KACZMARSKA;5659
ZAGÓRSKA;5657
MALICKI;5655
KOZA;5650
ZAGÓRSKI;5646
MICHAŁEK;5643
SIEDLECKA;5641
KACZMARSKI;5640
WOJTAS;5639
DOMINIAK;5633
KĘPA;5625
ROMANIUK;5623
JEZIERSKI;5623
OLCZAK;5623
RUCIŃSKA;5614
JANKOWIAK;5611
ZWOLIŃSKI;5611
SKÓRA;5608
GWÓŹDŹ;5601
JACKOWSKA;5591
STĘPNIAK;5580
DUDZIAK;5575
GAŁKA;5574
SITEK;5566
PAWLIKOWSKA;5564
MODZELEWSKI;5562
BIELAK;5558
IWAŃSKI;5558
ŚWIERCZYŃSKI;5556
PŁONKA;5554
PARTYKA;5545
ADAMUS;5544
SOCHACKI;5539
SZYSZKA;5530
PACZKOWSKA;5528
BIEŃKOWSKI;5522
JACKOWSKI;5517
SŁAWIŃSKI;5516
DEC;5510
DOBRZYŃSKI;5502
SIERADZKA;5498
JANUSZ;5493
MALICKA;5492
PAWLIKOWSKI;5486
SOCHACKA;5482
DUDZIK;5482
MODZELEWSKA;5481
CZECHOWSKI;5471
ŚWIERCZYŃSKA;5463
KNAPIK;5460
BRODA;5457
IWAŃSKA;5451
JURKOWSKI;5442
STACHURA;5440
BIEŃKOWSKA;5430
KOLASA;5428
MAŃKOWSKI;5421
LIPKA;5415
ROSA;5409
SKALSKA;5404
FILIPOWICZ;5395
KWIECIŃSKI;5394
KOVALCHUK;5393
CZECHOWSKA;5377
KWIECIŃSKA;5374
WOŚ;5371
MROCZKOWSKI;5360
SZCZERBA;5360
JURKOWSKA;5343
DOBRZYŃSKA;5337
MAJKA;5331
STANISŁAWSKI;5331
ADAMCZAK;5326
ADAMEK;5312
PASZKOWSKI;5310
PASZKOWSKA;5309
SZATKOWSKI;5305
MAŚLANKA;5302
TRZECIAK;5301
SKALSKI;5296
STANISŁAWSKA;5291
KOWALCZUK;5288
WŁODARSKI;5288
KITA;5278
MOLENDA;5274
SKOWRONEK;5273
CHOJNOWSKI;5262
WŁODARSKA;5249
MAŃKOWSKA;5246
PUCHALSKI;5245
MICHALCZYK;5243
SZATKOWSKA;5242
SUSKA;5241
CHOJNOWSKA;5235
MROCZKOWSKA;5232
SHEVCHENKO;5232
KRUSZEWSKI;5232
SALAMON;5231
CHMURA;5227
ZDUNEK;5215
KOBUS;5206
KRUSZEWSKA;5205
KOTOWSKI;5194
ŻUK;5185
KIEŁBASA;5181
KOGUT;5180
WYSZYŃSKI;5179
BUCZYŃSKI;5176
TOMALA;5171
AUGUSTYN;5171
MROZEK;5147
JANUSZEWSKI;5145
PUCHALSKA;5140
LENART;5136
WYSZYŃSKA;5129
WARCHOŁ;5123
BUCZYŃSKA;5111
JANUSZEWSKA;5103
NIEMCZYK;5099
PIECHOTA;5096
ADAMIAK;5095
ROBAK;5079
DRABIK;5069
KOS;5067
MARCHEWKA;5067
KOŁAKOWSKI;5062
KOTOWSKA;5056
CHUDY;5051
BANASIK;5047
KAWA;5045
NIEDZIELSKI;5045
GRZESIK;5044
GŁOGOWSKI;5041
GŁOGOWSKA;5033
DRÓŻDŻ;5033
ADAMOWICZ;5030
NIEDZIELSKA;5028
PILCH;5017
STOLARSKI;5013
BUDZYŃSKI;5012
MACIĄG;5009
TOKARZ;5008
KANIEWSKA;5003
KŁOSOWSKI;4999
JARZĄBEK;4996
DĄBKOWSKI;4993
KOPER;4990
WYPYCH;4985
PIŁAT;4971
SOŁTYSIAK;4968
NIEDŹWIECKI;4964
CHUDZIK;4963
PRZYBYŁ;4952
STOLARSKA;4950
ZIĘTEK;4949
BĄKOWSKI;4949
SURMA;4949
MALIK;4946
JAGIELSKA;4945
JAGIELSKI;4939
WIĄCEK;4926
PORĘBSKI;4920
PRUS;4920
STAŃCZAK;4919
KOŁAKOWSKA;4918
KASPEREK;4915
MIŚKIEWICZ;4911
FURMAN;4909
ŻYŁA;4909
KALISZ;4908
BUDZYŃSKA;4907
RUDZIŃSKI;4901
CZEKAJ;4899
GŁĄB;4897
KANIEWSKI;4891
NIEDŹWIECKA;4890
FRĄTCZAK;4890
JURCZAK;4887
JAROS;4882
BĄKOWSKA;4879
GORCZYCA;4867
RYŚ;4853
KŁOSOWSKA;4849
TRACZ;4849
RUDZIŃSKA;4848
BUCZKOWSKI;4847
GADOMSKI;4841
BARTNIK;4838
KUŹMA;4824
BUCZKOWSKA;4822
MOROZ;4813
MOSKAL;4812
BALCERZAK;4809
STACHURSKI;4802
KUCIŃSKI;4795
URBANEK;4793
SOJKA;4787
HERMAN;4785
BIAŁKOWSKA;4782
PORĘBSKA;4776
SZELĄG;4773
DĄBKOWSKA;4767
GOLEC;4759
GADOMSKA;4756
KOPACZ;4755
KORZENIOWSKI;4755
PIETRUSZKA;4752
BIAŁKOWSKI;4745
RUDNIK;4742
WOLIŃSKI;4739
BŁASZCZAK;4736
PIOTROWICZ;4731
KORZENIOWSKA;4729
CZERNIAK;4719
ZABŁOCKI;4705
ROMAN;4699
STACHOWICZ;4693
MILLER;4690
STACHURSKA;4690
OLCZYK;4684
RUDZKI;4682
CICHA;4681
KUCIŃSKA;4680
SZUBA;4675
WOLIŃSKA;4672
RYBARCZYK;4671
ŚLĘZAK;4670
URBANOWICZ;4669
LESIAK;4667
SĘK;4662
RADECKI;4655
TRELA;4653
KULIŃSKI;4652
SZYMKOWIAK;4652
WARZECHA;4652
GRUDZIEŃ;4651
KOSTECKI;4647
OSSOWSKA;4645
KUJAWSKI;4641
BOIKO;4631
BIELSKI;4625
OLEKSY;4617
IVANOVA;4616
MAGIERA;4616
PAWLICKA;4615
ZIMNY;4615
BUDZIŃSKI;4614
KOSOWSKI;4612
ZABŁOCKA;4606
KMIEĆ;4601
KOZIK;4601
OSSOWSKI;4600
JURCZYK;4592
SKORUPA;4583
PELC;4577
RUDZKA;4576
BUDZIŃSKA;4570
BIELSKA;4567
TOMASIK;4566
ALEKSANDROWICZ;4561
KOSTECKA;4560
BIELIŃSKI;4555
WOJTASIK;4554
RADECKA;4553
PAWLICKI;4552
WOŹNICA;4549
PEŁKA;4546
KAWECKI;4543
KRAKOWSKI;4539
SOBOTA;4538
GRZEŚKOWIAK;4535
KOSOWSKA;4531
WOJTKOWIAK;4526
NAPIERAŁA;4526
BANASZEK;4524
KRUCZEK;4516
STAWICKI;4509
MIERZWA;4498
SOBAŃSKA;4497
MACKIEWICZ;4486
BIELIŃSKA;4483
KAWECKA;4478
GUT;4478
KULIŃSKA;4474
SOBAŃSKI;4474
SEKUŁA;4472
KUJAWSKA;4468
ŚWIDER;4465
ŚMIGIELSKI;4463
POGORZELSKI;4458
WOŁOSZYN;4453
BONDARENKO;4423
PIĘTKA;4420
IZDEBSKI;4415
POGORZELSKA;4412
PIWOWARSKI;4412
STAWICKA;4402
KRAKOWSKA;4401
SZWARC;4394
GRUDZIŃSKA;4385
ŚMIGIELSKA;4372
DUSZYŃSKI;4372
KRASOWSKI;4360
HOFFMANN;4357
ŚWIĄTKOWSKA;4357
NIEDZIELA;4355
JUSZCZYK;4344
RATAJCZYK;4342
KRASOWSKA;4340
ŚWIĄTKOWSKI;4333
BOGACZ;4330
KRUKOWSKI;4330
MAKUCH;4328
PIWOWARSKA;4325
LITWIN;4323
KNAP;4320
IZDEBSKA;4317
BISKUP;4316
KARCZ;4316
WOLNA;4314
PANASIUK;4310
GRUDZIŃSKI;4307
KAWKA;4299
MAŃKA;4296
JÓŹWIK;4290
SZOT;4287
SCHMIDT;4285
STUDZIŃSKI;4284
LORENC;4280
KOVALENKO;4278
SZAREK;4278
BORYS;4277
ŚLEDŹ;4277
LISZKA;4276
WERNER;4269
FILIP;4269
ROSZKOWSKI;4267
ŻUCHOWSKI;4267
ŁUKASZEWICZ;4260
DROŻDŻ;4250
POLAŃSKI;4239
SIWIEC;4231
KRUKOWSKA;4227
WOJDA;4214
GACEK;4211
KĘDZIOR;4206
JEZIORSKI;4205
ROSZAK;4204
STUDZIŃSKA;4202
KORCZAK;4200
ROSZKOWSKA;4199
WIŚNIOWSKA;4199
KUSIAK;4193
PAPROCKI;4183
RYBKA;4180
ROŻEK;4174
BOBROWSKI;4172
WIŚNIOWSKI;4168
RUSEK;4166
TKACZ;4165
WRZESIŃSKA;4153
JAKUBCZYK;4151
POLAŃSKA;4144
KRÓLAK;4139
KUKLA;4138
JEZIORSKA;4130
DUSZYŃSKA;4129
WRZESIŃSKI;4126
KWIATEK;4125
KRASZEWSKI;4122
KOSMALA;4119
SIDOR;4119
WACH;4118
GRZYBEK;4116
SZKUDLAREK;4114
PAPROCKA;4111
DYMEK;4109
GRABARCZYK;4097
ŻUCHOWSKA;4094
SZOPA;4089
KORZENIEWSKI;4088
BOBROWSKA;4087
NOWIŃSKA;4086
TOKARCZYK;4082
ADAMIEC;4077
MIELCAREK;4077
MAZIARZ;4071
KORZENIEWSKA;4057
TUROWSKA;4053
GOLA;4051
NOWIŃSKI;4051
TUROWSKI;4049
LANGE;4047
SKONIECZNY;4047
GRODZKI;4046
KRASZEWSKA;4045
MAŁKOWSKI;4045
ŚPIEWAK;4042
RESZKA;4027
SZYMANEK;4027
RZEPECKI;4023
KRUSZYŃSKI;4016
SZCZUREK;4010
KURZAWA;4005
KĘPKA;4003
KRUSZYŃSKA;3999
SUSKI;3999
ROGOZIŃSKI;3993
GRODZKA;3986
BOGDAŃSKI;3982
GĄSIOREK;3980
BOGDAŃSKA;3974
LEWIŃSKI;3974
WAGNER;3973
PIECH;3972
LIPIEC;3969
STASZAK;3966
WOŹNA;3961
BARTOSZEK;3955
PERKOWSKI;3955
KAPUŚCIŃSKI;3954
PASZKIEWICZ;3951
FLAK;3951
LEWIŃSKA;3949
SHEVCHUK;3949
SZELIGA;3948
OLECH;3947
RZEPECKA;3946
JAKUBIEC;3943
SMOLEŃ;3942
MAŁKOWSKA;3936
WOJTOWICZ;3928
BUGAJSKI;3922
ROKICKI;3920
JANCZAK;3919
KOZAKIEWICZ;3917
PLICHTA;3917
WRZOSEK;3911
KULPA;3910
PERKOWSKA;3907
PĘKALA;3907
RADZISZEWSKA;3904
DZIURA;3899
AMBROZIAK;3894
OLSZAK;3894
ROGOZIŃSKA;3893
WAJDA;3891
BIAŁECKI;3885
WASIELEWSKI;3884
MAJKOWSKI;3874
RACZKOWSKI;3872
PISAREK;3866
ROMAŃSKA;3865
RADZISZEWSKI;3865
DUTKIEWICZ;3863
SZPAK;3863
WASIELEWSKA;3860
CZARNOTA;3860
KAŹMIERSKI;3859
SUCHECKI;3858
BILIŃSKA;3856
RACZKOWSKA;3855
KUPIEC;3854
CIOŁEK;3846
DZIKOWSKI;3845
SKONIECZNA;3844
ADAMCZEWSKI;3842
WYRZYKOWSKI;3840
KAPUŚCIŃSKA;3836
BUGAJ;3835
WYRZYKOWSKA;3834
KAWALEC;3833
POTOCKA;3832
KOKOSZKA;3826
GŁADYSZ;3824
RODAK;3818
KONARSKA;3811
ROKICKA;3809
BUGAJSKA;3805
MAJKOWSKA;3804
PUCHAŁA;3803
KOVAL;3802
GOLIŃSKI;3798
KOKOT;3797
ROMAŃSKI;3797
BANASZAK;3790
PISZCZEK;3789
ADAMCZEWSKA;3788
BARSZCZ;3782
KAŹMIERSKA;3780
KALIŃSKI;3780
SUCHECKA;3779
KAROLAK;3778
DZIKOWSKA;3773
KALIŃSKA;3773
DOLATA;3770
KOCHAŃSKI;3769
WIELGUS;3769
WOJTASZEK;3769
KONARSKI;3766
JASKULSKI;3764
BIELA;3756
SZYMANOWSKA;3753
FIGURA;3753
MĄCZKA;3753
GOŁĄBEK;3752
KOCHAŃSKA;3751
SOLECKI;3746
SZYMANOWSKI;3746
SEMENIUK;3741
SOLECKA;3739
TKACHENKO;3739
BOJARSKI;3736
BILIŃSKI;3734
SUŁKOWSKI;3732
JASKULSKA;3730
GABRYŚ;3726
STOKŁOSA;3725
ORZEŁ;3724
BIAŁECKA;3721
ZAPAŁA;3720
CICHOSZ;3719
PŁATEK;3718
OŻÓG;3717
SMOLAREK;3716
GOLIŃSKA;3710
BRODOWSKI;3709
BURDA;3707
POTOCKI;3706
KOLASIŃSKI;3704
LASEK;3704
FERENC;3702
ŁACH;3701
WASZKIEWICZ;3699
BALICKI;3698
GARBACZ;3691
PIECHOCKA;3690
KOPROWSKI;3690
PIECHOCKI;3686
PIERZCHAŁA;3683
OSOWSKI;3682
BRZESKA;3677
BRZESKI;3677
MACH;3677
CHROBAK;3673
BALICKA;3671
BOJARSKA;3670
BERNAT;3670
ZBOROWSKA;3669
PISKORZ;3669
RÓG;3669
CZUBA;3664
SZYMANIAK;3663
KRAUZE;3662
FRANCZAK;3662
SZCZYGIELSKI;3662
ŚWIERCZEK;3661
PLEWA;3659
SUDOŁ;3659
DOLIŃSKA;3656
SZCZYGIELSKA;3655
SUŁKOWSKA;3649
STĘPNIEWSKI;3648
IVANOV;3647
PASEK;3647
GRUCA;3646
SUROWIEC;3646
DOLIŃSKI;3645
TRACZYK;3643
OSOWSKA;3642
PARADOWSKA;3642
KOSTKA;3638
STĘPNIEWSKA;3636
MĄDRY;3634
PARADOWSKI;3632
WEBER;3631
JAROSZEWSKA;3630
KEMPA;3629
ZBOROWSKI;3626
BRODOWSKA;3623
ANTONIAK;3623
BUREK;3623
LOREK;3617
GRELA;3615
JAMRÓZ;3613
PASZEK;3613
WDOWIAK;3613
PIĘTA;3612
GÓRALCZYK;3607
OSUCH;3606
FILIPCZAK;3603
KOLASIŃSKA;3596
JAROSZEWSKI;3595
MATUSIK;3592
WALCZYK;3592
BŁOŃSKI;3589
KRAVCHENKO;3586
BIAŁA;3585
SZADKOWSKI;3583
ŚWITAŁA;3582
KOZERA;3580
WĄSOWSKI;3578
DRĄG;3575
SALA;3575
STACHOWSKI;3573
ĆWIK;3569
ZARĘBSKI;3569
MARTYNIUK;3567
CZAPLIŃSKI;3567
FIGIEL;3562
KWAŚNY;3561
WŁOCH;3561
WÓJCIAK;3560
MODRZEJEWSKI;3556
LACHOWICZ;3554
OLEŚ;3554
OKOŃ;3551
KAPICA;3549
NALEPA;3549
OGÓREK;3546
WALIGÓRA;3546
ŁAWNICZAK;3544
ZAWISTOWSKI;3542
BROŻEK;3541
MORAWIEC;3540
SZADKOWSKA;3539
KOPROWSKA;3538
ZARĘBSKA;3537
BATOR;3537
NADOLNY;3537
BARON;3534
ŁOŚ;3534
MROWIEC;3533
MULARCZYK;3533
SKWAREK;3532
ĆWIKLIŃSKA;3528
GROBELNY;3527
KOŁODZIEJCZAK;3527
GRABSKI;3526
NIEZGODA;3523
KOCHANOWSKA;3522
ĆWIKLIŃSKI;3521
PÓŁTORAK;3520
MYŚLIWIEC;3515
WACHOWIAK;3512
GAZDA;3508
KOZYRA;3504
ZIMNA;3499
JEDYNAK;3498
GRABSKA;3494
NADOLSKI;3491
GAJ;3489
DOBRZAŃSKA;3484
BŁAŻEJEWSKA;3483
MODRZEJEWSKA;3481
BIEL;3481
GAŁECKI;3478
STACHOWSKA;3475
MIŚ;3475
KULIKOWSKI;3471
BERNACKI;3468
WĄSOWSKA;3464
ZAWISZA;3464
KULIKOWSKA;3457
BOGDAN;3455
BŁOŃSKA;3445
NADOLSKA;3444
BOROŃ;3444
SITKO;3444
IWANOWSKI;3442
GLIŃSKA;3441
ZASADA;3439
OLIINYK;3437
GRYGIEL;3437
MAJDA;3437
GLIŃSKI;3435
STENCEL;3435
KRASKA;3434
KOŚCIELNIAK;3433
GALIŃSKA;3432
ZAWISTOWSKA;3431
CZAPLIŃSKA;3428
OZGA;3423
DOBRZAŃSKI;3422
GALIŃSKI;3421
NOSAL;3419
KRÓLIK;3418
MIECZKOWSKI;3418
WINNICKI;3417
BARTNICKI;3416
BIEŃ;3416
KOMAR;3415
KOCHANOWSKI;3412
WINNICKA;3411
PASTUSZKA;3411
BŁAŻEJEWSKI;3409
KLIMAS;3408
JASKÓLSKI;3406
PRZYBYSZEWSKI;3404
BARTOSIEWICZ;3402
KOZICKI;3402
MŁYNARSKI;3402
GAŁECKA;3399
KAZIMIERCZAK;3392
KOSTRZEWSKI;3392
WIELGOSZ;3388
WYDRA;3383
SZUBERT;3382
SZWEDA;3378
SZCZEPANEK;3375
BARTNICKA;3372
FRANKIEWICZ;3372
MUSIOŁ;3371
JASKÓLSKA;3369
TYMIŃSKA;3363
DUSZA;3360
SPYCHAŁA;3358
POLISHCHUK;3356
DOMAGALSKI;3353
KLIMASZEWSKI;3352
BŁASZKIEWICZ;3351
MIECZKOWSKA;3350
KLUSKA;3347
SOBOCIŃSKA;3345
LEMAŃSKI;3345
KOSTRZEWSKA;3344
WCISŁO;3343
MATCZAK;3342
BUDA;3335
JANECZEK;3335
SOBOŃ;3333
BERNACKA;3330
IWANICKI;3330
GALAS;3328
RYBA;3328
KOZICKA;3325
PIETRZYKOWSKI;3325
SMYK;3324
STOPA;3324
IWANOWSKA;3323
TUSZYŃSKA;3318
TYMIŃSKI;3318
KLIMASZEWSKA;3313
SKORUPSKA;3311
SOBOCIŃSKI;3310
SKORUPSKI;3307
WALAS;3302
TABOR;3301
ZAWIŚLAK;3299
KULAS;3294
KĄKOL;3293
GAJEK;3291
NADOLNA;3289
SARNOWSKA;3284
GUZ;3284
WISZNIEWSKI;3282
PRZYBYSZEWSKA;3277
SARNOWSKI;3277
MARCZEWSKI;3275
RYBIŃSKI;3275
TURSKI;3275
DANIEL;3274
PIETRZYKOWSKA;3273
MISZCZAK;3270
MARCZEWSKA;3269
MIREK;3269
GOŁASZEWSKA;3268
SZAFRAN;3268
LEMAŃSKA;3266
MŁYNARSKA;3263
ŚWIERCZ;3259
ŚLIWKA;3257
RYCHLIK;3256
TUSZYŃSKI;3253
KRAUSE;3251
WNĘK;3251
IWANICKA;3250
NGUYEN;3249
JACKIEWICZ;3247
DOMAGALSKA;3246
SŁOMIŃSKA;3246
WISZNIEWSKA;3246
KOŁACZ;3246
MACHNIK;3243
PODSIADŁO;3240
BRYŁA;3239
CZERWONKA;3239
NEUMANN;3236
BUDNY;3235
GOŁASZEWSKI;3235
ŁAKOMY;3235
ROKITA;3235
RYBIŃSKA;3232
SŁOMKA;3232
FURTAK;3229
STRZAŁKOWSKI;3228
SEWERYN;3227
GIZA;3227
SŁOMIŃSKI;3227
KORNACKI;3225
ANTKOWIAK;3224
MIKUŁA;3221
WILCZEWSKA;3220
SOBCZYŃSKA;3217
BARTKOWSKI;3217
CHOJECKI;3217
MAKAREWICZ;3215
STRZAŁKOWSKA;3215
CZUBAK;3213
IWANIUK;3213
GAŁUSZKA;3209
KASPERSKA;3208
NYCZ;3206
KŁOSIŃSKI;3206
PIEŃKOWSKI;3202
RUMIŃSKA;3201
TKACHUK;3201
BOJANOWSKI;3201
DREWNIAK;3201
MIZERA;3198
RUMIŃSKI;3198
TURSKA;3196
RADWAŃSKA;3193
DWORAK;3189
SZCZOTKA;3187
PIEŃKOWSKA;3183
JOŃCZYK;3183
LEWCZUK;3181
LUDWICZAK;3181
KORNACKA;3176
MARCINKIEWICZ;3175
WĘGLARZ;3175
ZALESKA;3174
WILCZEWSKI;3174
GÓRALSKI;3173
BARTKOWSKA;3169
ŁUGOWSKA;3169
KALITA;3169
KASPERSKI;3168
GÓRALSKA;3167
KREFT;3163
DĘBICKI;3162
KALBARCZYK;3161
ŁUGOWSKI;3161
DUDKIEWICZ;3160
ZIOMEK;3160
SZOSTEK;3159
MAŁOLEPSZY;3158
RADZIKOWSKI;3156
RADZIKOWSKA;3155
KŁOSIŃSKA;3154
NAPIÓRKOWSKI;3151
SOBCZYŃSKI;3145
DĘBICKA;3144
GĄSKA;3142
DAWID;3138
BOJANOWSKA;3137
RĄCZKA;3134
RYBACKI;3134
PILARCZYK;3132
DUL;3131
KLONOWSKI;3131
PAJOR;3127
RYBACKA;3124
GROBELNA;3122
BOROWIAK;3121
BACZYŃSKA;3118
WIERZCHOWSKI;3117
MASTALERZ;3114
IWAN;3113
PORĘBA;3112
CHOJECKA;3109
CIEŚLIŃSKI;3109
WACHOWSKA;3107
CHYLIŃSKI;3107
RADWAŃSKI;3104
TARKA;3101
CZAPIEWSKI;3100
WASZAK;3100
PISARSKI;3098
CIEŚLIŃSKA;3096
ZATORSKA;3096
WILIŃSKI;3092
NAPIÓRKOWSKA;3090
MOTYL;3087
CYRAN;3086
PIEKARZ;3086
TRUSZKOWSKI;3084
OLENDER;3082
GWIAZDA;3080
ZIEMBA;3079
WACHOWSKI;3078
SITARZ;3072
KOBYLIŃSKA;3069
KRZAK;3069
OSIECKI;3068
BABIARZ;3067
TOPOLSKA;3065
ZALESKI;3065
SZEWCZUK;3059
KLEIN;3057
PIWOWAR;3057
TRZASKA;3057
PATER;3053
KOBYLIŃSKI;3052
KRASUSKA;3050
ŁUCZYŃSKI;3049
TOPOLSKI;3049
JELEŃ;3047
BONDAR;3046
MACHOWSKA;3046
BACZYŃSKI;3046
CZAPSKI;3044
WILIŃSKA;3042
CZARNY;3042
RYDZEWSKI;3042
SUCHOCKI;3042
OSIECKA;3038
KRASUSKI;3037
CZAPIEWSKA;3030
CZAPSKA;3030
CABAN;3029
ŁUCZYŃSKA;3028
GOLONKA;3026
MOSKWA;3026
BĄCZEK;3024
MARKOWICZ;3023
SOSIŃSKI;3022
OSTASZEWSKA;3020
PISARSKA;3015
ZATORSKI;3015
GĄDEK;3013
CHYLIŃSKA;3011
MACHOWSKI;3011
JEŻ;3009
KLOC;3008
MATUSZCZAK;3008
MILER;3007
GREGORCZYK;3006
NGUY?N;3006
KOZIŃSKI;3002
STAROŃ;3002
OSTASZEWSKI;3001
FRYDRYCH;2998
SZMIDT;2998
DAWIDOWSKI;2998
POPIOŁEK;2996
KLONOWSKA;2995
KOZIŃSKA;2993
DYLEWSKI;2989
KARASIŃSKA;2986
MALCZEWSKI;2986
SAKOWSKI;2982
RYDZEWSKA;2980
MACIASZEK;2978
WIERZCHOWSKA;2972
KIELAR;2969
RAKOCZY;2966
FABISIAK;2965
SAKOWSKA;2962
PLUCIŃSKA;2961
JARECKI;2960
CZAPLICKI;2959
KULIGOWSKI;2959
MIKOŁAJEWSKA;2957
SZAFRANIEC;2955
TARASIUK;2954
TROJAN;2954
BADURA;2951
SYNOWIEC;2951
OGRODNIK;2949
KONDRACKA;2948
NIEDŹWIEDŹ;2947
MALCZEWSKA;2945
JAKUBCZAK;2938
MATYJA;2937
WIATR;2937
WIDERA;2934
PLUCIŃSKI;2933
BOGACKA;2930
KUNICKA;2930
PYKA;2929
GAJOS;2929
ZAŁĘSKI;2928
SUCHOCKA;2926
KOSIOREK;2925
SZLACHTA;2924
DYLEWSKA;2918
CHRUŚCIEL;2917
BOGACKI;2916
CHOWANIEC;2916
MIKOŁAJEWSKI;2910
TRUSZKOWSKA;2908
KRAWCZYŃSKI;2908
PRZYGODA;2908
SAGAN;2908
KUSZ;2907
POPEK;2906
SOSIŃSKA;2905
CZAPLICKA;2904
KARASIŃSKI;2904
GRZEGORZEWSKI;2902
ZAŁĘSKA;2901
GRZEGORZEWSKA;2899
KULIGOWSKA;2895
SINGH;2894
BLOCH;2893
KUPCZYK;2893
MIROWSKI;2892
PODOLSKA;2891
WOJNOWSKI;2891
PACIOREK;2890
STRZELEC;2890
KUDŁA;2888
STARZYŃSKA;2886
ĆWIEK;2886
KUNICKI;2886
KONDRACKI;2884
SIUDA;2883
KARBOWSKA;2882
KOTARSKA;2882
BORECKI;2880
MIELNIK;2877
DAWIDOWSKA;2876
KRAWCZYŃSKA;2875
MIROWSKA;2873
MROZIŃSKI;2873
WOJTKOWSKI;2871
JARECKA;2870
SARNA;2870
KOSIOR;2868
KARBOWSKI;2866
MAJER;2866
TRAWIŃSKI;2866
WOJNOWSKA;2865
NOWOSIELSKI;2861
SAMBORSKA;2858
SZNAJDER;2858
JÓZEFOWICZ;2858
NOWOSIELSKA;2857
STARZYŃSKI;2857
SĘKOWSKA;2856
BOROWIECKA;2855
SĘKOWSKI;2855
BORECKA;2853
NOCOŃ;2853
WĄSOWICZ;2851
WOJDYŁA;2850
GANCARZ;2848
BOGDANOWICZ;2847
MĄKA;2847
ROZMUS;2847
BOROWICZ;2845
BOROWIECKI;2845
MADEJSKI;2845
MROZIŃSKA;2844
GROMEK;2844
TRAWIŃSKA;2842
CYWIŃSKA;2841
LACHOWSKA;2841
KOTARSKI;2841
BORUCKA;2840
BORUCKI;2840
DEPTUŁA;2836
KUNA;2835
KĘPIŃSKI;2834
MAŁOLEPSZA;2832
BARCZYK;2830
MYSZKA;2830
SUCHODOLSKI;2829
KARWACKI;2828
BIEGAŃSKA;2824
OLEKSIAK;2824
KURKOWSKI;2824
KWAŚNIAK;2822
PŁACZEK;2822
HOFMAN;2820
BARTOSIAK;2820
RUSINEK;2820
DZIĘCIOŁ;2819
KURKOWSKA;2815
BĘBEN;2815
JELONEK;2814
DAWIDOWICZ;2811
KARWACKA;2808
OLESIŃSKI;2807
ZDANOWICZ;2804
ŻELAZNY;2802
BIEGAŃSKI;2798
BOCHEŃSKI;2798
WOJNAROWSKA;2797
ANTONIUK;2795
JEŻEWSKI;2792
LACHOWSKI;2791
ŁUKOMSKI;2790
CAŁKA;2789
PUZIO;2788
ŁYSIAK;2786
CYWIŃSKI;2782
RATAJ;2782
KLIŚ;2781
HAŁAS;2778
POZNAŃSKA;2777
KUŁAKOWSKI;2777
STACH;2777
KUTA;2776
MATEJA;2776
OGONOWSKI;2776
MADEJSKA;2773
WOJTKOWSKA;2772
SAJDAK;2770
WOLAŃSKA;2769
WLAZŁO;2767
MISIEWICZ;2763
ŁUKOMSKA;2762
WĄS;2761
WOLAŃSKI;2757
POZNAŃSKI;2755
STADNIK;2755
PIENIĄŻEK;2754
KĘPIŃSKA;2752
BAŁDYGA;2752
RUSZKOWSKI;2752
TOBIASZ;2751
KRAVCHUK;2749
ZDROJEWSKA;2749
KOCH;2748
DZIK;2747
TWOREK;2744
WOJNAROWSKI;2744
PODOLSKI;2742
PIRÓG;2740
KOCUR;2738
OLESIŃSKA;2738
RUSZKOWSKA;2737
GUZEK;2735
ADAMKIEWICZ;2732
BOCHEŃSKA;2731
JANKIEWICZ;2731
BOCIAN;2730
GLINKA;2730
SROCZYŃSKI;2729
KOSSAKOWSKI;2728
OLESZCZUK;2728
WIERZBOWSKI;2727
ZAJKOWSKI;2727
SIWAK;2726
SUCHODOLSKA;2725
ZDROJEWSKI;2725
WIERZBOWSKA;2722
KUŹMIŃSKI;2722
BAŃKOWSKI;2721
JANIEC;2721
SZUMSKI;2721
SOBKOWIAK;2720
MARCZYK;2718
KUBALA;2717
BRYK;2716
FORMELA;2712
JEŻEWSKA;2711
DRZAZGA;2710
PANKOWSKI;2709
POKORSKI;2707
JAROCKI;2705
BOGUSZEWSKI;2704
JAROCKA;2703
ADAMCZUK;2703
GÓRZYŃSKI;2703
KARPOWICZ;2702
KAWCZYŃSKI;2702
ŁĄCKI;2702
WOŹNICKA;2700
BAJOR;2700
KUŁAKOWSKA;2699
BOGUSŁAWSKA;2698
NYKIEL;2696
KOTOWICZ;2695
KOSSAKOWSKA;2692
OGONOWSKA;2692
ANIOŁ;2691
KISIELEWSKA;2691
KORCZYŃSKI;2691
KORCZYŃSKA;2689
GŁOWACZ;2689
JACH;2688
MYSZKOWSKI;2688
NOSEK;2688
MROZIK;2686
POKORSKA;2684
JANIKOWSKI;2684
STAWSKA;2682
KISIELEWSKI;2680
WALKIEWICZ;2680
BAŃKOWSKA;2679
SOROKA;2678
TARKOWSKA;2677
ŁATA;2677
RYBCZYŃSKI;2676
SROCZYŃSKA;2674
KRASOŃ;2673
FLORCZYK;2672
CISZEK;2670
TARKOWSKI;2670
JASKUŁA;2669
ZADROŻNY;2669
PIECHOWIAK;2666
ABRAMOWICZ;2666
KAWCZYŃSKA;2664
DZIĘGIELEWSKI;2664
STAWSKI;2664
MYSZKOWSKA;2663
RYBCZYŃSKA;2663
ZAJDEL;2663
FILIPOWSKI;2663
KUŹMIŃSKA;2662
MARCZUK;2661
SKRZYPIEC;2660
POŚPIECH;2659
KRASIŃSKI;2657
KOZUB;2654
ROLA;2654
ZWIERZCHOWSKI;2653
WOŹNICKI;2651
BIELICKA;2648
KOŁEK;2648
KUPIS;2648
PTASZYŃSKI;2647
ŻMIJEWSKI;2647
SZUMSKA;2645
RZEŹNIK;2645
PACEK;2644
GUZOWSKI;2643
DZIĘGIELEWSKA;2642
SAWCZUK;2642
KROK;2640
FILIPOWSKA;2639
SKRZYŃSKI;2639
KASPROWICZ;2636
ZWIERZCHOWSKA;2636
PISKORSKI;2636
DOMINIK;2635
WIKTOR;2633
KICIŃSKI;2632
ABRAMCZYK;2630
ROGUSKA;2629
DURAJ;2627
SKUPIEŃ;2627
BOGUSZEWSKA;2626
FORTUNA;2626
KOC;2626
RACHWAŁ;2625
PRZYBYŁEK;2624
PAWŁOWICZ;2623
BOGUSŁAWSKI;2623
PISKORSKA;2622
ZIAJA;2622
BIELICKI;2621
SAMBORSKI;2621
PANKOWSKA;2615
PTASZYŃSKA;2615
CISEK;2615
MROZOWSKI;2613
MROZOWSKA;2612
WOJEWODA;2612
FORNAL;2610
SIEMIŃSKA;2609
JANIKOWSKA;2607
GÓRZYŃSKA;2606
KRASIŃSKA;2604
GŁUCHOWSKI;2603
WYSOKIŃSKI;2603
TOMASZEK;2601
ŻMIJEWSKA;2601
SUŁEK;2601
ŻOCHOWSKA;2600
OLEK;2599
SOJA;2599
ŻOCHOWSKI;2599
ŁĄCKA;2598
ANDRZEJAK;2593
BUDNIK;2593
CHOIŃSKI;2593
MITURA;2591
DYBOWSKI;2590
KUŹNIAR;2590
MAĆKOWSKI;2590
ROGUSKI;2589
WYSOKIŃSKA;2587
FRĄCKIEWICZ;2586
ZAJKOWSKA;2586
SOSNA;2585
DANILUK;2582
LUBIŃSKI;2582
STANKOWSKI;2579
LISEK;2578
IGNACZAK;2577
KUPCZAK;2577
CHOLEWIŃSKI;2576
GUZOWSKA;2574
KICIŃSKA;2573
MĄDRA;2573
BADOWSKA;2572
PACH;2571
KULKA;2570
SKRZYŃSKA;2569
BODNAR;2568
KULCZYCKA;2568
MATUSZEK;2568
PIWOŃSKI;2568
KOPKA;2566
DYBOWSKA;2564
BOROWY;2564
OZIMEK;2564
KUBAS;2561
GONDEK;2556
GŁUCHOWSKA;2554
BANASZKIEWICZ;2553
DOPIERAŁA;2552
WINKLER;2549
ŁUKAWSKA;2547
SWOBODA;2546
KILIAN;2545
GAWŁOWSKI;2542
ŁUKAWSKI;2542
POŁEĆ;2542
SIEMIŃSKI;2540
PAWLACZYK;2538
KUCZERA;2537
POKORA;2536
ŁUKASIAK;2535
CHOLEWIŃSKA;2534
WOJNAR;2534
DEPTA;2533
ZABIELSKI;2533
STANKOWSKA;2531
ROZWADOWSKI;2531
JAKUBIK;2529
SŁOTA;2527
SŁOWIKOWSKI;2524
JODŁOWSKA;2523
ŻBIKOWSKI;2523
ĆWIKŁA;2522
STARCZEWSKA;2521
JODŁOWSKI;2520
ŁOBODA;2517
DĘBIŃSKI;2516
KUŚNIERZ;2514
SOBIERAJSKI;2514
RYNKIEWICZ;2513
CELIŃSKI;2513
FORYŚ;2512
ROZWADOWSKA;2511
ROMAŃCZUK;2511
PRZYBYLAK;2508
SOBIERAJSKA;2505
LABUDA;2505
PŁACHTA;2505
SŁOWIKOWSKA;2500
SZEWC;2500
POLOK;2499
CABAJ;2499
KĘDZIA;2497
KUKLIŃSKA;2496
KUKLIŃSKI;2496
ŻBIKOWSKA;2495
GRABIEC;2495
ZADROŻNA;2490
STARCZEWSKI;2490
PATYK;2489
KNOP;2488
ROGULSKI;2487
CHOIŃSKA;2484
MACIEJCZYK;2484
SPYCHALSKI;2483
POLKOWSKI;2482
GAWĘDA;2481
LUBIŃSKA;2479
SPYCHALSKA;2479
ROWIŃSKI;2478
LASKA;2476
SZMYT;2475
ŁUKOWSKI;2474
SKUZA;2473
ZIENKIEWICZ;2472
KLIMOWICZ;2470
ZABIELSKA;2469
CZOP;2468
PIASKOWSKI;2468
DĘBIŃSKA;2467
WALICKI;2467
MAĆKOWSKA;2466
PIASKOWSKA;2466
CZERNIAWSKI;2462
BARCZAK;2458
GAWŁOWSKA;2457
BADOWSKI;2456
GÓRCZYŃSKI;2455
HEBDA;2454
JANUSZKIEWICZ;2452
SAVCHUK;2450
GÓRCZYŃSKA;2449
BIEDRZYCKI;2449
TABAKA;2449
PIWOŃSKA;2448
LISZEWSKI;2448
SAŁATA;2448
NIZIOŁEK;2446
ROGULSKA;2446
KURIATA;2446
SOŁTYSIK;2445
GUTKOWSKI;2444
WOJTYSIAK;2444
BIŃKOWSKI;2443
KLIMKIEWICZ;2442
KRYGIER;2441
KALISZEWSKA;2440
WALICKA;2440
JAROSIŃSKA;2439
KOBIELA;2439
ŁUKOWSKA;2437
NIEDBAŁA;2437
ROWIŃSKA;2436
CZARNOWSKI;2436
STAWARZ;2436
MOMOT;2435
WALASEK;2435
CZERNIAWSKA;2434
FILA;2433
JANECKI;2433
SZPAKOWSKI;2433
FICEK;2431
PŁUCIENNIK;2431
PAWEŁEK;2430
CELIŃSKA;2428
BORAWSKI;2427
SAS;2425
KLESZCZ;2424
WIATROWSKI;2423
DEMBIŃSKI;2422
IDZIKOWSKI;2421
BARTOSZEWICZ;2420
BARSZCZEWSKI;2420
POPIEL;2420
KALISZEWSKI;2418
PŁÓCIENNIK;2418
JAROSIŃSKI;2416
KULCZYCKI;2413
MIŁEK;2413
SOBALA;2408
KRZYŻANIAK;2407
PANKIEWICZ;2406
SKRZYPCZYK;2404
KLIMCZYK;2404
DEMBIŃSKA;2403
BIENIAS;2403
KĘDRA;2403
POLKOWSKA;2401
MIELEWCZYK;2401
WALASZCZYK;2401
KAZIMIERSKA;2400
PAWEŁCZYK;2400
SZPAKOWSKA;2399
MIODUSZEWSKI;2399
PIWKO;2398
BALIŃSKA;2396
GUTKOWSKA;2396
JANECKA;2394
WARDA;2394
GIBAS;2393
WICHER;2393
JANOWICZ;2391
KRZEMIEŃ;2390
BALIŃSKI;2389
MIODUSZEWSKA;2388
ŻACZEK;2388
BINKOWSKA;2387
GIERSZEWSKI;2387
MOSZCZYŃSKA;2386
KAZIMIERSKI;2386
ŁADA;2386
MOKRZYCKI;2386
GIERSZEWSKA;2385
KORALEWSKA;2385
PIECUCH;2385
CZARNOWSKA;2383
BINKOWSKI;2383
POPOVA;2382
GIERCZAK;2382
STAWIARSKI;2382
IDZIKOWSKA;2380
PIECHA;2380
CHUDA;2378
POŹNIAK;2378
CHRZĄSZCZ;2377
LISZEWSKA;2376
ŁAKOMA;2376
JASIAK;2375
ZDANOWSKI;2375
URBANIK;2373
SZEWCZAK;2371
KACPERSKI;2369
PNIEWSKI;2369
HINC;2367
ISKRA;2367
TERLECKI;2367
CIEŚLAR;2365
PRZYBYŁO;2364
MAŁACHOWSKA;2359
CHMIELECKI;2358
BARSZCZEWSKA;2357
GOŁDA;2355
KUFEL;2355
SIWIŃSKA;2354
DOMIN;2354
WILKOWSKI;2354
BIŃKOWSKA;2352
KWAPISZ;2351
KLICH;2351
KWAŚNIK;2350
SASIN;2350
ZDANOWSKA;2348
CHUDZIŃSKI;2348
MAŁACHOWSKI;2348
PIEKARCZYK;2348
KOSEK;2347
OPALIŃSKI;2347
LUPA;2346
SAK;2346
BIEDRZYCKA;2344
MELNYCHUK;2344
MOKRZYCKA;2344
ŻABIŃSKI;2344
ŚWIĘCICKA;2341
PIKUŁA;2339
BĄCZKOWSKI;2338
JUREWICZ;2338
MIAZGA;2338
KOŚMIDER;2335
CHLEBOWSKA;2334
KOZIKOWSKI;2334
NARLOCH;2334
PAWLUS;2333
SAŁEK;2333
OBARA;2332
MOSZCZYŃSKI;2331
SOBIECH;2331
PLATA;2328
DRAB;2327
PLISZKA;2326
SZMIT;2326
MICKIEWICZ;2325
DOMARADZKI;2325
TERLECKA;2324
BONIECKI;2324
CHLEBOWSKI;2323
ZAWADKA;2323
OPALIŃSKA;2322
JASEK;2322
ŚWITALSKI;2320
LENARTOWICZ;2319
MELLER;2319
RUTA;2317
ULATOWSKI;2316
SKOTNICKA;2315
KUKUŁA;2315
STEFANOWSKI;2315
KALICKI;2314
KORALEWSKI;2313
KUŁAGA;2313
GONTARZ;2312
DOMARADZKA;2311
SZCZĘCH;2311
ŚWITALSKA;2309
MATYSEK;2308
CICHOWSKA;2307
PIETRUCHA;2307
BĘBENEK;2306
CICHECKI;2304
LEJA;2304
GAWRYŚ;2303
SARNECKI;2303
GWIZDAŁA;2302
CICHECKA;2301
KOŚCIELNY;2301
CICHOWSKI;2300
JASIK;2300
GRABIŃSKI;2299
WIATROWSKA;2297
KUR;2297
SIEŃKO;2297
ŚWIĘCICKI;2296
SOBOL;2295
GŁUSZEK;2295
IGNASIAK;2294
PUSTELNIK;2294
KRZYSZTOFIK;2293
DRAGAN;2293
PNIEWSKA;2291
PIECHOWSKA;2290
MARCINEK;2290
SKOTNICKI;2289
GŁODEK;2285
MOŚCICKI;2285
KACPERSKA;2284
KOPIEC;2284
CHUDZIŃSKA;2283
MANIA;2283
RYSZKA;2281
KASIŃSKA;2280
WANAT;2280
PASIEKA;2280
JURGA;2279
ULATOWSKA;2278
MARCHENKO;2277
WILKOWSKA;2277
KIERZKOWSKI;2277
BĄCZKOWSKA;2276
STAWIARSKA;2276
SIWIŃSKI;2276
KASIŃSKI;2275
KOWNACKI;2275
PIECHOWSKI;2275
SZYDŁO;2275
MUZYKA;2274
MRUK;2273
ŻABIŃSKA;2271
CZERNIK;2271
BAJER;2270
OCHMAN;2269
DUTKA;2268
KOŻUCH;2268
CHMIELECKA;2267
PALKA;2267
ANTOSIK;2267
KIM;2267
ORLIK;2267
ANDRUSZKIEWICZ;2261
KOZIKOWSKA;2261
SYPNIEWSKA;2260
BOMBA;2260
CZARNIK;2259
NIKIEL;2259
ŚWINIARSKI;2258
BARTOSZ;2257
OKOŃSKI;2257
KOWNACKA;2255
WACHOWICZ;2255
JAWOROWSKA;2254
KALICKA;2253
BORZĘCKI;2253
BROŻYNA;2253
KARWAT;2252
MLECZKO;2251
ORLIŃSKA;2250
PIELA;2250
ZIOBRO;2250
ORLIŃSKI;2248
WSZOŁEK;2248
BURA;2247
DYRDA;2242
SARNECKA;2241
BORAWSKA;2240
BAŃKA;2240
CZERNECKA;2239
KIERZKOWSKA;2239
BASIŃSKA;2238
STEFANOWSKA;2237
BOCZEK;2237
ŻYDEK;2236
STEFANOWICZ;2234
JURASZEK;2234
KISZKA;2234
SOLARZ;2234
RUDENKO;2233
GÓRNIK;2233
GRABIŃSKA;2231
WOLANIN;2231
KAIM;2231
POLAKOWSKI;2229
JASZCZUK;2228
ŁASKA;2227
CISOWSKI;2227
MACIAK;2227
MAKSYMIUK;2225
BABIŃSKI;2224
BIL;2224
MOŚCICKA;2223
MIERNIK;2223
CHĘCIŃSKA;2222
FISZER;2219
ZDUŃCZYK;2219
BONIECKA;2218
CIESZYŃSKI;2218
DZIUBEK;2218
PONIATOWSKI;2218
ZELEK;2218
SADKOWSKI;2217
SYPNIEWSKI;2217
SZCZĘŚNIAK;2217
KORYCKI;2216
KOWALKOWSKI;2216
ROJEWSKI;2215
RZEPA;2214
ŁOZIŃSKA;2213
SZYMURA;2213
ROSTKOWSKI;2212
CHĘCIŃSKI;2211
FEDOROWICZ;2210
KARBOWIAK;2210
ROSTKOWSKA;2208
ŁUKASZCZYK;2206
POLOCZEK;2205
KOCOT;2205
KŁAK;2204
WILCZAK;2204
PONIATOWSKA;2203
SAMSEL;2200
CZERNECKI;2199
MICHALEC;2199
KORYCKA;2198
ROJEWSKA;2197
BASIŃSKI;2197
JAWOROWSKI;2196
STASIK;2195
KOSECKI;2194
MACHAJ;2194
BORZĘCKA;2193
KASPRZYCKA;2193
SADKOWSKA;2191
GRUSZECKI;2191
KASPRZYCKI;2191
LEWKOWICZ;2191
JABŁONOWSKI;2190
KUŹNIK;2190
SŁABY;2190
KACPRZYK;2187
NAPORA;2186
BYKOWSKI;2184
SADŁOWSKI;2184
PALIWODA;2183
BUDNA;2182
SCHULZ;2181
BOCZKOWSKI;2181
NĘDZA;2181
PIETRASIK;2181
FIRLEJ;2179
ŁOZIŃSKI;2179
GRUSZECKA;2178
KOSAKOWSKI;2177
MRÓWKA;2177
PEPLIŃSKI;2176
PORADA;2175
MÜLLER;2174
MYŚLIŃSKA;2174
BŁASIAK;2173
LECHOWICZ;2173
BĘDKOWSKI;2171
LIGĘZA;2171
OLEJARZ;2171
MAJCHROWSKI;2169
SUSZEK;2169
DUDKA;2167
RODZIEWICZ;2164
CIOSEK;2164
ZARZECKI;2164
KOTECKA;2163
WINIARCZYK;2163
WAWER;2162
PRUSAK;2161
GRALAK;2160
MYŚLIŃSKI;2160
GRAD;2159
JAGŁA;2158
CIESZYŃSKA;2157
PIETKIEWICZ;2157
SZYMBORSKI;2157
MATKOWSKI;2153
SPYRA;2151
OKOŃSKA;2150
SZYMBORSKA;2149
JAGIEŁA;2149
BARTOSZEWSKA;2148
TYSZKIEWICZ;2148
POLAKOWSKA;2147
KOWALKOWSKA;2146
STEFAŃCZYK;2145
WĄTROBA;2144
SKWARA;2143
JABŁONOWSKA;2142
KLEPACKI;2142
KLEPACKA;2141
BARNAŚ;2141
BOCZKOWSKA;2140
SAVCHENKO;2140
OSIAK;2138
JARZYNA;2137
KUSTRA;2136
MAJCHROWSKA;2135
NOWOSAD;2135
KOROL;2133
KUŚMIERCZYK;2133
PRZYBOROWSKI;2133
GŁUCH;2132
MUSIELAK;2131
KĄDZIELA;2127
LANGNER;2126
GAWIN;2126
KRYŃSKA;2125
JÓZEFIAK;2124
KRZYWDA;2124
BRZÓSKA;2123
KRYŃSKI;2123
SOBIECKI;2123
CIECHANOWSKI;2121
KOTECKI;2120
DMOCHOWSKA;2119
KONIK;2119
PARZYCH;2119
STASIUK;2118
BRYL;2118
ŚWISTAK;2118
TARGOSZ;2118
WRONKA;2118
KONKOL;2117
DEJA;2116
KOPERSKA;2113
DMOCHOWSKI;2112
PODSIADŁY;2112
BABIŃSKA;2111
MOCZULSKI;2111
ŚWINIARSKA;2110
DEREŃ;2109
KACZMARZYK;2108
PIETRASZEK;2108
TYSZKA;2103
KLOCEK;2102
KANTOR;2100
SUWAŁA;2100
BĘDKOWSKA;2099
GIEMZA;2099
KOPERSKI;2098
SÓJKA;2098
CISOWSKA;2097
BAŁA;2097
SUKIENNIK;2097
WOJTAŚ;2097
CZECHOWICZ;2096
ZĄBEK;2096
LYSENKO;2095
ŻELAZNA;2095
WASILUK;2095
CZEKALSKI;2094
CHRZAN;2092
BOROWIK;2090
GOŁDYN;2090
BIAŁOWĄS;2089
POGODA;2088
SOBIECKA;2087
KOSAKOWSKA;2086
SABAT;2086
JARZĄB;2084
SZYSZKO;2084
KRUPSKI;2083
TOCZEK;2083
WALA;2082
KASZA;2079
GĘBALA;2078
GRALA;2078
PAWLUK;2078
PIEKUT;2078
PRZYTUŁA;2077
BALCER;2076
KRUPSKA;2075
GORZKOWSKI;2075
KOCIOŁEK;2075
GALANT;2074
DMOWSKA;2073
KOSECKA;2073
KRYSZTOFIAK;2073
LIPOWSKI;2073
SKOCZEŃ;2072
KUŚMIERZ;2071
WŁODARCZAK;2071
ŚWIDEREK;2067
BRZOSTEK;2066
BURAK;2066
PIETRUSZEWSKA;2065
KĄDZIOŁKA;2063
WIKTOROWICZ;2063
JOPEK;2062
PIETRUSZEWSKI;2062
RICHTER;2061
WEGNER;2060
MĄCZYŃSKA;2059
ŻÓŁTOWSKA;2059
BOLEK;2059
PIÓRO;2059
BYKOWSKA;2057
ŁĘCKA;2057
PRZYBOROWSKA;2057
GOŹDZIK;2056
PŁAZA;2055
SUDER;2055
ZARZECKA;2054
BUTKIEWICZ;2054
CHMIELOWIEC;2054
NOWIK;2053
CIECHANOWSKA;2052
KUŁAK;2052
KWAŚNA;2051
BARTOSZEWSKI;2051
STRUZIK;2051
MOCZULSKA;2049
KOTAS;2049
STRZYŻEWSKA;2047
PODOLAK;2047
STANIK;2047
PTASIŃSKI;2045
MALCZYK;2044
KRZYWICKI;2044
ŻYWICKI;2044
MATKOWSKA;2043
TAŃSKA;2043
PACHOLSKI;2043
STEFANIUK;2043
BATKO;2042
ŁĘCKI;2042
ŻABA;2042
PEPLIŃSKA;2041
IDZIAK;2041
MĄCZYŃSKI;2041
WOJTALA;2040
MNICH;2039
SHVETS;2038
DMOWSKI;2038
KALEMBA;2037
ŻÓŁTOWSKI;2037
CZEKALSKA;2036
JANCZEWSKA;2036
PUDŁO;2034
NIEWĘGŁOWSKI;2032
PACHOLSKA;2031
SADŁOWSKA;2031
FIJOŁEK;2030
WASIK;2029
MACHURA;2028
STAROSTA;2026
GŁÓD;2026
KOTWICA;2025
RUSIECKI;2023
KRYNICKA;2022
KOCIK;2021
CYBULA;2020
FRYC;2020
MISZCZUK;2020
TAŃSKI;2020
CZEKAŁA;2018
PYTLIK;2018
ORLIKOWSKA;2015
MICHNA;2015
DRĄŻEK;2014
LIPOWSKA;2013
GRZESZCZAK;2013
SKOCZEK;2013
SŁOMSKI;2012
WASZCZUK;2012
CZOPEK;2011
KRYNICKI;2011
PŁOTKA;2011
STARZYK;2010
JANCZEWSKI;2009
STAŚKIEWICZ;2009
KOSICKI;2008
GORZKOWSKA;2006
AUGUSTYNOWICZ;2006
KUBIŃSKA;2005
BARYŁA;2003
CHYŁA;2001
PAWELCZYK;2000
SZMIGIEL;2000
JEDLIŃSKI;1999
ORLIKOWSKI;1999
ZAWIERUCHA;1999
JAREK;1998
KRET;1996
TYCZYŃSKI;1996
REGULSKA;1995
CIEPLIŃSKI;1994
SZERSZEŃ;1994
KRZYWICKA;1992
ZWIERZYŃSKA;1992
ŁASKI;1991
TĘCZA;1991
FILIPKOWSKI;1990
JEDLIŃSKA;1989
ROKOSZ;1989
ZWIERZYŃSKI;1989
MIŁKOWSKI;1988
TARNAWSKA;1987
JAŃCZAK;1987
WIERZBA;1986
KARBOWNIK;1986
PABIAN;1986
CEGIELSKI;1985
BARTKIEWICZ;1984
DZIUBIŃSKI;1984
CZARKOWSKA;1982
BAJOREK;1981
SIWIK;1980
ZYŚK;1980
RAFALSKA;1978
GÓRNICKI;1978
LUBAŃSKA;1977
LIPA;1975
PAKULSKI;1975
MIGDAŁ;1973
ŁAGOWSKI;1972
JARZYŃSKI;1971
ŁAGOWSKA;1970
GRONOWSKA;1969
FURMANEK;1969
PTASZEK;1969
ŻYWICKA;1968
KMITA;1968
STRZYŻEWSKI;1968
LESIŃSKI;1967
WOŁOWIEC;1967
CEGIELSKA;1966
CHROSTOWSKI;1966
PRZYWARA;1966
WOLF;1965
GÓŹDŹ;1965
OBRĘBSKI;1965
SADŁO;1965
GRĄDZKI;1964
GRONOWSKI;1963
PASZKO;1962
SULIMA;1962
GODEK;1962
HAVRYLIUK;1961
GINTER;1961
CZERSKA;1959
PETRENKO;1959
FĄFARA;1959
KMIECIAK;1959
NIEWĘGŁOWSKA;1958
BARTOS;1958
GOŁAWSKI;1958
BRZOZA;1957
CHODOROWSKI;1955
GOLIK;1954
PAKULSKA;1953
TYCZYŃSKA;1953
MIELNICZUK;1953
KUKIEŁKA;1952
DANIELEWICZ;1951
MATUSZCZYK;1951
SZCZEPKOWSKI;1951
KORCZ;1950
KAPAŁA;1950
OLKOWSKA;1949
PAŁASZ;1949
CZARKOWSKI;1948
DOROSZ;1948
KRZYŻAK;1947
RUSIECKA;1945
HUK;1944
KOŁTUN;1944
REGULSKI;1944
RUSAK;1944
KARP;1943
RADZIK;1942
SOBECKI;1942
BRZEZICKI;1941
ŁOJEK;1940
LESIŃSKA;1939
SAKOWICZ;1939
FILIPKOWSKA;1938
MAGDZIARZ;1938
RAWSKA;1937
FRANCZYK;1937
KURZEJA;1937
GRĄDZKA;1936
SZABLEWSKA;1936
GRAJEWSKA;1935
KONIOR;1935
LISIAK;1935
ŚMIETANA;1935
JURA;1934
DZIUBIŃSKA;1933
NIEWIŃSKI;1933
POPOV;1933
ŻYGADŁO;1933
CHODOROWSKA;1932
DZIADOSZ;1932
ROMANOWICZ;1931
CZERSKI;1931
KIJEWSKI;1931
TALAGA;1931
BARSKA;1930
ZIÓŁEK;1930
GÓRNICKA;1929
GRZEGOREK;1929
LANGER;1929
KURPIEWSKI;1928
MALIŃSKI;1928
PERZ;1928
PROKOPOWICZ;1927
MALIŃSKA;1926
KUBIŃSKI;1926
SMAGA;1926
KIJEWSKA;1925
ZAŁUSKA;1925
KACZKOWSKA;1924
KULAK;1924
OLKOWSKI;1924
SZABLEWSKI;1923
JARZYŃSKA;1922
GRUBA;1920
SŁOMSKA;1919
OPAŁKA;1919
MIŁKOWSKA;1918
STOLAREK;1918
SZAŁKOWSKI;1918
WALTER;1917
ARCISZEWSKI;1917
DĘBEK;1917
SZCZECIŃSKI;1915
WALCZUK;1915
WOJTAL;1915
PTASIŃSKA;1913
KACZKOWSKI;1913
CHORNA;1912
MŁYŃSKI;1912
TARNAWSKI;1910
CIEPLIŃSKA;1909
GOŁAWSKA;1908
MAŁKIEWICZ;1908
RAWSKI;1905
SOBECKA;1904
CIUPA;1904
WIEWIÓRA;1904
CHROSTOWSKA;1903
PAŁYS;1902
GNIADEK;1901
MARSZAŁ;1901
GĘBSKI;1900
KUCZKOWSKI;1900
SKARŻYŃSKA;1899
KLYMENKO;1897
RUDA;1897
WALKOWSKI;1897
JĘDRZEJAK;1896
KOBIAŁKA;1896
BLICHARZ;1895
STYŚ;1895
PAVLENKO;1894
RAPACZ;1894
KOSICKA;1893
MAKOWIECKA;1893
BOROWA;1892
KWIDZIŃSKI;1892
WIĘCŁAW;1890
DOBEK;1890
LUBAŃSKI;1890
KRAWCZAK;1889
RAFALSKI;1889
KRASNODĘBSKA;1888
ŁUKASZUK;1888
MAKOWIECKI;1888
RYDZ;1888
SOKALSKA;1887
KOCOŃ;1887
KOCHAN;1886
WOŁEK;1885
LIBERA;1884
PALACZ;1884
ADAMOWSKI;1883
FIC;1882
CHMIELOWSKI;1881
CIURA;1881
DZWONKOWSKI;1881
NOGAJ;1881
SIEKIERSKI;1881
RADZIEJEWSKI;1880
SZCZECIŃSKA;1879
MIOTK;1878
JAŻDŻEWSKI;1877
DURKA;1876
MIŁOSZ;1876
MRÓWCZYŃSKI;1876
FOJCIK;1874
CHMIELOWSKA;1871
FIEDOROWICZ;1871
STROJNY;1871
JUSZKIEWICZ;1870
BIGOS;1870
SAWA;1870
ARCISZEWSKA;1869
BRZÓZKA;1869
KOLIŃSKI;1867
MARCZYŃSKI;1867
SARZYŃSKI;1867
STACHYRA;1867
WALKOWSKA;1866
ROGACKI;1865
SŁOMA;1864
DOLECKA;1863
JAMROZIK;1863
KONIECZKA;1863
KRASNODĘBSKI;1863
BŁOCH;1862
BORUTA;1862
CIECIERSKI;1862
SKARŻYŃSKI;1862
KUCZKOWSKA;1861
JELIŃSKI;1861
KROPIDŁOWSKI;1861
MŁYŃSKA;1860
WOJTKIEWICZ;1860
BRZEZICKA;1859
SZCZEPKOWSKA;1857
JAKUBEK;1857
TARCZYŃSKA;1856
MARCZYŃSKA;1855
GĘBKA;1855
KABAT;1855
STRÓŻYK;1855
KOLIŃSKA;1854
KUZMENKO;1854
NIEWIŃSKA;1854
KURDZIEL;1854
SIECZKA;1854
NAKONIECZNY;1852
DOLECKI;1851
WENTA;1850
WOCH;1850
JAWOREK;1849
BUJNOWSKI;1848
GAPIŃSKI;1848
GRAJEWSKI;1848
RADZIEJEWSKA;1847
MADEJA;1847
ŻUROWSKI;1847
MRÓWCZYŃSKA;1846
KARASIEWICZ;1846
PAŁCZYŃSKI;1846
ZANIEWSKI;1846
MAŚLAK;1845
ROSÓŁ;1845
KRYSIŃSKI;1844
MICHNIEWICZ;1844
SULEJ;1844
KRYSIŃSKA;1843
KURPIEWSKA;1843
STĘPIŃSKA;1843
BUCZAK;1841
PADUCH;1841
HAWRYLUK;1840
NIEDŹWIEDZKI;1840
ŚWIĘTEK;1840
DOMBROWSKA;1838
SIELSKA;1838
CIECIERSKA;1837
JANOTA;1837
ŻĄDŁO;1837
ŻUROWSKA;1836
ŚMIAŁEK;1835
DASZKIEWICZ;1834
JAROSZEWICZ;1834
ZANIEWSKA;1834
GALUS;1834
SIEKIERSKA;1833
KŁYS;1833
KOŹLIK;1833
BRYŚ;1832
ADAMOWSKA;1831
PAVLIUK;1830
RYCHTER;1830
SARZYŃSKA;1830
STARZEC;1830
KRYCZKA;1829
LATOS;1828
ZAMOJSKI;1828
WĄDOŁOWSKI;1826
KONARZEWSKA;1825
BŁAŻEJCZYK;1825
GROMADZKI;1825
GACA;1824
NIZIOŁ;1824
SKRZYNIARZ;1824
PALUSZKIEWICZ;1823
TKOCZ;1823
STĘPIŃSKI;1823
ŁUPIŃSKI;1822
SCHNEIDER;1820
RĘBISZ;1820
SZYMKIEWICZ;1820
KARCZMARCZYK;1819
WĄCHAŁA;1819
SKÓRKA;1818
WAŻNY;1818
GRZĘDA;1817
PASTUSZAK;1817
RAJEWSKA;1816
GUCWA;1816
PSZCZÓŁKOWSKI;1816
SIELSKI;1816
KLIMKOWSKI;1815
STRZAŁKA;1815
KRAUS;1813
GREŃ;1813
GĘBSKA;1812
SZAŁKOWSKA;1812
DOMBROWSKI;1812
ANTONOWICZ;1811
SZREDER;1811
JAŻDŻEWSKA;1810
PSZCZÓŁKOWSKA;1810
BISKUPSKA;1809
PACYNA;1809
WEISS;1808
KUMOR;1808
FOLTYN;1807
BACZEWSKI;1806
JANECZKO;1806
MURZYN;1806
WOJCIESZAK;1806
OCHOCKI;1805
PAROL;1805
GAŁEK;1803
GRZANKA;1803
FALKIEWICZ;1802
KAPŁON;1801
POMORSKI;1801
PRUSZYŃSKI;1801
ZAMOJSKA;1800
FRONTCZAK;1800
GUZY;1798
MICHTA;1798
RZESZUTEK;1797
KĘSKA;1796
IDZIK;1794
NIEDŹWIEDZKA;1793
MOŻDŻEŃ;1793
NAWARA;1793
RYGIELSKI;1793
KASPERCZYK;1792
JASZCZAK;1792
BISKUPSKI;1791
DUCH;1791
KASZUBOWSKI;1791
MIGAS;1791
SKÓRSKI;1791
CEGLAREK;1789
KIEDROWSKI;1789
OLSZOWY;1788
TYBURSKA;1787
RAJSKI;1787
KUPKA;1786
SKAWIŃSKA;1786
SOSZYŃSKA;1786
KULCZYŃSKA;1785
OCZKOWSKI;1784
TYBURSKI;1784
GROMADZKA;1783
PUDEŁKO;1783
BUJNOWSKA;1782
CIBOROWSKI;1782
ŻYŁKA;1782
KUBAT;1781
SOKALSKI;1781
TARCZYŃSKI;1781
OBRĘBSKA;1780
POMORSKA;1780
WALASZEK;1780
GAIK;1779
JAROSZEK;1779
SŁUPSKI;1779
JELIŃSKA;1778
WENCEL;1778
REK;1778
DRZYMAŁA;1777
KARDAS;1777
OCHOCKA;1776
RAJSKA;1776
MAZGAJ;1776
MUSIALIK;1773
SIEK;1773
ŁOPATA;1772
KOSTIUK;1771
DOMŻALSKI;1771
STEPANIUK;1770
KIJAK;1770
KUĆ;1770
KURZYŃSKI;1770
SOSZYŃSKI;1770
KWIDZIŃSKA;1769
DERDA;1769
SKAWIŃSKI;1769
BIZOŃ;1768
KULCZYŃSKI;1768
FIGURSKI;1767
WOŹNICZKA;1767
WALEWSKA;1766
WĄDOŁOWSKA;1766
BARSKI;1765
BAZAN;1764
PETROVA;1764
BUCKI;1764
MATUŁA;1764
ŁABĘDZKI;1763
GOŚCINIAK;1762
KONARZEWSKI;1761
DZWONKOWSKA;1759
GÓRAK;1759
KOVALOVA;1758
BARTYZEL;1757
CHABOWSKI;1757
PRZYBYŁOWSKA;1756
SOBIESKA;1756
BONK;1756
KROPIDŁOWSKA;1755
BAR;1755
KOTŁOWSKI;1755
CZARNOCKA;1754
LAZAR;1754
MATYS;1754
GAPIŃSKA;1753
KUSHNIR;1753
PAŁCZYŃSKA;1752
KOLANO;1752
ROGACKA;1751
CZARNIECKI;1751
CHABOWSKA;1750
GAŁKOWSKA;1750
KASZUBOWSKA;1750
PRUSZYŃSKA;1750
GALA;1750
PROKOPIUK;1749
SURMACZ;1749
ZIEMIŃSKI;1749
OCZKOWSKA;1747
BABICZ;1747
BĄCZYK;1744
BIEGUN;1743
GRADOWSKI;1743
DĄBROWA;1742
LIZAK;1742
RAJEWSKI;1742
RUTKA;1742
BAJ;1741
SITKOWSKI;1740
FIGURSKA;1739
MARCHLEWSKA;1739
ZIEMIŃSKA;1739
ŚMIGIEL;1739
WYKA;1739
LEHMANN;1737
PONOMARENKO;1737
KIEDROWSKA;1736
CZARNOCKI;1736
PRZYBYŁOWSKI;1736
WRZESZCZ;1736
KOTLIŃSKA;1735
SŁUPSKA;1735
DOLNY;1734
GAŁKOWSKI;1734
KUBIŚ;1734
RACZEK;1734
BAKALARZ;1733
BRZYSKI;1733
KACZOREK;1733
STANIEK;1733
JARZĘBSKA;1731
DYL;1731
BACZEWSKA;1729
MALINA;1729
SKÓRSKA;1729
WIĘCH;1729
GRUCHAŁA;1728
GRZYWA;1727
JARZĘBSKI;1727
MIKRUT;1727
HUMENIUK;1726
KLUCZYŃSKI;1726
OLSZÓWKA;1724
BUJALSKA;1723
CZARNIECKA;1722
SOLIŃSKA;1722
ŁUPIŃSKA;1721
PILECKA;1721
GARBOWSKI;1721
OKRÓJ;1721
SMOLAK;1720
NAKONIECZNA;1719
PAŹDZIOR;1717
SMOLARCZYK;1717
FABER;1716
KOCJAN;1716
PŁOŃSKI;1716
RYGIELSKA;1715
BYCZKOWSKI;1715
PALA;1715
DĘBIEC;1714
SOLIŃSKI;1714
KUBERA;1713
BUJALSKI;1712
MICHALCZUK;1712
DEMBOWSKA;1711
JAKUBOWICZ;1711
KARDASZ;1711
POTRYKUS;1711
SIDOROWICZ;1711
SZARY;1711
KOPAŃSKI;1710
ŁUNIEWSKI;1710
MARCHLEWSKI;1710
CURYŁO;1709
CIBOROWSKA;1707
MARCHUK;1707
ŚWIERCZEWSKA;1707
BANASZCZYK;1707
KLECHA;1707
SZYMONIAK;1707
ZACHARSKI;1707
ZACHARSKA;1706
PELCZAR;1706
DZIEKAN;1705
BRZYSKA;1704
DUDZIC;1704
ZAPART;1704
BŁASZKOWSKA;1703
KRAMARZ;1703
DEMBOWSKI;1703
NEJMAN;1703
RADOŃ;1703
KLIMKOWSKA;1700
KLUCZYŃSKA;1700
JAROMIN;1699
KONEFAŁ;1699
KOTLIŃSKI;1699
KOTULA;1699
GRĘDA;1698
DOMŻALSKA;1697
RADWAN;1697
BACH;1697
RÓŻALSKI;1697
GARBOWSKA;1696
WAJS;1695
BERGER;1694
BYCZKOWSKA;1694
HOPPE;1694
DZIEWULSKI;1694
KURZYŃSKA;1693
POWROŹNIK;1693
GABOR;1692
GRODZICKI;1692
POTOCZNY;1691
SITKOWSKA;1690
KALATA;1690
STAŃKO;1689
STYCZEŃ;1689
BŁASZKOWSKI;1687
STRĄCZEK;1687
SZABŁOWSKI;1687
VOLOSHYN;1687
GRZYWNA;1686
BRZOSTOWSKI;1685
SOBIESKI;1685
ANDRZEJCZYK;1684
PYTLAK;1684
GARCZYŃSKA;1683
MROŻEK;1683
GŁĘBOCKI;1682
SIERAKOWSKI;1681
WIERCIŃSKI;1681
GRODZICKA;1680
ZABORSKA;1679
GARCZYŃSKI;1679
DERA;1677
DZIADEK;1677
KEMPIŃSKI;1677
NICPOŃ;1677
REKOWSKI;1677
BRODZIŃSKA;1675
FUCHS;1675
DANIELAK;1675
PRZYGODZKI;1674
SZYSZKOWSKA;1673
PRZYGODZKA;1672
BRODZIAK;1671
JADCZAK;1671
LEVCHENKO;1670
REKOWSKA;1670
KOWOL;1670
MACIOŁEK;1670
PIECZONKA;1670
TRZASKOWSKI;1669
BRODZIŃSKI;1667
SULIKOWSKI;1667
GARSTKA;1666
RÓŻALSKA;1666
DOBKOWSKI;1666
GOS;1666
KLEPACZ;1666
KURAS;1664
MAĆKIEWICZ;1664
STOPKA;1664
DANKOWSKI;1663
RYNKOWSKI;1663
CZARNA;1661
DZIEWULSKA;1661
KEMPIŃSKA;1661
VASYLENKO;1661
RYCZEK;1661
BUCHTA;1660
GARUS;1660
ŁOJEWSKI;1660
WAŚKO;1660
GRADOWSKA;1659
LENKIEWICZ;1658
BUDZIK;1658
MATECKI;1655
ZABORSKI;1655
JAROŃ;1654
KOPAŃSKA;1654
KOSSOWSKA;1654
CHORĄŻY;1654
GURGUL;1654
STRUGAŁA;1654
SZYSZKOWSKI;1654
ŻAKOWSKA;1653
SNOPEK;1653
ŚWIERCZEWSKI;1653
WISZOWATY;1653
KUCIA;1652
TALAREK;1651
ŻABICKI;1651
KAROLEWSKA;1650
SZABŁOWSKA;1650
PILECKI;1650
POLIT;1649
ŁABĘDZKA;1648
BRZOSTOWSKA;1646
ŻABICKA;1646
ŁUSZCZYŃSKI;1644
MARCISZ;1644
ŻAKOWSKI;1644
GAWOR;1643
TRZASKOWSKA;1642
BERNAŚ;1642
CEGIEŁKA;1642
TOMCZUK;1642
KRAWCZUK;1640
MATYSIK;1640
RYNKOWSKA;1640
WALEWSKI;1640
ŚWIERK;1639
WIELICZKO;1638
RUSZCZYK;1638
KWIETNIEWSKA;1636
NIEWIAROWSKI;1636
SIWY;1636
KOBYLARZ;1635
MAZUROWSKI;1635
SULIKOWSKA;1633
LEBIODA;1633
STANIAK;1633
ILNICKA;1632
GRZESZCZUK;1632
KOSIBA;1632
STANISZ;1632
ŁOJEWSKA;1631
NIEWIAROWSKA;1631
WIERCIŃSKA;1631
BERLIŃSKI;1631
GACH;1631
SOBOTKA;1630
DURA;1629
KORDEK;1629
ANTOSZ;1628
MRZYGŁÓD;1628
CEDRO;1627
KAROLEWSKI;1627
MASTERNAK;1627
ILNICKI;1626
ŚLUSARZ;1626
MAZUROWSKA;1625
BALCEREK;1625
KONKEL;1625
KOŃCZAK;1625
KRYSA;1625
RAJCA;1625
SZLACHETKA;1625
IZYDORCZYK;1624
TATARA;1624
SZULIK;1623
GŁĘBOCKA;1622
KORUS;1622
PŁOŃSKA;1622
TURKIEWICZ;1622
DANOWSKI;1622
SZYDLIK;1622
BOJKO;1621
BINIEK;1621
DWORAKOWSKI;1621
BUCKA;1620
RUSZKIEWICZ;1620
ZIĘTARA;1620
STASIŃSKI;1619
SULEWSKI;1619
KOTŁOWSKA;1617
MEYER;1616
SIERAKOWSKA;1616
DWORAKOWSKA;1615
IGNATOWICZ;1614
FOKS;1613
STACHERA;1613
PUŁAWSKA;1611
KUKULSKI;1611
PYZIK;1611
ŻUR;1610
KRAVETS;1609
SITARSKA;1609
BURCZYK;1608
LANGOWSKI;1608
KELLER;1607
PISARCZYK;1607
DANKOWSKA;1606
MATECKA;1606
SZCZEPANOWSKA;1606
JAGODA;1606
DEMSKA;1605
MALESA;1605
ROLKA;1605
ZUBRZYCKI;1605
KŁOSEK;1604
MIZERSKI;1604
SUCHY;1604
ŁUNIEWSKA;1603
KUSY;1603
OWCZARZAK;1603
PĘKAŁA;1603
KOPERA;1602
KWIETNIEWSKI;1602
GORCZYŃSKI;1601
KARPIUK;1600
KONDRATIUK;1599
LANGOWSKA;1599
WIECZORKOWSKA;1599
GRZESZCZYK;1599
ROMANEK;1598
SERWATKA;1598
KONDRACIUK;1597
KŁUSEK;1597
KRUPKA;1597
WILKOSZ;1597
MIKOS;1596
SZCZEPANOWSKI;1596
BŁACH;1595
STASIŃSKA;1594
BEREZA;1593
KWIEK;1593
RASZEWSKA;1592
ZHUK;1592
DŁUGOŁĘCKI;1592
ŚWIĘCH;1592
WALISZEWSKI;1591
KUKULSKA;1590
ŁUCKA;1589
PIEC;1588
TREDER;1588
PIECZYŃSKA;1587
DROZDEK;1587
KUŹNICKI;1587
DUNAJ;1585
GRYZ;1585
MATRAS;1585
STOLARZ;1585
BRAUN;1584
DANOWSKA;1584
KULYK;1584
JAŁOCHA;1584
SZALA;1584
ŁUSZCZYŃSKA;1583
WIETESKA;1583
ŁĘGOWSKI;1582
MIERZWIŃSKI;1582
SIEWIERSKI;1582
BARCZYŃSKI;1581
DEMSKI;1581
PIĘKOŚ;1581
STYCZYŃSKI;1581
SALWA;1580
KOSMOWSKA;1579
CIERNIAK;1579
KUŚMIEREK;1579
MICHOŃ;1579
PASIK;1579
GONERA;1578
SIEWIERSKA;1577
SKOREK;1577
ANTOS;1577
PUŁAWSKI;1577
SKORUPKA;1577
BERLIŃSKA;1576
FURMAŃSKI;1576
PIECHOWICZ;1576
POMYKAŁA;1576
SŁONINA;1575
JUCHA;1574
PIKUL;1574
WIECZORKOWSKI;1574
NIEWCZAS;1573
OLĘDZKA;1572
SYDORENKO;1572
OPALA;1572
PALIŃSKI;1572
JANIA;1571
SITARSKI;1571
KRĘŻEL;1570
DŁUGOŁĘCKA;1569
DOŁĘGA;1569
MAZURCZAK;1569
MRUGAŁA;1569
STYCZYŃSKA;1568
LANDOWSKI;1568
BYCZEK;1567
KOSMOWSKI;1567
MARUSZAK;1567
PIETROWSKI;1567
RATYŃSKI;1567
TCHÓRZEWSKI;1567
DOLNA;1566
KHARCHENKO;1566
KAROLCZAK;1566
GORCZYŃSKA;1565
KOŚCIELNA;1565
TOMASZEWICZ;1565
GILEWSKI;1565
GŁAZ;1565
LUBECKI;1565
BARWIŃSKI;1564
RASZEWSKI;1564
BLACHA;1563
KIJOWSKI;1563
ROSIK;1562
GOSZCZYŃSKA;1561
KUŹNICKA;1561
NAWRAT;1561
ANTONIEWICZ;1561
BUDEK;1560
BIEDA;1559
BOROWCZYK;1559
ŁAPA;1559
KOSZYK;1558
ROZBICKI;1558
SZUSTAK;1558
KARPENKO;1557
PAWELSKA;1557
ORZOŁ;1557
PIECZYŃSKI;1557
RZĄSA;1557
PETRYKOWSKA;1556
WALISZEWSKA;1555
DRAPAŁA;1555
SKRODZKI;1555
JAWOR;1554
SIECZKOWSKI;1554
WOJEWÓDZKA;1553
MACIEJAK;1553
LUBECKA;1552
STAWIŃSKA;1552
WOŹNIAKOWSKA;1552
OLĘDZKI;1552
SAMEK;1552
HYLA;1551
PIECHACZEK;1551
PYTKA;1550
PAWLUCZUK;1549
TOMASIAK;1549
PYREK;1548
SKONECZNY;1548
KIJOWSKA;1547
VOLKOVA;1547
BIEŃKO;1547
DOBKOWSKA;1546
MIERZWIŃSKA;1546
CIACH;1546
MIRECKI;1545
GROCHAL;1544
REGUŁA;1544
TYC;1544
PIETROWSKA;1543
KOLENDA;1543
PAŃCZYK;1543
KURAŚ;1542
STRĄK;1542
BARCZYŃSKA;1541
MIRECKA;1540
SIECZKOWSKA;1540
TCHÓRZEWSKA;1539
FRĄSZCZAK;1539
PIONTEK;1538
SULEWSKA;1538
PATEREK;1538
MĘDREK;1537
PALIŃSKA;1537
ZUBRZYCKA;1537
CENDROWSKI;1537
KULIŚ;1537
RATYŃSKA;1536
BOBOWSKI;1536
GŁÓWKA;1536
PAUL;1536
CIOK;1535
KRYSTEK;1535
MAGDZIAK;1535
MENDEL;1535
ADACH;1534
MACIEJOWSKI;1534
SYREK;1534
MIZERSKA;1533
OWCZARCZYK;1533
SOBIK;1532
LEŚNIK;1532
DYBAŁA;1531
KURKIEWICZ;1531
PAWELSKI;1531
JUNG;1529
GOC;1529
BASIAK;1528
POPOWSKA;1528
KNAPCZYK;1528
WAWRO;1528
MACIEJOWSKA;1527
PAPIERNIK;1527
KLIM;1526
BŁACHUT;1526
MIKOŁAJCZUK;1526
CHRAPEK;1525
FARON;1525
PETRYKOWSKI;1525
LYTVYNENKO;1524
STASZKIEWICZ;1524
SZYPUŁA;1524
KACZANOWSKA;1523
MAKSYMOWICZ;1522
PODBIELSKI;1522
GACKOWSKA;1521
OLIWA;1521
RAŚ;1521
ROZBICKA;1520
ROGÓŻ;1519
SZATAN;1519
BOBOWSKA;1518
BARANEK;1518
KRASUCKI;1518
CHOŁUJ;1517
GOMÓŁKA;1517
KUCA;1517
KUKUŁKA;1517
GUBAŁA;1516
FURMAŃSKA;1514
GILEWSKA;1514
KACZANOWSKI;1514
LITWIŃSKI;1514
KOTLARZ;1513
OTTO;1512
DULĘBA;1512
NITKA;1512
PAPIEŻ;1512
WADOWSKA;1511
GOSZCZYŃSKI;1511
KOSIK;1511
PALCZEWSKI;1511
PETROV;1511
POPOWSKI;1511
SULIGA;1511
WADOWSKI;1510
KWOLEK;1509
MAMEDOV;1508
MARECKI;1508
MAGDA;1506
GACKOWSKI;1506
SZABAT;1506
STĘPKOWSKI;1505
GAŁCZYŃSKI;1504
MURAS;1503
PISULA;1503
ZYSKOWSKI;1503
BARANIAK;1502
BODZIONY;1502
POBŁOCKI;1502
WODZIŃSKI;1502
ŻELAZKO;1502
STROJNA;1501
STAWIŃSKI;1501
KOSSOWSKI;1500
KOŻUCHOWSKI;1500
CWYNAR;1499
BAL;1499
CEBULSKI;1499
OŁDAK;1499
BŁASZAK;1498
NAJDA;1498
STAŃCZUK;1498
STELMASZCZYK;1498
KONOPACKI;1497
WODZIŃSKA;1496
MISIURA;1496
PSZCZOŁA;1496
RYCHLEWSKI;1496
PĘDZIWIATR;1495
MIEDZIŃSKA;1494
PIJANOWSKI;1494
WOŹNIAKOWSKI;1494
MARTYNIAK;1492
FORMELLA;1492
PĄCZEK;1492
UMIŃSKA;1491
KOTARBA;1491
SKRODZKA;1490
KLIMA;1490
CENDROWSKA;1489
PIJANOWSKA;1488
DUMA;1488
KIEŁTYKA;1488
GRODECKA;1487
LANDOWSKA;1487
GRAJEK;1487
KACHEL;1487
ŁABUZ;1487
GLISZCZYŃSKA;1486
KOCHANEK;1486
GUMIŃSKI;1486
TATAR;1486
GALICKI;1485
SURÓWKA;1485
BANIA;1484
PIECHNIK;1484
POLIŃSKI;1484
KUBIS;1483
LEE;1483
NAZARUK;1482
GANCARCZYK;1481
BARWIŃSKA;1480
KOCZOROWSKA;1480
LITWIŃSKA;1480
BIELEC;1480
MARUT;1480
MICHNO;1480
STEĆ;1480
ŚNIEŻEK;1480
BUŁA;1479
GOZDEK;1479
ŚWIĄDER;1479
FIAŁKOWSKI;1478
KULAWIK;1478
WOJEWÓDZKI;1478
BIEDROŃ;1477
FURMANIAK;1476
PIETRYKA;1476
PANCHENKO;1475
PODLEWSKA;1475
CZACHOR;1475
TWARÓG;1475
JANCZYK;1474
KIEŁB;1474
KONOPKO;1474
MOLSKI;1474
ŚLUSARSKI;1474
MOLSKA;1473
MIEDZIŃSKI;1473
PIETRASZEWSKI;1473
SZKLARSKI;1473
ŚWIĘTOCHOWSKA;1472
GLISZCZYŃSKI;1472
KIELAK;1472
HOFFMAN;1471
KONDRATOWICZ;1471
STĘPKOWSKA;1471
KRUCZKOWSKI;1471
WRZESIEŃ;1471
TKACH;1470
LICHOTA;1470
KOŻUCHOWSKA;1469
SŁOTWIŃSKA;1469
UMIŃSKI;1469
CWALINA;1468
GAŁCZYŃSKA;1467
SZCZEPANKIEWICZ;1467
ŁĘGOWSKA;1466
SZCZERBIŃSKA;1466
WAŚNIEWSKA;1466
ŁAZARSKI;1466
ŚLUSARSKA;1465
LUTY;1465
SZUSTER;1465
DUTKOWSKI;1464
KIEŁCZEWSKI;1464
SŁOTWIŃSKI;1464
WITOWSKA;1463
RYCHLICKI;1463
WODZYŃSKI;1463
PIETRASZEWSKA;1462
POLIŃSKA;1462
BRONISZEWSKI;1462
FUDALI;1462
KONDRAT;1462
WALICZEK;1461
URBANOWSKA;1460
KATA;1460
REMISZEWSKI;1460
MAŁYSZ;1459
KOWOLIK;1458
SZCZYPIŃSKA;1458
KOZIARSKI;1458
MIGACZ;1458
CEBULSKA;1457
KLUBA;1457
SZCZERBIŃSKI;1457
GUGAŁA;1456
GACKA;1455
KRAMARCZYK;1455
KORONA;1455
REJMAN;1454
MARUSZEWSKI;1454
ŻELAZOWSKI;1454
KURCZEWSKA;1453
BALA;1453
DUTKOWSKA;1452
PODBIELSKA;1452
RYCHLICKA;1452
ŁĄTKA;1452
PODLEWSKI;1452
ŚWIĘTOCHOWSKI;1452
CZERWIEC;1451
WAŚNIEWSKI;1451
WIERZBIŃSKI;1451
OLSZAŃSKA;1450
CIEPŁY;1450
GRODECKI;1450
SZCZUR;1450
ZYSKOWSKA;1449
TURZYŃSKI;1449
GŁOWIŃSKA;1448
CIELECKI;1448
KAPELA;1448
FISCHER;1447
SZCZYPIŃSKI;1447
JUCHNIEWICZ;1446
HERNIK;1446
ŁYKO;1446
NIEMYJSKI;1446
ZARYCHTA;1446
BULIŃSKI;1445
DUCHNOWSKI;1445
WESOŁEK;1445
DZIKI;1444
GŁOWIŃSKI;1444
OGORZAŁEK;1444
WYSZOMIRSKI;1444
KONOPACKA;1443
BABULA;1443
BALCERAK;1443
BRODZIK;1443
DYLĄG;1442
GALICKA;1442
SKOLIMOWSKA;1442
POPOWICZ;1442
WÓJCIKOWSKI;1442
BIS;1441
NITA;1441
PALCZEWSKA;1440
ŻELAZOWSKA;1440
NIEDZIAŁEK;1440
CHAŁUPKA;1439
MATEJKO;1439
OCIEPA;1439
KULCZYK;1438
BAJDA;1437
BARCIKOWSKI;1437
BUKAŁA;1437
SZURA;1437
CZUPRYŃSKI;1436
JAKÓBCZYK;1436
KOCZOROWSKI;1436
KURA;1436
TOMKIEWICZ;1435
KUBICZ;1434
ŁUSZCZ;1434
OBRZUT;1434
PEREK;1433
PRZEPIÓRA;1433
PYRA;1433
KRUCZKOWSKA;1432
WODZYŃSKA;1432
WĘSIERSKI;1432
BANASIEWICZ;1431
WIECZORKIEWICZ;1431
ROSIEK;1431
GRENDA;1430
KULETA;1430
MIROSŁAW;1430
BULIŃSKA;1429
JAŚKOWIAK;1429
KIEŁCZEWSKA;1429
FIUK;1429
PIETRASZKO;1429
PARYS;1428
GABRYSIAK;1428
WĄTOR;1428
REMISZEWSKA;1427
LENARCZYK;1427
RAJKOWSKI;1427
GRACA;1426
IWANIEC;1425
SZMYD;1425
KOZIARSKA;1424
PRZEPIÓRKA;1424
ZDEB;1424
DIACHENKO;1423
WOLNIEWICZ;1423
DRĘŻEK;1423
LECHOWSKI;1423
PUK;1423
WIERCIOCH;1423
BAUER;1422
KOHUT;1422
TARGOŃSKA;1422
CELMER;1422
BOSAK;1421
JĘDRASIK;1421
KRASUCKA;1420
OLSZAŃSKI;1420
SKONECZNA;1419
CHOMA;1419
KOPIŃSKI;1419
ORACZ;1419
RYKOWSKI;1419
SZKLARSKA;1418
BIJAK;1418
CHORNYI;1418
MARUSZEWSKA;1417
TURZYŃSKA;1417
VOLOSHYNA;1417
DWORNIK;1417
KŁODA;1416
MISZEWSKI;1416
POKRYWKA;1416
TARGOŃSKI;1416
WNOROWSKI;1416
DANIELEWSKA;1415
WYSZOMIRSKA;1415
JACEK;1415
ŁYSAKOWSKI;1415
STANOWSKI;1415
ŚMIECH;1415
WITOWSKI;1415
FIAŁKOWSKA;1414
IWANEK;1414
MARECKA;1414
GOLAŃSKI;1413
GWIŻDŻ;1413
RYCHLEWSKA;1412
FILIPIUK;1412
SZYMANKIEWICZ;1410
BLICHARSKI;1410
DANIELEWSKI;1410
SKOLIMOWSKI;1410
STROJEK;1409
WIERZBIŃSKA;1409
KUCZEK;1409
DYBA;1408
MIRGA;1408
STANOWSKA;1407
PĘCAK;1407
CICHOŃSKA;1406
RYTEL;1406
RUS;1406
NAGÓRSKI;1404
CIELECKA;1403
LECHOWSKA;1403
PAPIS;1403
URBANOWSKI;1403
ZIMNICKI;1403
ZIMOCH;1403
KSIĄŻKIEWICZ;1402
LISICKA;1401
KORZEŃ;1400
GUMIŃSKA;1399
KOPIŃSKA;1399
BELKA;1399
GAC;1399
KALKOWSKI;1399
PRUSINOWSKI;1399
ZABROCKI;1399
MIKOŁAJEK;1398
RICHERT;1398
WIATER;1398
WICHROWSKI;1398
BORUCH;1397
KLUZ;1397
SIUTA;1397
NIEDZIÓŁKA;1396
WOJCIESZEK;1396
POBŁOCKA;1395
WICHROWSKA;1395
DUBICKI;1395
KOZUBEK;1395
BILOUS;1394
KAMINSKA;1394
KHOMENKO;1394
ZIMNICKA;1394
KURYŁO;1394
WOJTYŁA;1394
MAŃCZAK;1393
RYGIEL;1393
TWAROWSKI;1393
RADOSZ;1392
SYSKA;1392
KRZYŻAŃSKI;1392
DEMBSKA;1391
ŁAZARSKA;1391
WÓJCIKOWSKA;1391
ŻYLIŃSKA;1391
HALICKI;1391
MAROSZEK;1390
SEREDA;1390
SZUKALSKI;1390
KUŹNIAK;1389
MOSKAŁA;1388
PRZEWOŹNY;1388
WICIŃSKI;1388
BRONISZEWSKA;1387
KRAS;1387
NOCUŃ;1387
SZANIAWSKI;1387
ŻYLIŃSKI;1387
JASTRZĄB;1385
OPARA;1385
KRZYŻAŃSKA;1384
KUBICZEK;1384
BAKUŁA;1384
BOBEK;1384
DEMBSKI;1384
NOVIKOVA;1383
DWOJAK;1383
PODLEŚNY;1383
ANTONIK;1382
PARUZEL;1382
PRZYBYŁOWICZ;1382
ZABROCKA;1381
STASZCZYK;1381
CICHOŃSKI;1380
LISICKI;1380
SZANIAWSKA;1379
KURCZEWSKI;1379
WADAS;1379
ZIOŁO;1378
LIGOCKI;1377
PIECZKA;1377
HETMAN;1376
CHOMICZ;1376
GIERA;1376
MŁYNEK;1376
OŻGA;1376
KRZYSZTOŃ;1375
LUDWIKOWSKA;1375
MACIASZCZYK;1375
OLSZOWSKI;1375
BRANDT;1374
FILIPCZYK;1374
NAGÓRSKA;1374
TURCZYN;1374
ZACZEK;1374
RADTKE;1373
ŻARSKI;1373
ŁYSAKOWSKA;1372
PIĘTAK;1372
TOMANEK;1372
HOŁDA;1372
SZCZYPKA;1371
OLEKSIUK;1370
GAŁA;1370
PRUSKI;1370
BLICHARSKA;1369
BIESIADA;1369
MAJKUT;1369
WOJAS;1368
MACHAŁA;1368
SIEMIĄTKOWSKI;1368
MISZEWSKA;1367
BIAŁOŃ;1367
SIERPIŃSKI;1367
SMOŁA;1367
TOBOŁA;1367
DUBICKA;1366
KAROŃ;1366
KOSMALSKA;1366
ŻOŁĄDEK;1366
MARYNIAK;1365
KABAŁA;1365
BARCIKOWSKA;1364
STOKOWSKA;1364
JESIONOWSKI;1364
SIUDAK;1364
MALANOWSKA;1363
ŁOPATKA;1363
RAJKOWSKA;1362
JĘDRYCH;1362
KOŚCIUK;1362
LENARD;1362
BEREZOWSKA;1361
BUDZISZ;1361
CHMIELIŃSKA;1361
HALICKA;1361
SZKLARZ;1361
LIGOCKA;1360
RYKOWSKA;1360
MIECZNIKOWSKI;1360
WĘGLIŃSKI;1360
KOZIARA;1359
SUMIŃSKI;1359
NASIŁOWSKA;1358
VOVK;1358
BOBIŃSKI;1358
MISZCZYK;1358
PINDEL;1358
SKIBICKI;1358
MIECZNIKOWSKA;1357
DUCHNOWSKA;1356
IDCZAK;1356
JUDA;1356
OLSZOWSKA;1355
WAWRZYŃCZAK;1355
KOLESNYK;1354
WOLNIAK;1354
TUCHOLSKA;1353
LUDWIKOWSKI;1353
ŚWIĘCKA;1352
WISZOWATA;1352
KOSMALSKI;1352
TUCHOLSKI;1352
MAJERSKA;1351
KARLIŃSKI;1351
RESZCZYŃSKA;1350
ROMANENKO;1350
SIENICKA;1350
MAŁYSA;1350
MORDARSKI;1350
MOCARSKI;1349
DANYLIUK;1348
CIEŚLEWICZ;1348
SCHAB;1348
SIEJKA;1348
KRZYŻOWSKA;1347
BARGIEŁ;1347
CHODKOWSKI;1347
SZYDEŁKO;1347
WYRWA;1347
KOŚCIŃSKA;1346
SUCHANEK;1346
ZAWORSKA;1346
MICHALUK;1346
PRUSKA;1345
ŁYSOŃ;1345
MATYJASZCZYK;1345
MROCZKA;1345
SULKOWSKI;1345
SIENICKI;1344
WOSZCZYK;1344
KUBERSKA;1343
PACHOLCZYK;1343
YURCHENKO;1343
KOBYŁECKI;1343
INGLOT;1342
CHŁOPEK;1341
JANDA;1340
SIERPIŃSKA;1340
SKŁODOWSKI;1339
BODZIOCH;1338
MENTEL;1338
GOLAŃSKA;1337
TWAROWSKA;1337
STALMACH;1337
WALUŚ;1337
CHMIELIŃSKI;1336
WNOROWSKA;1335
GŁAŻEWSKI;1335
HINZ;1335
KOŚCIŃSKI;1335
MOCEK;1335
BUCIOR;1334
HARASIM;1334
KOKOCIŃSKI;1334
RUSNAK;1334
MAJOR;1333
NIEMYJSKA;1333
WITT;1333
NASIŁOWSKI;1333
POŁOMSKI;1333
SIEMIĄTKOWSKA;1332
TURKOWSKA;1332
BURDZY;1332
WARZOCHA;1332
ŚWIETLIK;1331
BIAŁOBRZESKI;1331
GRZECHNIK;1331
KOSTENKO;1330
SKŁODOWSKA;1330
WICIŃSKA;1330
DANEK;1330
ŁABUDA;1330
ROBAKOWSKI;1330
BABIK;1329
PIECYK;1329
WARSZAWSKI;1329
ZAWORSKI;1329
MALANOWSKI;1328
MÓL;1328
WODECKA;1326
RESZCZYŃSKI;1326
BIAŁOBRZESKA;1325
MACIOSZEK;1325
TYRAŁA;1325
FRONCZAK;1324
KOCIŃSKI;1324
BYRSKI;1323
PRUSIK;1323
DALECKI;1322
KUCHAREK;1322
PAMUŁA;1322
PIERÓG;1322
BOCHNIAK;1321
KOCIŃSKA;1321
SZUKALSKA;1321
BORSUK;1321
OCIEPKA;1321
PERLIŃSKA;1320
CHEŁSTOWSKI;1320
STOCKI;1320
FABIAN;1319
KĘPCZYŃSKI;1319
WOSIK;1319
WĘGLIŃSKA;1318
ŚWIĘCKI;1318
MAJERSKI;1317
TURKOWSKI;1317
FELCZAK;1316
POŁOMSKA;1316
WAŻNA;1316
CISŁO;1316
PABICH;1316
ZIĘCINA;1316
KASZTELAN;1315
FATYGA;1315
LEDWOŃ;1315
ŁAZARZ;1315
RASIŃSKI;1315
SZKUTNIK;1314
DETTLAFF;1314
GAWRYSIAK;1314
CHROBOT;1313
DEMBEK;1313
GIBAŁA;1313
KOSTYRA;1313
KOZIELSKI;1313
SOBIESZEK;1313
STENKA;1313
BROL;1312
SKIBICKA;1312
SZOPIŃSKA;1312
KRZYŻOWSKI;1312
ŁATKA;1312
KOMINEK;1311
MROWIŃSKA;1311
KARASEK;1311
KOBIERSKI;1311
WINIECKI;1311
BLOK;1310
GOMUŁKA;1310
KARKOSZKA;1310
PAŚ;1310
ŁĄCZYŃSKA;1309
GRZELKA;1309
IWIŃSKI;1309
KARLIŃSKA;1308
CHWASTEK;1308
GŁODOWSKI;1308
GĄSOWSKA;1307
KRAŚNIEWSKI;1307
MROWIŃSKI;1307
TUR;1307
ŻARNOWSKI;1307
SOKOLOVA;1306
CHODKOWSKA;1305
CZUPRYŃSKA;1305
DYMOWSKI;1305
KUBERSKI;1305
SZOŁTYSEK;1305
PAVLOVA;1304
MALEK;1304
SIEMASZKO;1304
STOPYRA;1304
SZPUNAR;1304
DEMCZUK;1303
KOSZAŁKA;1303
PLUSKOTA;1303
SMÓŁKA;1303
SOBÓL;1303
GÓROWSKA;1302
LELEK;1302
GÓROWSKI;1302
URBAŚ;1302
WODECKI;1302
NURZYŃSKA;1301
CHMIELARZ;1301
PŁOSZAJ;1301
PRUSINOWSKA;1300
HRYNIEWICZ;1300
NURZYŃSKI;1300
SZOPIŃSKI;1300
ZARZECZNY;1300
CYMERMAN;1299
BYRSKA;1298
NAPIERALSKA;1298
WINIECKA;1298
DRYJA;1298
SZEREMETA;1298
ŚMIECHOWSKI;1298
KOCISZEWSKA;1297
GRZYWACZEWSKI;1297
JAŚKOWSKI;1297
MENCEL;1296
OTRĘBA;1296
PLACEK;1296
SOLARSKI;1296
RASIŃSKA;1295
KOŚCIÓŁEK;1295
BOBIŃSKA;1294
GROSZEK;1294
LEMAŃCZYK;1293
RZECZKOWSKI;1293
CESARZ;1292
KONECKA;1292
SUMIŃSKA;1292
GĄSOWSKI;1292
KURASZ;1292
POL;1292
SKRZYPKOWSKI;1292
KRYCH;1291
WĘSIERSKA;1291
GŁAŻEWSKA;1290
JATCZAK;1290
KOBIERSKA;1290
PRYKHODKO;1290
STOCKA;1290
DZIEKOŃSKI;1290
JUSKOWIAK;1290
ZDZIARSKI;1290
ŁĄCZYŃSKI;1289
SULKOWSKA;1288
ŻARNOWSKA;1288
KOBYŁECKA;1287
NAZARENKO;1287
WACŁAWEK;1287
GADZIŃSKI;1287
GROSS;1287
TORBA;1287
GWIAZDOWSKA;1286
SOLARSKA;1286
WARSZAWSKA;1286
ZIENTEK;1286
ŁĘCZYCKI;1286
RUDY;1286
TUTAK;1286
WAŁACH;1286
GDULA;1285
GIZIŃSKI;1285
KANIECKI;1285
KONECKI;1285
HOMA;1284
POPOVYCH;1284
ŻARSKA;1284
BOBAK;1284
GUMIENNY;1284
KOSZELA;1284
NAPIERALSKI;1284
SKUBISZ;1284
STOKOWSKI;1284
GORZELAK;1283
PAC;1283
KOKOCIŃSKA;1282
PRZĄDKA;1282
GOLBA;1281
KULAWIAK;1281
LATOCHA;1281
ADAMIK;1280
BRONOWICKA;1280
FEDOROVA;1280
KRAŚNIEWSKA;1280
KUDZIA;1280
KOLCZYŃSKA;1279
PRZEWOŹNA;1279
KOŹBIAŁ;1279
PESTKA;1279
RYMARCZYK;1279
ZAJDA;1279
KALKOWSKA;1278
KORNAŚ;1278
KĘPCZYŃSKA;1277
KOZIOŁEK;1277
LEGIERSKI;1277
OGRODOWCZYK;1277
ANTOLAK;1276
BOICHUK;1275
BARABASZ;1275
JESIONEK;1275
ORDON;1275
FRANK;1274
MOCARSKA;1274
OLBRYŚ;1274
WALCZYŃSKI;1274
ABRAM;1273
KOLCZYŃSKI;1273
KUTYŁA;1273
SOBEK;1273
CUBER;1272
GRONEK;1272
BINEK;1272
CAPUTA;1272
MECH;1272
MIELNICZEK;1272
SKRZYPCZYŃSKI;1272
SOLAK;1272
STOJEK;1272
SZYCHOWSKA;1271
GAWLAK;1271
TROJAK;1271
ZUB;1271
JESIONOWSKA;1270
KRZEWIŃSKA;1270
RZECZKOWSKA;1270
WYBRANIEC;1270
GWIAZDOWSKI;1270
NIECKARZ;1270
PODSIADŁA;1269
BRONOWICKI;1269
KOŚCIELSKI;1269
WŁODEK;1269
BRZEZINA;1268
IGNACIUK;1268
JANOSZ;1268
LUBAS;1268
SZYCHOWSKI;1268
ROBAKOWSKA;1267
SKRZYPCZYŃSKA;1267
KOCISZEWSKI;1267
MANIKOWSKI;1267
SICZEK;1267
KOZIELSKA;1266
SZYMIK;1266
BEREZOWSKI;1266
KOMENDA;1266
WALCZYŃSKA;1265
BANDURA;1264
KOVALOV;1264
PERZANOWSKI;1264
JAŹWIŃSKA;1263
ŚMIECHOWSKA;1263
BUĆKO;1263
KAMOLA;1263
MIESZKOWSKI;1263
ORCZYK;1263
KOŚCIELSKA;1262
ŁĘCZYCKA;1262
SANKOWSKA;1262
POPRAWA;1262
BASTA;1261
DATA;1261
KOŁECKI;1261
KOPACZEWSKI;1261
KRZEWIŃSKI;1261
MIESZKOWSKA;1260
DUDKOWSKI;1260
KRYŚ;1260
GORAJ;1259
SZWEDO;1259
GRABARZ;1258
PERLIŃSKI;1258
SKROK;1258
WOJDYŁO;1258
ZEMBRZUSKI;1258
ŁYSZCZARZ;1257
SACHA;1257
ŚRODA;1257
ZOŃ;1257
GAWRYCH;1256
JAŹWIŃSKI;1256
MALAK;1256
NOWOCIEŃ;1256
PĘKALSKI;1256
PERZANOWSKA;1255
ZEMBRZUSKA;1255
KLAWIKOWSKI;1255
MIKSA;1255
ZDZIARSKA;1254
KĘPSKI;1254
LUBCZYŃSKI;1254
ROSTEK;1254
SANKOWSKI;1254
WOJDAK;1254
WOLNIK;1254
PILARZ;1253
DUBIŃSKI;1253
STANIEWSKI;1253
CHEŁSTOWSKA;1252
GŁODOWSKA;1252
KOLOMIIETS;1252
KOVTUN;1252
SYTA;1252
KOSIOROWSKI;1252
BURAKOWSKI;1251
GRYC;1251
MŁODAWSKI;1251
FEDORENKO;1250
PIENIAK;1250
DALECKA;1249
OWCZARSKA;1249
BUDZIAK;1249
PASTWA;1247
FABISZEWSKI;1246
KASZYŃSKI;1246
KĘSIK;1246
POSŁUSZNY;1246
JANOCHA;1245
TRĘBACZ;1245
JAROSŁAWSKA;1244
LEŚ;1244
KRZEŚNIAK;1243
CHRABĄSZCZ;1243
PECYNA;1243
RASZKA;1243
GADZIŃSKA;1242
LASOŃ;1242
SADURSKA;1242
HIRSZ;1242
JAROSŁAWSKI;1242
KLUSEK;1242
MATERA;1241
MATLAK;1241
KRZESIŃSKA;1240
LUBCZYŃSKA;1240
RESPONDEK;1240
STACHOŃ;1240
DEKA;1240
TELEGA;1240
MILANOWSKA;1239
TKACZUK;1239
CHOJNICKI;1239
PROROK;1239
STANIEC;1239
SUCHAN;1239
ZARZECZNA;1238
BUDKA;1238
JĘDRAS;1238
ZUBEK;1238
SIMIŃSKI;1237
FLORKOWSKA;1236
NESTERENKO;1236
OLESZEK;1236
ZACHARA;1236
BRATEK;1236
BUŁKA;1236
IMIOŁEK;1236
MIŚKOWIEC;1236
ZAŁUSKI;1236
MŁODAWSKA;1235
DZIUBAK;1235
WANG;1235
WOJDAT;1235
KUŚMIERSKA;1234
TARASIEWICZ;1234
PANAS;1234
DYMOWSKA;1233
GRZYWACZEWSKA;1233
KASZYŃSKA;1233
WĘGRZYNOWSKA;1233
JASZCZYK;1233
STAWOWY;1233
SZCZUKA;1233
KOCZWARA;1232
SKRZYPKOWSKA;1232
GOLEŃ;1232
KOTULSKA;1231
KOŁODYŃSKI;1231
NIEĆ;1229
SKAŁECKI;1229
JÓZEFCZYK;1228
KUDYBA;1228
KRZYMIŃSKA;1227
MICHALEWICZ;1226
ANTOSZEWSKI;1226
MARCINOWSKI;1226
SIEROŃ;1226
STYPUŁKOWSKI;1226
JAŚKOWSKA;1225
FRĄCZYK;1225
KRZESIŃSKI;1225
KSIĘŻOPOLSKI;1225
SZCZAWIŃSKI;1225
IWIŃSKA;1224
ŻOŁNOWSKI;1224
ALBRECHT;1223
WIĘCŁAWSKA;1223
BIALIK;1223
WESOŁY;1223
WIDOMSKI;1223
KOŁODYŃSKA;1222
ŁAWRYNOWICZ;1222
MARCINOWSKA;1222
MIELNICKA;1222
FRANKE;1221
KOTUŁA;1221
MAKÓWKA;1221
MIELNICKI;1221
SZAL;1221
WIKTOROWSKI;1221
KYRYCHENKO;1220
GORGOŃ;1220
KASPEROWICZ;1220
LISEWSKI;1220
MOSAKOWSKI;1220
STAWIARZ;1220
SWAT;1220
ZDYB;1220
KANIECKA;1219
SKAŁECKA;1219
WIDOMSKA;1219
ŁUCKI;1219
TOPÓR;1219
WĘGRZYNOWSKI;1219
WIECHA;1219
DUBIŃSKA;1218
STANIEWSKA;1218
JONIEC;1218
KĘPSKA;1217
GRZELCZAK;1217
HEBEL;1217
JANEK;1217
JURCZYŃSKI;1217
KRZYMIŃSKI;1217
PACZYŃSKA;1216
PĘKALSKA;1216
SMIRNOVA;1216
VASYLIEVA;1216
FRĄK;1216
FUS;1216
JOŃCA;1216
BURAKOWSKA;1215
GIZIŃSKA;1215
BIESZCZAD;1215
DANISZEWSKI;1215
FLORKOWSKI;1215
GUNIA;1215
KOCZUR;1215
DUDKOWSKA;1214
RATAJSKA;1214
PIETROŃ;1214
SICIŃSKI;1214
SKUPIŃSKI;1214
ŚLUSAREK;1214
ZEMŁA;1214
STYPUŁKOWSKA;1213
BERA;1213
BOJDA;1213
MĄKOSA;1213
ZWOLAK;1212
ARENDT;1211
BRANDYS;1211
ILCZUK;1211
RYDEL;1211
SORDYL;1211
SZUKAŁA;1211
LEGIERSKA;1210
MORDARSKA;1210
MYKHAILOVA;1210
OWCZARSKI;1210
SZCZEPAŃCZYK;1210
ŻOŁNOWSKA;1209
KOTULSKI;1209
ŁAGODA;1209
KARKOWSKA;1208
WALIGÓRSKA;1208
CIUPAK;1208
MAJEK;1208
WOJNO;1208
MICHAŁOWICZ;1207
WINIARZ;1207
KARDAŚ;1207
RECZEK;1207
LISEWSKA;1206
SMOCZYŃSKA;1206
ULMAN;1206
CYGANEK;1206
KARKOWSKI;1206
SADURSKI;1206
STRÓŻYŃSKI;1206
ŚCIBOR;1206
ISHCHENKO;1205
KLUK;1205
PIOSIK;1205
WAŚKIEWICZ;1205
ANTOSZEWSKA;1204
STACHNIK;1204
ŁANGOWSKI;1204
MARCISZEWSKI;1204
POTOCZNA;1203
SICIŃSKA;1203
PACZYŃSKI;1203
SULOWSKI;1203
BULANDA;1202
KURPIEL;1202
DZIEKOŃSKA;1201
CHUDZIAK;1201
GRZYMAŁA;1201
SPAŁEK;1201
CHWAŁEK;1200
KRUCZYŃSKA;1200
KRZYŻEWSKI;1200
PIETRUCZUK;1200
DANISZEWSKA;1199
KSIĘŻOPOLSKA;1199
SZELĄGOWSKA;1199
KLUZA;1199
KROCZEK;1199
WOJTYRA;1199
LASZCZAK;1198
TYL;1198
FABISZEWSKA;1197
KLAWIKOWSKA;1197
KRAJNIK;1197
POCIECHA;1197
ŚWIĘS;1197
TOMIAK;1197
PĘCZEK;1196
WYRWAS;1196
MOROZOVA;1195
MILANOWSKI;1195
OLESIAK;1195
RYBSKI;1195
MANIKOWSKA;1194
ZAMORSKA;1194
JĘDRZEJOWSKI;1194
JURASZ;1194
STERNIK;1194
CIEPLAK;1193
DROGOSZ;1193
PASTUSIAK;1193
SMOCZYŃSKI;1193
BORATYŃSKA;1192
STRÓŻYŃSKA;1192
GRYCZKA;1192
KĄCKI;1192
KRUCZYŃSKI;1192
RATAJSKI;1192
SPYRKA;1192
ZABAWA;1192
SITKIEWICZ;1191
SYCH;1191
WARDAK;1191
DRABEK;1190
KOTYNIA;1190
ŁABĘDŹ;1189
SKUPIŃSKA;1189
KIDA;1189
POPIELARZ;1189
KOPACZEWSKA;1188
LEŚNIOWSKA;1188
PODGÓRNY;1188
BONDARCHUK;1187
MAŃKO;1187
CHOJNICKA;1186
HARASIMOWICZ;1186
RABIEGA;1186
YAKOVENKO;1186
SZEFLER;1186
HONCHARENKO;1185
UJMA;1185
CHROMIŃSKI;1185
LESIUK;1185
ŚLIWOWSKI;1185
TROJNAR;1185
WIĘCŁAWSKI;1185
MOSAKOWSKA;1184
TOMECKA;1184
SOBÓTKA;1184
VOLKOV;1183
BURSKA;1182
JACZEWSKA;1182
GOŁAŚ;1182
BORYCKI;1181
FILIPCZUK;1181
KAPROŃ;1181
ŚLĄZAK;1180
VLASENKO;1180
KARPIEL;1180
MASNY;1180
KOZINA;1179
SKRZYPIŃSKA;1179
ŁAKOMSKI;1179
MERTA;1179
TOMECKI;1179
MARYNOWSKA;1178
SULOWSKA;1178
TALIK;1178
WOŁYNIEC;1178
KOŁECKA;1177
GOŁUCH;1177
JURECZKO;1177
JACHIMOWICZ;1176
YAVORSKA;1176
HANKUS;1176
PŁAWECKI;1176
MARCISZEWSKA;1175
BORATYŃSKI;1175
CHOROMAŃSKI;1175
TARASENKO;1174
NAKIELSKI;1174
MOSTOWSKA;1173
GAŁAN;1173
SZLĘZAK;1173
WŁODKOWSKI;1173
WOŁOSZ;1173
BORYCKA;1172
GULCZYŃSKA;1172
WALIGÓRSKI;1172
KOSIOROWSKA;1171
MAJCHRZYK;1171
RACHWALSKI;1171
RUDEK;1171
WZOREK;1171
SZLENDAK;1170
CHILIŃSKI;1169
KIEŁPIŃSKI;1169
LEŚNIOWSKI;1169
MARCINIEC;1169
SOŚNICKA;1168
WŁODKOWSKA;1168
BOCZAR;1168
GRABAREK;1168
TUTAJ;1168
ZUBER;1167
BŁASZCZUK;1167
HANDZLIK;1167
KUŚMIERSKI;1167
OKONIEWSKI;1167
STADNICKI;1167
KOTKOWSKA;1166
WITECKA;1166
LATUSEK;1166
SZTANDERA;1166
KAISER;1165
ROSSA;1165
ANDRYSIAK;1165
CZAPNIK;1165
GUŁA;1165
KUDELSKI;1165
SZCZUROWSKI;1165
TOPOREK;1165
DOBRZYCKI;1164
KARSKI;1164
MARSZAŁKOWSKI;1164
MATUSIEWICZ;1164
OLECHOWSKI;1164
SÓWKA;1164
ŻUBER;1164
FIREK;1163
GLINKOWSKI;1163
JAKUBAS;1163
KORBA;1163
KORYTKOWSKI;1163
ŁAZARCZYK;1163
ŁAZOWSKI;1163
RUCKI;1163
JĘDRZEJOWSKA;1162
BOJAR;1162
GRZEGORZEK;1162
JANICZEK;1162
ORSZULAK;1162
PAPUGA;1162
PATEL;1162
GLINKOWSKA;1161
GŁOWA;1161
RUCKA;1161
DMITRUK;1161
KURZAWSKI;1161
WAŚ;1161
ZWIERZ;1161
HONCHAROVA;1160
HONCHARUK;1160
ZDUN;1160
ZMYSŁOWSKA;1160
BŁAŻEWICZ;1160
KOŹMIŃSKI;1160
SOŚNICKI;1160
ZMYSŁOWSKI;1160
ANTOSIEWICZ;1159
ŁAKOMSKA;1159
PŁAWECKA;1159
WIKTORSKA;1159
ZIARKO;1159
STASIEWICZ;1158
PŁUSA;1158
SKRZYPIŃSKI;1158
CIECHANOWICZ;1157
DEMCHUK;1157
DRAGON;1157
SIMIŃSKA;1157
WIKTOROWSKA;1157
CUPIAŁ;1157
NIEDZIAŁKOWSKI;1157
SZELĄGOWSKI;1157
BACA;1156
JARCZEWSKA;1155
CZEPIEL;1155
MOŚ;1155
ORZECH;1155
ROWICKI;1155
GRACZ;1154
JÓZWIK;1154
KITOWSKI;1154
WACŁAWIK;1154
STADNICKA;1153
CHROMIK;1153
JASIEWICZ;1153
POPKO;1153
STRZESZEWSKI;1153
SZCZYRBA;1153
WARDĘGA;1153
ADAM;1152
KIJEK;1152
RAJ;1152
JURCZYŃSKA;1151
LUDWIG;1151
CZERW;1151
POLUS;1151
WYSOCZAŃSKI;1151
TURCZYŃSKA;1150
BORYCZKA;1150
GONCIARZ;1150
MANIAK;1150
MUSIAŁEK;1150
KAMIEŃSKA;1149
ŁANGOWSKA;1149
OLECHOWSKA;1149
DYGAS;1149
GRZYWIŃSKI;1149
JERZAK;1149
KOŁODZIEJEK;1149
MARYNOWSKI;1149
PALUSZEK;1149
WIKTORSKI;1149
DYJAK;1148
EJSMONT;1148
GULCZYŃSKI;1148
ŁUSZCZEK;1148
PŁOCHOCKI;1148
POTEMPA;1148
SIEMIENIUK;1148
ZIMA;1148
DEMCHENKO;1147
KUDELSKA;1147
RĘKAS;1147
GMYREK;1147
GRABKA;1147
BUDZISZEWSKA;1146
DUŚ;1146
FERENS;1146
UKLEJA;1146
WYCISK;1146
ZAMBRZYCKI;1146
BURSKI;1145
JAMKA;1145
MATEJEK;1145
TOPOLEWSKI;1145
STUDNICKA;1144
DOBRZYCKA;1143
OKONIEWSKA;1143
ŚLIWOWSKA;1143
KOCIUBA;1143
KOMARNICKI;1143
ŁOZOWSKA;1142
ZAMBRZYCKA;1142
BIENIASZ;1142
BUDZISZEWSKI;1142
GROMADA;1142
JARZĘBOWSKI;1142
SZCZAWIŃSKA;1141
GAWRYLUK;1141
MOSKALENKO;1140
SZUMILAS;1140
TRZEBIATOWSKA;1140
BĄBA;1140
KAPTUR;1140
SOBCZUK;1140
JARZĘBOWSKA;1139
MAKARENKO;1139
NIEDZIAŁKOWSKA;1139
BURAS;1139
JACZEWSKI;1139
ŁOZOWSKI;1139
WAL;1139
WIRKUS;1139
HOLUB;1138
DZIUK;1138
SZCZECH;1138
BĘTKOWSKA;1137
KOŹMIŃSKA;1137
MENDYK;1137
SKURA;1137
SZYPULSKI;1137
CHOROMAŃSKA;1136
SZCZUROWSKA;1136
ZINCHENKO;1136
ŁAWICKI;1136
PAPIERZ;1136
PODRAZA;1136
KARSKA;1135
KLASA;1135
KLIMIUK;1135
ŁUBA;1135
MUSIAŁOWSKI;1135
SZUL;1135
TROCHA;1135
WOREK;1135
ŁAZOWSKA;1134
USZYŃSKA;1134
JACKOWIAK;1134
RZOŃCA;1134
ULANOWSKI;1134
WOJNA;1134
KRZYŻEWSKA;1133
DEMIANIUK;1133
CHROMIŃSKA;1132
KRZYSIAK;1132
RAMS;1132
STRUK;1132
BABIAK;1132
GNIAZDOWSKI;1132
HABER;1132
MARSZAŁKOWSKA;1131
FRĄCZAK;1131
GOSK;1131
GRZEGRZÓŁKA;1131
MOSTOWSKI;1131
STUDNICKI;1131
CZERNICKA;1130
KOBYLAŃSKA;1130
ŁUKA;1130
BEM;1129
LEVYTSKA;1129
POLITOWSKA;1129
ROGIŃSKA;1129
CZYSZCZOŃ;1129
KAMIEŃSKI;1129
PAWLICA;1129
KĄCKA;1128
MISHCHENKO;1128
RACHWALSKA;1128
SIENNICKA;1128
CHABROS;1128
CIEPIELA;1128
CZERNICKI;1128
GRABEK;1128
KARASZEWSKI;1128
MICEK;1128
USZYŃSKI;1128
BERENT;1127
JACHOWICZ;1127
WYSOCZAŃSKA;1127
CHEN;1127
GAWLAS;1127
KOTKOWSKI;1127
KARASZEWSKA;1126
ROMANOVA;1126
KABACIŃSKI;1126
ŚWIDZIŃSKA;1125
TERESHCHENKO;1125
CELEJ;1125
DAMPC;1125
JOŃSKI;1125
OLEJARCZYK;1125
ŚWIDZIŃSKI;1125
RYBSKA;1124
JAROSZYŃSKI;1124
JANUSZEK;1123
KORYTKOWSKA;1122
ŚWIERC;1122
BĘTKOWSKI;1122
JACHIMOWSKI;1122
FIL;1121
KAPCZYŃSKI;1121
HRYNIEWICKI;1120
RODZIK;1120
SŁAWEK;1120
ZAMORSKI;1119
BARGIEL;1118
KURZAWSKA;1118
OKRASA;1118
WRZEŚNIEWSKA;1118
BARA;1118
JABŁONKA;1118
KŁECZEK;1118
SELIGA;1118
SZCZYPIOR;1118
GRZONKA;1117
JĘDRYKA;1117
SMOŁKA;1117
WIELOCH;1117
WITECKI;1117
KIEŁPIŃSKA;1116
KOPACKA;1116
MALEWSKA;1116
KALINA;1116
ŁABA;1116
SŁABOŃ;1116
STRYCZEK;1116
SPRINGER;1115
BARCIK;1115
GRZESIUK;1115
MALEWSKI;1115
WILGA;1115
DERKACZ;1114
KAPCZYŃSKA;1114
HOŁUB;1114
STĘPNIK;1114
GRZYWIŃSKA;1113
LISIEWICZ;1113
MAC;1113
MARKUSZEWSKI;1113
POSTEK;1113
BOHDAN;1112
JACEWICZ;1112
ZIEMSKA;1112
FUDAŁA;1112
RUTECKI;1112
SIENNICKI;1112
STOLC;1112
ZAPOTOCZNY;1112
BANASZEWSKA;1111
BIGAJ;1111
LATAŁA;1111
PAŚKO;1111
SMOTER;1111
TOMICZEK;1111
KAMPA;1110
FORNALCZYK;1110
WRZEŚNIEWSKI;1110
KITOWSKA;1109
KUCZMA;1109
LENCZEWSKA;1109
STRZESZEWSKA;1109
ANTOSIAK;1109
MIESZCZAK;1109
NAPIERAJ;1109
WOLSZCZAK;1109
MAŁYSKA;1108
BRYJA;1108
JÓZEFOWSKI;1108
KOPACKI;1108
LENCZEWSKI;1108
TURCZYŃSKI;1108
BENTKOWSKA;1107
KABACIŃSKA;1107
SNARSKA;1107
PARUCH;1107
PASIERB;1107
SZOTA;1107
AKSAMIT;1106
JOŃSKA;1106
KORDOWSKA;1106
POPIELA;1106
PRUSZKOWSKI;1106
SKOP;1106
WRONOWSKI;1106
BŁACHNIO;1105
CHLUDZIŃSKI;1105
MAJCHERCZYK;1105
TRZEBIATOWSKI;1105
ZIEMSKI;1105
FALIŃSKI;1104
ŁYSIK;1104
BARTECKA;1103
WOJCIECHOWICZ;1103
WYSZKOWSKA;1103
NIZIO;1103
SIERANT;1103
SZYPULSKA;1102
KARGUL;1102
RĄPAŁA;1102
SZYNAL;1102
PRUSIŃSKI;1101
PSIUK;1101
BEDNORZ;1100
MARKS;1100
CIĘŻKI;1100
JARCZEWSKI;1100
KRAMEK;1100
POLITOWSKI;1100
JURECKI;1098
ULANOWSKA;1097
GRZĄDZIEL;1097
LIPNICKI;1097
GUMIENNA;1096
TOPOLEWSKA;1096
PŁOSKI;1096
ROWICKA;1095
SYGUŁA;1095
BILA;1094
CEGLARSKI;1094
DONIEC;1094
KORDOWSKI;1094
WOJTANOWSKI;1094
BANASZEWSKI;1093
KNOPIK;1092
JEZIOROWSKI;1092
KLUKOWSKI;1092
SZTUKA;1092
TOBOLSKI;1092
TYSZKO;1092
LIPNICKA;1091
ŁAWICKA;1091
ROGIŃSKI;1091
CIOCH;1090
PLEWKA;1090
SAWIŃSKI;1090
BABENKO;1089
KONIECZKO;1089
ABRAMOWSKI;1089
CZERNY;1089
GLIWA;1089
MRÓZEK;1089
RZEPKOWSKI;1089
WIDAWSKI;1089
TRUSZCZYŃSKA;1088
WOJNICKA;1088
DZIĘGIEL;1088
KĘSY;1088
MADEJCZYK;1088
JEZIOROWSKA;1087
LASOCKA;1087
SZUMOWSKI;1087
SZMIGIELSKA;1086
JACHYM;1086
KIERZEK;1086
ŁUKASZEK;1086
SNARSKI;1086
STRYJEWSKI;1086
KUSA;1085
RUTECKA;1085
SAWIŃSKA;1085
BENTKOWSKI;1085
CHROBOK;1085
MACZUGA;1085
PETRUK;1084
KAWAŁEK;1084
ŁEBEK;1084
PODLASKI;1084
MIKUCKA;1083
FURMAŃCZYK;1083
SZCZECINA;1083
DRĄŻKIEWICZ;1082
GOLIS;1082
RYCZKOWSKI;1082
TARAS;1082
WAŁĘGA;1082
GNIAZDOWSKA;1081
PAZDAN;1081
ROSOŁOWSKI;1081
SZEFER;1081
DŁUŻNIEWSKA;1080
NAKIELSKA;1080
STRYJEWSKA;1080
JĘDRUSIK;1080
WIDAWSKA;1079
JAROSZYŃSKA;1078
WRONOWSKA;1078
DUNAJSKI;1078
KIEŁKOWSKI;1078
NAREWSKI;1078
ZIENTARA;1078
FALIŃSKA;1077
TRYBUS;1077
ZAŁĘCKA;1077
CIUPEK;1077
DUSZAK;1077
SZMIGIELSKI;1077
BECKER;1076
DMYTRUK;1076
SZAFRANEK;1076
CHLIPAŁA;1076
KANIOWSKI;1076
WINTER;1075
DŁUŻNIEWSKI;1075
DOMALEWSKI;1075
KIELISZEK;1075
KOBYLAŃSKI;1075
KOMOR;1075
MĘŻYK;1075
ŚWITOŃ;1075
CHILIŃSKA;1074
KOSZEWSKA;1074
LYTVYN;1074
RZEPKOWSKA;1074
TYLKA;1074
ZAŁĘCKI;1074
WORONIECKA;1073
BAJEK;1073
CHUDEK;1073
DERLATKA;1073
NATKANIEC;1073
POCIASK;1073
DUNAJSKA;1072
FELIKS;1072
OLESZKIEWICZ;1072
ŻURAW;1072
CZUB;1071
KORZEC;1071
KULPIŃSKI;1071
PRUSIŃSKA;1070
BARTECKI;1070
LI;1070
ŁAKOMIEC;1070
WALKOWICZ;1070
CZERNEK;1069
DAŁEK;1069
IWANOWICZ;1069
LASOCKI;1069
TRUSZCZYŃSKI;1069
POHL;1068
PYLYPENKO;1068
BILICKI;1068
PIASECZNY;1068
JACHIMOWSKA;1067
KIEŁKOWSKA;1067
CHRUŚCIŃSKI;1067
CZERNIEJEWSKI;1067
SOŁOWIEJ;1067
WILAMOWSKI;1067
ANTKIEWICZ;1066
DYRCZ;1066
KĘSICKI;1066
MIKUCKI;1066
NOWORYTA;1066
OGIŃSKA;1065
KUPISZ;1065
MIKOŚ;1065
OSAK;1065
TALARCZYK;1065
WIJAS;1065
RADCHENKO;1064
BERNACIAK;1064
KRZANOWSKI;1064
PRUSACZYK;1064
MUSIAŁOWSKA;1063
SZUMOWSKA;1063
GŁOWALA;1063
JĘDRYSIAK;1063
LEŚNY;1063
MOLIŃSKI;1063
SAWKA;1063
STRÓZIK;1063
HNATIUK;1062
TYMOSHENKO;1062
GLEŃ;1062
KOMARNICKA;1061
ZAITSEVA;1061
RĘBACZ;1061
ROGACZEWSKI;1061
JÓZEFOWSKA;1060
PRUSZKOWSKA;1060
SANECKA;1060
ZIEMIAŃSKA;1060
NIŻNIK;1060
POCHEĆ;1060
TOBOLSKA;1059
KUŚMIREK;1059
STEFAN;1059
BAGROWSKA;1058
PŁOCHOCKA;1058
KASZUBSKI;1058
URBANIEC;1058
WOJNICKI;1058
WYSZKOWSKI;1057
JEZNACH;1056
NAREWSKA;1056
CZERWIK;1056
KOMOREK;1056
KORCZYK;1056
MIŚTA;1056
SIATKOWSKI;1056
KOCEMBA;1055
DYDUCH;1055
GROCHALA;1055
LEŚKIEWICZ;1055
MAIK;1055
SMYCZEK;1054
PIKULSKI;1054
RABENDA;1054
SEROKA;1054
TARASZKIEWICZ;1054
BORYSIUK;1053
JONCZYK;1053
KOBA;1053
OGIŃSKI;1053
SUS;1053
CEGLARSKA;1052
CZERNIEJEWSKA;1052
KANIOWSKA;1052
PIEPRZYK;1052
GOŹDZIEWSKI;1052
HRYCIUK;1052
KASZUBSKA;1051
KLUKOWSKA;1051
BŁAWAT;1051
GALEWSKI;1051
MIAZEK;1051
NASKRĘT;1051
RADEK;1051
KWAS;1050
ŁABĘCKI;1050
MATYJASIK;1050
HONCHAR;1049
HRYNIEWICKA;1049
JURECKA;1049
MUSIK;1049
PŁOSKA;1049
WOJTANOWSKA;1049
PODLASKA;1048
ZASTAWNY;1048
BILICKA;1047
BULA;1047
CICHOWICZ;1047
DOŁĘGOWSKI;1047
WANTUCH;1047
DULSKA;1046
DZIERŻANOWSKA;1046
JEŻAK;1046
PIORUN;1046
REWERS;1046
BILYK;1045
DRZYZGA;1045
SHAPOVALOVA;1045
GNIEWEK;1045
KACHNIARZ;1045
KORYCIŃSKI;1045
RĄCZKOWSKI;1045
RĘKAWEK;1045
STODULSKI;1045
TARASEWICZ;1045
CHRUŚCIŃSKA;1044
CHORZĘPA;1044
SIENIAWSKI;1044
SZCZUPAK;1044
ZHANG;1044
KĘSICKA;1043
MOLIŃSKA;1043
SAPIŃSKA;1043
DYBEK;1043
OWCZARZ;1043
ABRAMOWSKA;1042
MODLIŃSKI;1042
CHLUDZIŃSKA;1041
RAJCHEL;1041
CAŁA;1040
KOMOSA;1040
JÓŹWICKA;1039
ZYCHOWICZ;1039
BAGROWSKI;1039
BYLICA;1039
KOSZEWSKI;1039
SOPEL;1039
TRYBA;1039
ORLOVA;1038
DZIERŻANOWSKI;1038
WĄŻ;1038
JUST;1037
TARAN;1037
KOTLARSKI;1037
OSIKA;1037
MACHNICKA;1036
PIKULSKA;1036
BRANICKI;1036
KIEŁBOWICZ;1036
NAJDER;1036
SZAŁEK;1036
FUDALA;1035
OPIELA;1035
RYBAKOWSKI;1035
SADECKI;1035
KRZANOWSKA;1034
CHĄDZYŃSKI;1034
CIEŚLUK;1034
MADALIŃSKI;1034
SANECKI;1034
BIAŁCZAK;1033
ŁYCZKO;1033
WAWRZYŃSKI;1033
WOJTYCZKA;1033
ZAGAJEWSKI;1033
POLIAKOVA;1032
DULSKI;1032
OSTOJSKI;1032
PLEWIŃSKI;1032
STEPNOWSKI;1032
GOŹDZIEWSKA;1031
KORSAK;1031
SIENIAWSKA;1031
GROCHOCKI;1031
PLEWIŃSKA;1030
GROCHOLSKI;1030
ŚWIST;1030
IWASZKIEWICZ;1029
KULEJ;1029
CHĄDZYŃSKA;1028
WOŁOWSKA;1028
BAŁUT;1028
KWOKA;1028
PIEKUTOWSKI;1028
SŁOMCZYŃSKI;1028
SERDIUK;1027
JADACH;1027
JANCZURA;1027
MACURA;1027
MIKLASZEWSKI;1027
SIWICKI;1027
TWARDY;1027
WOŁOWSKI;1027
MADALIŃSKA;1026
MIKLASZEWSKA;1026
MISZTELA;1026
WERESZCZYŃSKA;1026
ZAGAJEWSKA;1026
KAMECKI;1026
KRZESZEWSKI;1026
POLANOWSKA;1025
STEPANOVA;1025
ŁOZA;1024
BEDNARCZUK;1024
GLUZA;1024
LATKOWSKI;1024
OWSIANKA;1024
PASIŃSKI;1024
ZIEMIAŃSKI;1024
PIASECZNA;1023
POZORSKA;1023
RUDYK;1023
KOLBUSZ;1023
LASECKI;1023
LIZOŃ;1023
MATUSZ;1023
NIEPSUJ;1023
PAVLOV;1023
OSTAPIUK;1022
PASIŃSKA;1022
SZABELSKA;1022
MALARZ;1022
NOVIKOV;1022
OBUCHOWSKI;1022
POLANOWSKI;1022
RUCHAŁA;1022
TRAN;1022
DERKACH;1021
POROWSKA;1021
SIATKOWSKA;1021
ŻMUDZIŃSKA;1021
KRZYKOWSKI;1021
MAJCHEREK;1021
MATERNA;1021
PAZIEWSKI;1021
KIN;1020
SADECKA;1020
BUŁAT;1020
ZAŁOGA;1020
DOŁĘGOWSKA;1019
SEMENOVA;1019
RADZKI;1019
SUTKOWSKI;1019
WICIK;1019
BRANICKA;1018
KOTLARSKA;1018
LATKOWSKA;1018
BIGUS;1018
DAWIDZIUK;1018
SZLAGA;1018
TYRKA;1018
SATERNUS;1017
STEPNOWSKA;1017
KONCEWICZ;1017
LASAK;1017
LEGUTKO;1017
WERESZCZYŃSKI;1017
BECZEK;1016
DESKA;1016
SITAREK;1016
WOJTYNIAK;1016
RUTKIEWICZ;1015
BRONK;1015
PYRKA;1015
SEROCZYŃSKI;1015
SZABELSKI;1015
DIDENKO;1014
KOZLOVA;1014
ŁABĘCKA;1014
RĄCZKOWSKA;1014
FIEDOR;1014
GAJOWNICZEK;1014
JÓŹWICKI;1014
KRUSZYNA;1014
RADKIEWICZ;1014
EKIERT;1013
BŁACHOWICZ;1013
BORÓWKA;1013
GLAPA;1013
KOLANOWSKI;1013
MACHNICKI;1013
NAJDEK;1013
WIEJAK;1013
WILAMOWSKA;1012
KASZEWSKI;1012
KOŁCZ;1012
MARTYNA;1012
MIERZYŃSKI;1012
NIEDBALSKI;1012
KOLANOWSKA;1011
STEFANEK;1011
VELYCHKO;1011
GMEREK;1011
JASKÓŁKA;1011
SKRZEK;1011
SAWICZ;1010
NAUMOWICZ;1010
NITECKI;1010
ZYBAŁA;1010
ŻMUDZIŃSKI;1010
DENIS;1009
MAJCHROWICZ;1009
MARKUSZEWSKA;1009
OSTOJSKA;1009
KAŁUSKI;1009
MICHAŁKIEWICZ;1009
PRUŚ;1009
JORDAN;1008
BAKUN;1008
KUSAK;1008
SERWIN;1008
ROGACZEWSKA;1007
PRZEWOŹNIK;1007
RÓJ;1007
SEROCZYŃSKA;1006
DORSZ;1006
REDA;1006
STRACH;1006
SUCHOMSKI;1006
ŚCISŁOWSKI;1006
WACŁAWSKI;1006
KAMECKA;1005
KRZYKOWSKA;1005
SZOŁTYSIK;1005
NOGALSKI;1005
DOMALEWSKA;1004
HUSAK;1004
MATUSZKIEWICZ;1004
SUCHARSKA;1004
KORDAS;1004
ŁASZKIEWICZ;1004
WORONIECKI;1004
ZDYBEL;1004
BABII;1003
BRYŁKA;1003
ĆWIERTNIA;1003
KNITTER;1003
PODYMA;1003
PRZYDATEK;1003
STASZCZAK;1003
TRYBUŁA;1003
KUŹMICKA;1002
ROSOŁOWSKA;1002
ARENT;1002
JAGUSIAK;1002
MARCHEL;1002
STEFANIK;1002
GALEWSKA;1001
MATVIICHUK;1001
KAJDA;1001
MISIEK;1001
DYMIŃSKA;1000
GĘBICKA;1000
GOSTKOWSKA;1000
LORENZ;1000
AMBROŻY;1000
KACPROWICZ;1000
MAŁYSZKO;1000
PODSTAWKA;1000
SMOLIK;1000
SOKOLOV;1000
POPCZYK;999
GARBARCZYK;999
MIERZYŃSKA;998
TOPOROWSKA;998
WARDZIŃSKA;998
BAJERSKI;997
KHAN;997
SUCHARSKI;997
TALAR;996
ALIEV;996
FILIPSKI;996
JURAK;996
WODNICKA;995
BRZĘCZEK;995
CEGŁOWSKI;995
POROWSKI;995
ŚWIĄTCZAK;995
TWORKOWSKI;995
KOROLCZUK;994
KRZESZEWSKA;994
ANISZEWSKI;994
BORZYSZKOWSKI;994
CZYŻYK;994
PAŁUBICKI;994
JASKOT;993
OCHMAŃSKA;993
SIEROCKI;993
GROCHOLSKA;992
OLECHNOWICZ;992
RYCZKOWSKA;992
BŁĘDOWSKI;992
GRYGORUK;992
NIERADKA;992
STANISŁAWCZYK;991
CZEKAŃSKI;991
KALISZUK;991
MAKUŁA;991
MIKLAS;991
FILIPSKA;990
CZYŻAK;990
MOLIK;990
STRZĘPEK;990
TCHÓRZ;990
GROCHOCKA;989
OBUCHOWSKA;989
POLACZEK;989
CUDAK;989
GUZIŃSKI;989
KIRAGA;989
KUŹMICKI;989
MULARSKI;989
PĘDZICH;989
POŁCZYŃSKI;989
GĘBICKI;988
JAGUŚ;988
SEREMAK;988
BONDARUK;987
KASZEWSKA;987
MODLIŃSKA;987
SŁOMCZYŃSKA;987
ŁYŻWA;987
NOWACZEK;987
WAGA;987
CIEŚLICKA;986
SIWICKA;986
SKULSKA;986
BRULIŃSKI;986
DOBIES;986
GLINIECKI;986
HOŁOWNIA;986
JEZIOREK;986
MAKARA;986
PAPAJ;986
STATKIEWICZ;986
SZYMASZEK;986
WOJTYNA;986
STODULSKA;985
STRASZEWSKA;985
SUCHOMSKA;985
SZUMIŃSKA;985
WACŁAWSKA;985
BUGAŁA;985
GZIK;985
ŁYSEK;985
STASZEK;985
ŚWIEBODA;985
WAWRZAK;985
ZYGADŁO;985
KIESZKOWSKA;984
RYBAKOWSKA;984
GRZEŚKIEWICZ;984
OCHMAŃSKI;984
STAROWICZ;984
ZIEMNIAK;984
GROCHULSKA;983
BRYCH;983
MATOGA;983
PŁOSKONKA;983
SZYMICZEK;983
BOGUS;982
CHROSTEK;982
FRANEK;982
MOLĘDA;982
PIECZARA;982
SANOCKI;982
MARIAŃSKA;981
MIANOWSKA;981
ŚCISŁOWSKA;981
BARTOSIŃSKI;981
IGIELSKI;981
PAWEŁCZAK;981
ZGODA;981
STALA;980
STRĘK;980
CIEŚLICKI;980
KOSIERADZKI;980
KUBISIAK;980
PAŹ;980
ROSŁANIEC;980
ROSZCZYK;980
SKROBISZ;980
TYMOSZUK;980
WARDZIŃSKI;980
NITECKA;979
PAZIEWSKA;979
KUDLIŃSKI;979
MARIAŃSKI;979
SKORUPIŃSKI;979
CEGŁOWSKA;978
BALON;978
CIBA;978
DWORZYŃSKI;978
DZIDA;978
KONOPIŃSKI;978
OLKIEWICZ;978
ŚWIERKOWSKI;978
CZEKAŃSKA;977
WAWRZYŃSKA;977
GOSTKOWSKI;977
POZORSKI;977
BRACH;976
KUZNIETSOVA;976
MALESZEWSKA;976
MARTYNENKO;976
GRZENKOWICZ;976
IWANIAK;976
KILIŃSKA;975
KULPIŃSKA;975
NOWOK;975
SUTKOWSKA;975
BUKOWIEC;975
SIEMBIDA;975
ZALAS;975
ZIARKOWSKI;975
SONDEJ;974
ZAPOTOCZNA;974
CHWIAŁKOWSKI;974
MILEWICZ;974
PIASTA;974
POLEK;974
SKROBEK;974
SZYMCZUK;974
PETRYK;973
PLOCH;973
GŁUSZAK;973
MIARKA;973
PAJEWSKI;973
PIASEK;973
SOBKOWICZ;973
SYKUŁA;973
ZAWIŁA;973
CIĘŻKA;972
GUZIŃSKA;972
KAMIONKA;972
KOSIERADZKA;972
ŁUKASZYK;972
SZAFARCZYK;972
KAŁUZIŃSKI;972
MIANOWSKI;972
OWSIANY;972
SZYMALA;971
KROGULEC;971
OLEWIŃSKI;971
KONOPIŃSKA;970
KUCHER;970
PODGÓRNA;970
TYSHCHENKO;970
BUJOK;970
KOPCIŃSKI;970
SOKAL;970
HERBUT;969
SAJ;969
KAROLCZYK;969
DANILEWICZ;968
ELIASZ;968
KACA;968
RYCHEL;968
WŁOSEK;968
GRUNWALD;967
MULARSKA;967
PALMOWSKA;967
BAJKOWSKI;967
DYMIŃSKI;967
JAKÓBCZAK;967
KORECKI;967
KORNILUK;967
KOSTUCH;967
ŁEMPICKI;967
MUNIAK;967
PALMOWSKI;967
SAPIŃSKI;967
TOPOROWSKI;967
BARTOSIŃSKA;966
KRÓLICKA;966
NIEDBALSKA;966
SITNIK;966
KUMAR;966
LENDZION;966
SMOK;966
PAWIŃSKA;965
SZUSZKIEWICZ;965
CHĘĆ;965
CZUBEK;965
GAŃKO;965
GRYGIER;965
KACAŁA;965
KOWALEWICZ;965
PARA;965
BOSEK;964
DROŻDŻYŃSKI;964
KADŁUBOWSKI;964
KILIŃSKI;964
KUŹMICZ;964
LALIK;964
RELIGA;964
RUTYNA;964
SZOZDA;964
ŚCIGAŁA;964
ŚLEDZIEWSKI;964
WITAK;964
ARNDT;963
DOMINICZAK;963
KAŁUSKA;963
KUDLIŃSKA;963
NAKONECHNA;963
POPIS;963
SIMON;963
TOKAR;963
BARTOŃ;963
BARTOSZUK;963
SOĆKO;963
ANISZEWSKA;962
HOJKA;962
MACIĄŻEK;962
KORYCIŃSKA;961
MAJCZAK;961
BUTRYN;961
ŁAPKA;961
PAWIŃSKI;961
NIZIŃSKA;960
BOŻYK;960
KRZESZOWSKI;960
POTĘPA;960
SMĘTEK;960
WALCZEWSKI;960
WODNICKI;960
CHWIAŁKOWSKA;959
KADŁUBOWSKA;959
KALUS;959
BRONISZ;959
FEDOROV;959
DOROSHENKO;958
GOLUCH;958
JARUGA;958
JARZYNKA;958
TOMASIEWICZ;958
ADLER;957
GLINIECKA;957
GROT;957
KUBASIK;957
WOJTASIAK;957
HYŻY;956
UCIŃSKI;956
KAŁUZIŃSKA;955
PONIKOWSKA;955
POPRAWSKA;955
ARCHACKI;955
KIESZKOWSKI;955
MIZIOŁEK;955
PARKITNY;955
GUMOWSKA;954
KUCZA;954
KUZNETSOVA;954
YATSENKO;954
ZIARKOWSKA;954
KARBOWNICZEK;954
LATAWIEC;954
MOŃKA;954
PERZYNA;954
ZACHARIASZ;954
BAJKOWSKA;953
DENYSENKO;953
FABIAŃSKA;953
SMULSKA;953
WOJNAROWICZ;953
AHMED;953
CIESZKOWSKI;953
KWAK;953
NIZIŃSKI;953
STASIOWSKI;953
PROKOPENKO;952
SANOCKA;952
HILDEBRANDT;952
ŁUBIŃSKI;952
ONISZCZUK;952
PRUCNAL;952
UCHMAN;952
WORONOWICZ;952
CIESZKOWSKA;951
IGIELSKA;951
TEODORCZYK;951
FLUDER;951
GODULA;951
KUNIKOWSKI;951
ŁEPKOWSKI;951
SIERZPUTOWSKI;951
TYLKOWSKI;951
WINIAREK;951
KRYGER;950
LASECKA;950
VOZNIUK;950
BRYCHCY;950
KOPANIA;950
KOZANECKA;949
WANDZEL;949
KORNAS;949
ROLNIK;949
SŁODKOWSKI;949
PASICHNYK;948
SAMBOR;948
SZUMIŃSKI;948
ŚLEZIAK;948
LEŚNA;947
MAKSYMENKO;947
DZIURZYŃSKI;947
KAPUŚNIAK;947
KAZNOWSKI;947
BIELAS;946
PAŁUBICKA;946
PIEKUTOWSKA;946
POŁCZYŃSKA;946
SHPAK;946
CIEĆWIERZ;946
GŁADKI;946
ŁOWICKI;946
POLOWCZYK;946
SUMARA;946
SZUMNY;946
GORYL;945
SUSZYŃSKI;945
BŁĘDOWSKA;944
KORECKA;944
KOŚCIAŃSKA;944
SZOLC;944
KRYSZAK;944
BAJERSKA;943
BORZYSZKOWSKA;943
SIEROCKA;943
WALCZEWSKA;943
FREJ;943
KMIOTEK;943
NICZYPORUK;943
RDZANEK;943
DOBIJA;942
ZMUDA;942
DANIELCZYK;942
FAJFER;942
KRZYWDZIŃSKI;942
MOCZYDŁOWSKI;942
SUSZYŃSKA;941
GDANIEC;941
IGNASZAK;941
TOMKOWIAK;941
ZAORSKI;941
CIECHOMSKA;940
OPOKA;940
SĘDŁAK;940
TRZNADEL;940
VASYLIEV;940
GOGOLEWSKA;939
BETLEJ;939
CHLEBEK;939
KAŁA;939
STRASZEWSKI;939
WŁODAREK;939
ZADROGA;939
KRZESZOWSKA;938
SKORUPIŃSKA;938
SMYKOWSKA;938
FABIAŃSKI;938
HENDZEL;938
ŁOBODZIŃSKI;938
STEMPIEŃ;938
SŁABA;937
IWASZKO;937
PONIKOWSKI;937
SIWIAK;937
TRZEŚNIEWSKI;937
BIELAWA;936
JARCZYŃSKA;936
KUCHERENKO;936
LIPCZYŃSKA;936
CIUPIŃSKI;936
DRELICH;936
KOBOS;936
KUCZ;936
OŁDAKOWSKI;936
GRAF;935
BEKIER;935
CHOMICKI;935
KLIMCZUK;935
PACAK;935
PONICHTERA;935
SMYKOWSKI;935
CHOMICKA;934
DULIŃSKA;934
DWORZYŃSKA;934
KUPIŃSKA;934
WAWROWSKA;934
KRZEMPEK;934
LESZKO;934
MAKAR;934
PASOŃ;934
PIETRASZ;934
SUJKA;934
SUPIŃSKI;934
ZIOBROWSKI;934
KOPCIŃSKA;933
LEŚNIEWICZ;933
RADZKA;933
ŚLEDZIEWSKA;933
GUMOWSKI;933
KAŁKA;933
KUPIŃSKI;933
LATOSIŃSKI;933
TUSIŃSKI;933
DROŻDŻYŃSKA;932
SIERZPUTOWSKA;932
TWORKOWSKA;932
TYLKOWSKA;932
GOGOLEWSKI;932
KOZANECKI;932
SĘDZIAK;932
NOGALSKA;931
SUWALSKA;931
BOROWCZAK;931
DOBRZENIECKI;931
KOSTRUBIEC;931
WĘGLEWSKI;931
WIDZ;931
BERG;930
ŁUBIŃSKA;930
MARTIN;930
PAWLAS;930
PODLEŚNA;930
ROSZYK;930
DZIADKOWIEC;930
KUS;930
MAGNUSZEWSKI;930
PASIECZNY;930
SEREK;930
ZEMAN;930
CENTKOWSKI;929
GROCHULSKI;929
KAWALA;929
KOŚKA;929
ŁOPACIŃSKI;929
HORDIIENKO;928
ABRAMEK;928
DULIŃSKI;928
KOŚCIAŃSKI;928
OLCHAWA;928
ORKISZ;928
PAPROTA;928
WILUSZ;928
NIWIŃSKA;927
ŚWIERKOWSKA;927
SZKOP;927
DROBNY;926
HANDZEL;926
JANIGA;926
SUWALSKI;926
SZPILA;926
WAWROWSKI;926
SHCHERBYNA;925
CIERPIAŁ;925
GASIŃSKI;925
KORNATOWSKI;925
KOTWICKI;925
ZIMOŃ;925
DOBRZENIECKA;924
KŁOPOTOWSKA;924
NAUMENKO;924
PERZYŃSKA;924
DURSKI;924
GURUNG;924
KAMROWSKI;924
KŁOPOTOWSKI;924
PUCEK;924
PURZYCKI;924
CIUPIŃSKA;923
KUSIŃSKA;923
OPOLSKA;923
BIDZIŃSKI;923
CIARKOWSKI;923
MALESZEWSKI;923
POPRAWSKI;923
ZIMNOCH;923
UZNAŃSKA;922
AFTYKA;922
BANIAK;922
CIECHOMSKI;922
CUPER;922
GNAT;922
MACHNIO;922
BIELEWICZ;921
CAŁUS;921
JOKIEL;921
KASPERKIEWICZ;921
NALEPKA;921
WRZOS;921
FEDEROWICZ;920
KUNIKOWSKA;920
LATOSIŃSKA;920
ŁOPACIŃSKA;920
ROMANIK;920
SKWARCZYŃSKA;920
SZPONAR;920
VOROBIOVA;920
WĘGLEWSKA;920
BIŃCZYK;920
DZIDO;920
DZIEDZINA;920
JARCZYŃSKI;920
KUSIŃSKI;920
LIPCZYŃSKI;920
PERZYŃSKI;920
RYŁKO;920
SPŁAWSKI;920
ŚLĘCZKA;920
ŁOBODZIŃSKA;919
NEUMAN;919
OLEWIŃSKA;919
FIGAS;919
MANIECKI;919
SIEKIERA;919
WYCHOWANIEC;919
BONISŁAWSKA;918
KORNATOWSKA;918
MIGDALSKA;918
OSMAŃSKA;918
SHAPOVAL;918
SUPRUN;918
TOPCZEWSKA;918
ŻELICHOWSKA;918
BOLESTA;918
BULIK;918
MATEUSIAK;918
BIDZIŃSKA;917
MIKOSZ;917
PAJDA;917
ROMAŃCZYK;917
SZYMANOWICZ;917
WYDRZYŃSKI;917
CHODAKOWSKA;916
CHACIŃSKI;916
CHODAKOWSKI;916
FRANCUZ;916
KOŁACKI;916
KORBEL;916
KRÓLICKI;916
SKULSKI;916
WALUS;916
SŁODKOWSKA;915
GACKI;915
GAD;915
SMOLARZ;915
KOCHANOWICZ;914
KOŚLA;914
MOŻEJKO;914
SHULHA;914
ZAORSKA;914
CHRZĄSTEK;914
PIELAK;914
ZAWIEJA;914
OŁDAKOWSKA;913
SOLOVIOVA;913
JASZEWSKI;913
KANTORSKI;913
KOZAR;913
LUDWICKI;913
MATELSKI;913
WĘGIEL;913
BORCZYK;912
CZOGAŁA;912
GALIK;912
OSTAPENKO;912
WOJTECKA;912
BALCEROWSKI;912
FILAR;912
KUŹNIEWSKI;912
HOSSAIN;911
JAŁOWIECKI;911
BRATKOWSKA;910
DENYSIUK;910
JASZEWSKA;910
JOACHIMIAK;910
KUBOWICZ;910
MATWIEJCZUK;910
SULIŃSKI;910
TOPCZEWSKI;910
WITA;910
ZADWORNY;910
GODYŃ;909
SKARBEK;909
BONISŁAWSKI;909
KOZIEJ;909
OSMAŃSKI;909
RYKACZEWSKI;909
ANTOŃCZYK;908
BORYSENKO;908
JĘDRYCHOWSKA;908
KORNECKA;908
LUDWICKA;908
ŁEPKOWSKA;908
MAKAROVA;908
MATELSKA;908
MŁODZIANOWSKA;908
STASIOWSKA;908
SZAJNA;908
KROLL;908
KORNIIENKO;907
SMOLEŃSKA;907
ZIOBROWSKA;907
DYMKOWSKI;907
POWIERŻA;907
GONTAREK;906
MITKA;906
TUSIŃSKA;906
GÓRCZAK;906
PIECZYKOLAN;906
SKIERSKI;906
YAVORSKYI;906
ZĘBALA;906
ŻELICHOWSKI;906
DURSKA;905
MICHALEWSKA;905
PAWLICZEK;905
DUBAJ;905
GĄSIEWSKI;905
MEJER;905
PRZYBYCIEŃ;905
RYKAŁA;905
BIELAŃSKA;904
DZIURZYŃSKA;904
KRAŚNICKA;904
SULIŃSKA;904
AUGUŚCIK;904
BANDURSKI;904
HIBNER;904
MIROCHA;904
MITRĘGA;904
PACAN;904
TRUCHAN;904
KOJDER;903
ŁEMPICKA;903
NOVAK;903
TRZEŚNIEWSKA;903
BAŁAZY;903
ŁACIAK;903
MŁODZIANOWSKI;903
SIELICKI;903
ŻELECHOWSKI;903
DOBROVOLSKA;902
MANIECKA;902
SKIERSKA;902
HAŁASA;902
BILETSKA;901
WYDRZYŃSKA;901
HABA;901
PAZIO;901
SZCZESNY;901
TROCKI;901
KONONENKO;900
BIELAŃSKI;900
DZIWISZ;900
HAJDUGA;900
KOZLOV;900
MIGDALSKI;900
MOĆKO;900
PANFIL;900
STRUSKI;900
SZKLARCZYK;900
DOMACHOWSKA;899
GASIŃSKA;899
SUPIŃSKA;899
MAROŃ;899
POCHOPIEŃ;899
STRZAŁA;899
ŚWITEK;899
TEPER;899
WIECHEĆ;899
DUBAS;898
LUTSENKO;898
MARCOL;898
STEPANENKO;898
BOBRYK;898
GAWENDA;898
LUBERDA;898
PYCH;898
SOSZKA;898
WALECKI;898
WITAS;898
ARCHACKA;897
KOVALSKA;897
DRWAL;897
HEJDUK;897
MAJERCZYK;897
OCHAŁ;897
STANIASZEK;897
WOŁCZYK;897
CHARKIEWICZ;896
MACIEJCZAK;896
PIETRYGA;896
SZYBIAK;896
MOROZOV;896
CISZAK;895
DŁUGOKĘCKA;895
ŻELECHOWSKA;895
BINKIEWICZ;895
DŁUGOKĘCKI;895
FUKS;895
JĘDRYCHOWSKI;895
MATUSZYK;895
OZDOBA;895
RUDOWSKI;895
SYLWESTRZAK;895
TLAŁKA;895
BRULIŃSKA;894
HERMANN;894
HAJDA;894
HYJEK;894
LANGA;894
SŁOMIAN;894
BARYLSKA;893
BRONIKOWSKA;893
IRZYK;893
WITOS;893
WOJTAN;893
MAINKA;892
OSADNIK;892
SIERACKA;892
STOCH;892
SZTORC;892
LESZEK;892
MAJDAK;892
SOPATA;892
KRZYWDZIŃSKA;891
KUŹNIEWSKA;891
ŁOWICKA;891
MAGNUSZEWSKA;891
PAJEWSKA;891
UCIŃSKA;891
GOŁUŃSKI;891
GRADZIK;891
MUCHOWSKI;891
PACZUSKI;891
POŻOGA;891
SIEMIANOWSKI;891
KAZNOWSKA;890
GROMALA;890
MASZTALERZ;890
MINDA;890
NIKLAS;890
BANDURSKA;889
FRAŃCZAK;889
STELMASZYK;889
DURDA;889
JĘDRZEJEK;889
PTASZNIK;889
MARCINIUK;888
NOWARA;888
WALECKA;888
DEPCZYŃSKI;888
KUSEK;888
ORCZYKOWSKI;888
CHACIŃSKA;887
DYMKOWSKA;887
GRZECHOWIAK;887
LISIŃSKA;887
PISKOREK;887
SZAŁAŃSKA;887
DREWNOWSKI;887
KAWAŁKO;887
LISIŃSKI;887
SŁAWSKI;887
STERNAL;887
SZURGOT;887
WYSZOMIERSKI;887
DREWNOWSKA;886
GONTARCZYK;886
JACAK;886
SZENDZIELORZ;886
ZAKHAROVA;886
GŁOS;886
GOŁEK;886
KONSEK;886
WIŃSKI;886
LINEK;885
ANUSZKIEWICZ;885
CZARNIAK;885
MYKHAILOV;885
SERWA;885
SMULSKI;885
SZAŁAŃSKI;885
ZŁOTKOWSKI;885
SIELICKA;884
ZDUNIAK;884
ANTAS;884
KAZIMIERCZUK;884
KUZIOŁA;884
ŁAWECKI;884
SIERACKI;884
WASIŃSKI;884
KAMROWSKA;883
PALAMARCHUK;883
SPŁAWSKA;883
SZADY;883
ZŁOTKOWSKA;883
FLISIKOWSKI;883
MASIAK;883
OGRODOWSKI;883
PIKUS;883
DYKA;882
LABUS;882
ZADWORNA;882
CIUPKA;882
FABIŚ;882
HULBÓJ;882
JÓZWIAK;882
LOCH;882
PACUŁA;882
WIELEBA;882
DOMACHOWSKI;881
JURCZUK;881
KONSTANTY;881
MYSZK;881
OLECHNO;881
DĘBKOWSKA;880
KOTWICKA;880
BRONIKOWSKI;880
GROŃ;880
JAKIMIUK;880
POLEWSKI;880
RAŹNY;880
RODZEŃ;880
SKWARCZYŃSKI;880
KRASICKA;879
LAMPARSKA;879
ORCZYKOWSKA;879
DZIOBA;879
HAŁAT;879
JURGIELEWICZ;879
KROCHMAL;879
ŁUC;879
MYSŁEK;879
SZCZODROWSKI;879
WOJTECKI;879
SOKULSKA;878
BRUSKI;878
KIEŁEK;878
KOBYŁKA;878
OKUNIEWSKI;878
PERKA;878
POLEWSKA;877
STANICKA;877
CZAPKA;877
GOCH;877
ŁĄCZNY;877
MANOWSKI;877
PACHOLEC;877
SMOLEŃSKI;877
SMUGA;877
ŚWIECA;877
WACHNIK;877
BRZOSKA;876
KOLISNYK;876
DRĄŻKOWSKI;876
NOREK;876
WIKA;876
GĄSIEWSKA;875
RADKO;875
WOŁOWICZ;875
BŁAUT;875
BUŁAWA;875
DZWONEK;875
IWAŃCZUK;875
KABZIŃSKI;875
KIJAS;875
MIELCARZ;875
NIWIŃSKI;875
RYMARZ;875
ŚMIESZEK;875
JAKIMOWICZ;874
TOMAS;874
GAWĘCKI;874
SAJA;874
CIARKOWSKA;873
DEPCZYŃSKA;873
BUŚKO;873
KOTALA;873
NIKODEM;873
MOCZYDŁOWSKA;872
BOCHNAK;872
CHEŁMIŃSKI;872
GOSŁAWSKI;872
JAMROŻY;872
KĄKOLEWSKI;872
MOCH;872
PALUS;872
SZLĘK;872
UZNAŃSKI;872
SIDORUK;871
GORZKIEWICZ;871
KOPCZYK;871
POCZĄTEK;871
SYCZ;871
WEŁNA;871
FLORKIEWICZ;870
KISIELEWICZ;870
SŁAWSKA;870
CHWAŁA;870
JARMOŁOWICZ;870
KRAJ;870
KUMOREK;870
TARASEK;870
WALASIK;870
GAWĘCKA;869
KRZEWSKA;869
NOWOTARSKA;869
VLASIUK;869
DOBROSIELSKI;869
KRAŚNICKI;869
PIÓREK;869
POLCYN;869
ALI;868
CHACHUŁA;868
KONOPA;868
KRZYSIEK;868
KUSYK;868
ROGOWICZ;868
SADOWY;868
CIEPŁA;867
DOBROSIELSKA;867
GRALEWSKA;867
KORNELUK;867
LASZUK;867
SOBIESIAK;867
DOLATOWSKI;867
ŁYCZKOWSKI;867
SOSIN;867
ZIEMBICKA;866
BRATKOWSKI;866
KOMUDA;866
MICHALEWSKI;866
MIĘTUS;866
OŻAROWSKI;866
DMYTRENKO;865
KANTORSKA;865
PASIECZNA;865
PURZYCKA;865
WIDUCH;865
HINCA;865
SKIBNIEWSKI;865
ANDERS;864
BALCEROWSKA;864
CENTKOWSKA;864
GOJ;864
GOSŁAWSKA;864
LEWANDOWICZ;864
BIEGAJ;864
BONDYRA;864
CHEŁMINIAK;864
KOCHMAN;864
KUNC;864
LEŚKO;864
MODRZYŃSKI;864
BABYCH;863
HERASYMENKO;863
KAFEL;863
KAŹMIERCZYK;863
KOPYCIŃSKI;863
LENIK;863
MAKARUK;863
OPIOŁA;863
STANICKI;863
STRUŚ;863
WAWSZCZAK;863
OSTAPCHUK;862
CIEPLIK;862
CZUPRYNIAK;862
EWERTOWSKI;862
HADRYŚ;862
JANKOWICZ;862
MIARA;862
NYGA;862
SIEJA;862
SOKÓLSKI;862
STOSIO;862
ŁAWECKA;861
SZARMACH;861
FURGAŁA;861
GRYKO;861
PŁOMIŃSKI;861
WALENDZIK;861
EWERTOWSKA;860
FAŁEK;860
GOŁUŃSKA;860
SIEMIANOWSKA;860
WYSZOMIERSKA;860
BAKALARSKI;860
FIGARSKI;860
STRAMA;860
WYROSTEK;860
DOLATOWSKA;859
KIELAN;859
NIKITINA;859
OŻAROWSKA;859
TROCKA;859
WIŃSKA;859
MANKIEWICZ;859
ROZUM;859
SŁUPEK;859
KAJZER;858
RDUCH;858
SZCZESNA;858
CHAMERA;858
LESZCZYK;858
SOKULSKI;858
WOLAN;858
OLEKSIEWICZ;857
SZARZYŃSKA;857
WASIŃSKA;857
BOCHEN;857
CEGLARZ;857
DRYWA;857
MASALSKI;857
RZUCIDŁO;857
SZELEST;857
TALAŚKA;857
TROSZCZYŃSKI;857
ZACZYK;857
DRĄŻKOWSKA;856
KOJ;856
KRZOS;856
MATCZUK;856
KAWULA;856
MAŁOTA;856
NAZAR;856
SIEŃKOWSKI;856
STRZYŻ;856
WIJATA;856
FIGARSKA;855
PILICHOWSKA;855
PRZYCHODZEŃ;855
BRAŃKA;854
JARCZYK;854
SOKÓLSKA;854
ŚMIETANKA;854
WIT;854
ZUBA;854
BUCZKO;854
NOWOTARSKI;854
SIARA;854
IVASHCHENKO;853
KLUCZEWSKA;853
MANOWSKA;853
BAJON;853
BOŚ;853
FILAS;853
IVANCHENKO;852
LINDNER;852
OKUNIEWSKA;852
POSŁUSZNA;852
BALAWENDER;852
BEREDA;852
BEREŚ;852
KONDEJ;852
NOWOTNY;852
OPOLSKI;852
SOŃTA;852
SZARZYŃSKI;852
SZYMULA;852
CHMURZYŃSKA;851
HOLOVKO;851
DYBAŚ;851
GAJDZIŃSKI;851
ZAWALSKI;851
KOZAKOWSKA;850
TROSZCZYŃSKA;850
BORUC;850
BZOWSKI;850
KIJANKA;849
OSTAPOWICZ;849
SIDORCZUK;849
SZCZECHOWICZ;849
GROCHOWINA;848
KORNECKI;848
RYSZKOWSKI;848
WITKIEWICZ;848
ZBLEWSKI;848
ZIEMBICKI;848
GRZEGORSKA;847
MADERA;847
JAROCH;847
KOZAKOWSKI;847
RZĄDKOWSKI;847
MACHALSKA;846
PALIGA;846
SZCZODROWSKA;846
GNATOWSKI;846
GOSPODARCZYK;846
HAN;846
JANOWIAK;846
KMAK;846
MACIOCHA;846
PARZYSZEK;846
MELNYCHENKO;845
MODRZYŃSKA;845
PYLYPCHUK;845
SACHARCZUK;845
CIASTOŃ;845
GRUDA;845
KRZEWSKI;845
KRZYSZTOFIAK;845
REJNIAK;845
WRĘCZYCKI;845
WYROBEK;844
NOGAL;844
POPIELARSKI;844
ROMANIAK;844
RUSZEL;844
BUCHOLC;843
BUCHWALD;843
GABRIEL;843
OWSIAK;843
THIEL;843
SZUREK;843
SZYCH;843
JANASZEK;842
NIESTRÓJ;842
CIELUCH;842
FIJAŁ;842
LAMPARSKI;842
PESTA;842
SZKODA;842
SZWAJA;842
ŁYCZKOWSKA;841
PRZEWŁOCKA;841
RYKACZEWSKA;841
GALICA;841
GRZEŚ;841
MUC;841
PAKOSZ;841
PAŁUCKI;841
RYCHERT;841
WITASZEK;841
GAJDZIK;840
KANCLERZ;840
LEJMAN;840
RZĄDKOWSKA;840
CHMARA;840
NAJMAN;840
WATRAS;840
DOMBEK;839
MOTYLEWSKA;839
WŁODARZ;839
BERNATOWICZ;839
FRĄCZKOWSKI;839
KRASICKI;839
SZYMANIK;839
ŚWIATŁOWSKI;839
KOŁACKA;838
SKIBNIEWSKA;838
CZERNIECKI;838
HOŁUBOWICZ;838
KURZAK;838
OLAK;838
ZMYŚLONY;838
BRUSKA;837
BURCZYŃSKA;837
PÓŁCHŁOPEK;837
PROKOPCHUK;837
STRUSKA;837
CISAK;837
DENISIUK;837
KARWOT;837
PYSZ;837
CHODKIEWICZ;836
FLISIKOWSKA;836
MICHNIAK;836
RUDOWSKA;836
DEPA;836
GORAL;836
GROŃSKI;836
GRZECH;836
KATARZYŃSKI;836
PAWLINA;836
BAKALARSKA;835
CHUDZICKA;835
MACHOŃ;835
OSUCHOWSKI;835
GRUSZCZYK;834
JERECZEK;834
ŁUBKOWSKI;834
PRZERWA;834
SAMUL;834
ZACHWIEJA;834
BIELEŃ;833
DURAK;833
FARYNA;833
ISLAM;833
KONOPSKI;833
ŁYCZAK;833
PASIUT;833
RAMOTOWSKI;833
WARYCH;833
JAŁOWIECKA;832
THOMAS;832
CHMURZYŃSKI;832
KORTAS;832
KOZIATEK;832
URYGA;832
KABZIŃSKA;831
MADAJ;831
ORLICKA;831
OSUCHOWSKA;831
ZAKHARCHUK;831
DĘBKOWSKI;831
JOP;831
KLUCZEK;831
KOŁOSOWSKI;831
KOZACZUK;831
LEVYTSKYI;831
MAKIEŁA;831
MIĘTKIEWICZ;831
PAŚNIK;831
PIŁKA;831
ŚWIĘTOŃ;831
BYSTRZYCKA;830
SIWA;830
BUSZ;830
ŁOJKO;830
STOJAK;830
TOPA;830
CHEŁMIŃSKA;829
OGRODOWSKA;829
PACZUSKA;829
GRZYMKOWSKI;829
KUZIA;829
NAROŻNY;829
PRÓCHNIAK;829
PRZEŹDZIECKI;829
ROMANOV;829
LIGAS;828
OMELCHENKO;828
WANIEK;828
CHMIELAK;828
GĄBKA;828
JAŃCZYK;828
KOPECKI;828
PABIS;828
RATKOWSKI;828
STAŚ;828
KOŁOSOWSKA;827
MUCHOWSKA;827
RYSZKOWSKA;827
STROIŃSKA;827
ZAWALSKA;827
ORLICKI;827
GAWORSKA;826
MAKARSKA;826
CHUDZICKI;826
MELON;826
MOTYLEWSKI;826
PAZERA;826
SROGA;826
STYPUŁA;826
BITNER;825
IVANIUK;825
KĄKOLEWSKA;825
SZULCZEWSKA;825
BARYLSKI;825
ŁYSAK;825
MYSZAK;825
ŚWIATŁOWSKA;824
YAREMCHUK;824
FRONC;824
GRALEWSKI;824
LUBERA;824
PUCHACZ;824
ROHDE;824
CHERNENKO;823
DERKOWSKA;823
ŁUBKOWSKA;823
FEDAK;823
ŁUKOWICZ;823
MORYS;823
RUPIŃSKI;823
STYPA;823
TERESZKIEWICZ;823
ZAGRODZKI;823
GOLON;822
RYLSKA;822
STOSIK;822
RZEWUSKA;821
SAMSON;821
DERKOWSKI;821
FURGAŁ;821
RYZNAR;821
ŚLEDZIŃSKI;821
BARANIECKA;820
DĄBSKA;820
DROZDA;820
SIEŃKOWSKA;820
STOBIECKA;820
DUK;820
DZIEKAŃSKI;820
SZELA;820
WARZYŃSKI;820
WIECH;820
DANECKA;819
MALEWICZ;819
GAPSKI;819
MAKARSKI;819
MARTYKA;819
PISZCZ;819
PODOBIŃSKI;819
SZTABA;819
CZERNIECKA;818
TYMOSHCHUK;818
WARZYŃSKA;818
BRUZDA;818
GLAPIAK;818
KAZANOWSKI;818
BUKOWIECKA;817
FRĄCZKOWSKA;817
KOPYCIŃSKA;817
LICHOŃ;817
RAMOTOWSKA;817
GRZEGORSKI;817
KONICKI;817
SIBIŃSKI;817
BUGLA;816
KLIMOWSKA;816
ZAGRODZKA;816
ZBLEWSKA;816
DULEWICZ;816
KOPA;816
PRAŁAT;816
PRZEWŁOCKI;816
SPRAWKA;816
ZASTAWNA;815
BOŁOZ;815
GARDOCKI;815
HORNIK;815
KLUCZEWSKI;815
MALCHER;815
MURACH;815
JANISZ;814
TOMASZCZYK;814
FRĄC;814
PACHUCKI;814
SMIRNOV;814
ZABŁOTNY;814
BZOWSKA;813
WRĘCZYCKA;813
BAZYDŁO;813
MICHALCZAK;813
PASIKOWSKI;813
SEKULSKI;813
TWORZYDŁO;813
GONET;812
MEDYŃSKA;812
OLSZOWA;812
AUGUSTOWSKI;812
DANIELSKI;812
GRABOWICZ;812
HONCHAROV;812
KAŃSKI;812
KOBZA;812
PATALAS;812
PRABUCKI;812
WOJACZEK;812
ZMARZŁY;812
GOŚCIŃSKA;811
KATARZYŃSKA;811
BAKA;811
DANECKI;811
GUZIAK;811
OCHNIO;811
POTACZEK;811
ZUBEL;811
RYCERZ;810
BURCZYŃSKI;810
KIEDROWICZ;810
KROWICKI;810
MOROŃ;810
RZESZOWSKI;810
WICHA;810
DANIELSKA;809
GNATOWSKA;809
HALAMA;809
KAŁUŻYŃSKA;809
ŚLEDZIŃSKA;809
ANDRZEJCZUK;809
BARANIECKI;809
GIEROŃ;809
GOLUS;809
GOŚCIŃSKI;809
KWINTA;809
ŁOPUSZYŃSKI;809
MALECKI;809
PAŚCIAK;809
PYDA;809
STOBIECKI;809
SZMURŁO;809
JAKUBASZEK;808
KAMIENIECKI;808
KLIMOWSKI;808
MEDYŃSKI;808
MUSIALSKI;808
DERĘGOWSKA;807
KRAMER;807
MAKULSKA;807
PINKOWSKA;807
RATKOWSKA;807
SEKULSKA;807
DYGA;807
DYK;807
MARCIŃCZYK;807
PANCERZ;807
PODKOWA;807
SZYMONIK;807
ZBROJA;807
ŻÓRAWSKI;807
BRZOSKOWSKA;806
PAPRZYCKA;806
SOLSKA;806
KUCZEWSKA;805
PASIKOWSKA;805
ZIEMKIEWICZ;805
BUKOWIECKI;805
CHRUŚCICKI;805
GAJOWNIK;805
ŁACNY;805
MACHALSKI;805
ŚWIERAD;805
WDOWCZYK;805
CACKOWSKA;804
CZOK;804
KAMIENIECKA;804
PARKITNA;804
PRZEŹDZIECKA;804
RADŁOWSKA;804
BRZOSKOWSKI;804
BYSTRZYCKI;804
CACKOWSKI;804
JANISZEK;804
KWASEK;804
MACIOROWSKI;804
PILICHOWSKI;804
WAWRZYCZEK;804
CHUMAK;803
NARKIEWICZ;803
PODOBIŃSKA;803
WOSZCZYNA;803
KAŁUCKI;803
PRĘDKI;803
MALECKA;802
KUKOWSKI;802
ŁAGODZIŃSKI;802
PAPROTNY;802
SKUTNIK;802
CZABAN;801
GRZYMKOWSKA;801
WIATRAK;801
KUROPATWA;801
MIESZAŁA;801
PIETRASIAK;801
TYLEK;801
KLECZKOWSKA;800
LEVCHUK;800
MYKHAILENKO;800
BORYSEWICZ;800
BULCZAK;800
GOLDA;800
KUNYSZ;800
KWAPIŃSKI;800
PAŁAC;800
SEMENOV;800
GRĄDZIEL;799
KAZANOWSKA;799
MINKIEWICZ;799
DURZYŃSKI;799
LEWKO;799
LORENS;799
WIADERNY;799
WOLFF;798
CIOS;798
KRYSIK;798
KURANT;798
OŚLIZŁO;798
ROZMIAREK;798
RÓZGA;798
JOHN;797
POLSKA;797
ŚMIAŁKOWSKA;797
BROCKI;797
DĄBSKI;797
DERĘGOWSKI;797
KOPCIUCH;797
SŁOMIANY;797
STANASZEK;797
ŚLIŻ;797
ZATOŃ;797
BARCZEWSKA;796
CABAŁA;796
JĘDRUCH;796
PRABUCKA;796
PYTLARZ;796
DRATWA;796
DZIAK;796
SKWIERAWSKI;796
SMUTEK;796
TUTKA;796
WIETECHA;796
KOŁACZEK;795
DOMERACKI;795
JAROSIEWICZ;795
KUBA;795
LATO;795
NARUSZEWICZ;795
NISKI;795
NOWEK;795
FRIEDRICH;794
KUKOWSKA;794
LANG;794
MASALSKA;794
SERHIIENKO;794
BROŚ;794
MATYKA;794
PRZYŁUCKI;794
RZEŹNICKI;794
SROMEK;794
NOWOWIEJSKA;793
RUPIŃSKA;793
STUPAK;793
BILYI;793
KANDZIORA;793
LEW;793
ROSŁON;793
WAŚNIOWSKI;793
WEJMAN;793
DZIEKAŃSKA;792
GAPSKA;792
KOPECKA;792
RZESZOWSKA;792
WIELOGÓRSKA;792
CZUBIŃSKI;792
DZIENIS;792
HAMERA;792
KUCZEWSKI;792
LIBERSKI;792
LITWA;792
MICAŁ;792
SZWAJKOWSKI;792
KOMAN;791
DYNOWSKI;791
GAWORSKI;791
GŁADKOWSKI;791
JUŚKIEWICZ;791
KLUCZNIK;791
LISAK;791
OŚKA;791
PERCZYŃSKI;791
RADKOWSKI;791
WAWRYNIUK;791
ŻÓŁTEK;791
CHRUŚCICKA;790
KAŃSKA;790
PACHULSKA;790
SYDOR;790
WAŚNIOWSKA;790
BABICKI;790
ŁÓJ;790
MISZKIEWICZ;790
OLESZKO;790
RADŁOWSKI;790
REMBISZ;790
STOŻEK;790
SZPARA;790
BABICKA;789
GOSTYŃSKA;789
CZAPLEWSKI;789
GRYBOŚ;789
JANUSZKO;789
KARPETA;789
KOPIJ;789
KUCZAJ;789
KURACH;789
PŁANETA;789
RUSZCZAK;789
BROCKA;788
CZUBIŃSKA;788
DANIŁOWICZ;788
GAJDZIŃSKA;788
LICZNERSKA;788
MŁYŃCZAK;788
ZGIERSKA;788
BOLEWSKI;788
KAŁUŻYŃSKI;788
KAPERA;788
KORYTOWSKI;788
KUCHCIŃSKI;788
TERLIKOWSKI;788
DYNOWSKA;787
GLANOWSKA;787
NAROŻNA;787
SOLARCZYK;787
BARTOCHA;787
FERET;787
GUL;787
JAREMA;787
KRZYKAWSKI;787
LENARCIK;787
PIEŃKOSZ;787
ZGIERSKI;787
KASTELIK;786
KORYTOWSKA;786
SMITH;786
BASZAK;786
GRAB;786
KŁODZIŃSKI;786
KUBRAK;786
PAPRZYCKI;786
SZULCZEWSKI;786
WUJEK;786
KALICIŃSKA;785
NAHORNA;785
SEIDEL;785
ŁODYGA;785
ŁUSZCZAK;785
NOBIS;785
STROIŃSKI;785
STRYCHALSKI;785
ŚWIECH;785
KONOPSKA;784
DUDKO;784
FLAGA;784
GOSTYŃSKI;784
HERMANOWICZ;784
LELITO;784
SHAPOVALOV;784
SHARMA;784
SŁYSZ;784
LIBERSKA;783
MAJDAŃSKA;783
ROMANCHUK;783
CHMIELNICKI;783
FROŃ;783
MATULEWICZ;783
MYTYCH;783
PACHLA;783
PATYNA;783
STOŁOWSKI;783
GROŃSKA;782
MATURA;782
POPIELARSKA;782
DENKIEWICZ;782
GLANOWSKI;782
KOKOSZA;782
OSTASZ;782
SINKIEWICZ;782
STARZAK;782
ZAITSEV;782
BŁASZCZYŃSKA;781
GORZELAŃCZYK;781
STOJANOWSKA;781
DWORACZEK;781
KASZOWSKI;781
KRZYSZKOWSKI;781
WAWRZYNOWICZ;781
ZWOLSKI;781
ŻBIK;781
GŁADKOWSKA;780
ZHUKOVA;780
KOBIELSKI;780
MARGOL;780
RAJCZYK;780
SUJECKI;780
GABRYSZEWSKA;779
ONYSHCHENKO;779
OSMÓLSKA;779
PARKHOMENKO;779
WACŁAWCZYK;779
BORS;779
DZIEWIĘCKI;779
GOLAN;779
ŁONIEWSKI;779
TYLICKI;779
OLSZYŃSKA;778
PRÓCHNICKA;778
TECŁAW;778
BOBKOWSKI;778
GABRYSZEWSKI;778
IGNATOWSKI;778
KORZENIECKI;778
LICZNERSKI;778
LUBOWIECKI;778
WÓJS;778
SAMOL;777
GĘSICKI;777
KOTLAREK;777
MUĆKA;777
PASŁAWSKI;777
SUTOR;777
TWARDZIK;777
WALO;777
ŁĄCZNA;776
PATORA;776
PRZYBYSŁAWSKA;776
BACHANEK;776
DAMPS;776
KROCZAK;776
MAJDAŃSKI;776
OSMÓLSKI;776
LUBOWIECKA;775
PASŁAWSKA;775
SOLAREK;775
STOŁOWSKA;775
BEŚKA;775
CHOCHÓŁ;775
KORAL;775
OLSZYŃSKI;775
PACHULSKI;775
WOŁK;775
BAŃCZYK;774
BOLEWSKA;774
BRUDNICKA;774
DIDYK;774
POMARAŃSKA;774
SAŁACIŃSKA;774
ŚWIĄTKIEWICZ;774
WARMUZ;774
WIĘCKIEWICZ;774
ZYSK;774
HENNIG;774
MISIASZEK;774
PINKOWSKI;774
PRÓCHNICKI;774
SZCZYPEK;774
NIKOLAIEVA;773
WOLICKA;773
HERDA;773
OSTAFIN;773
PAŃCZAK;773
PASTOR;773
SKARZYŃSKI;773
HRYHORIEVA;772
KWAPIŃSKA;772
LESIK;772
PIETREK;772
SULARZ;772
WAJDZIK;772
ORMAN;772
RYLSKI;772
SKUBIS;772
SULIK;772
TATAREK;772
BRODACKA;771
BYRA;771
CHABER;771
PRZYŁUCKA;771
DURCZAK;771
GRUCHOT;771
KALARUS;771
MICHALCZEWSKI;771
POTONIEC;771
SZABLA;771
CZAPLEWSKA;770
MUSIALSKA;770
TRYBUŚ;770
ŚMIEJA;770
WOLICKI;770
MALARCZYK;769
SAMOILENKO;769
DZIEWA;769
KALICIŃSKI;769
MIŚKO;769
SIEDLACZEK;769
STRZELCZAK;769
SZCZUDŁO;769
SZMAJDA;769
SZYC;769
CZYŻOWSKA;768
GRZEJSZCZAK;768
KRZYSZKOWSKA;768
ŁUCZKIEWICZ;768
ROZMARYNOWSKA;768
STRYCHALSKA;768
ŻÓRAWSKA;768
BIK;768
BRODACKI;768
KRĘCISZ;768
KUCIEL;768
LEKKI;768
MAZAN;768
SAŁACIŃSKI;768
STEPANOV;768
STOJANOWSKI;768
ULIŃSKI;768
BABIUCH;767
HRYTSENKO;767
RADLIŃSKA;767
SUJECKA;767
CHRUSZCZ;767
GLAPIŃSKI;767
HANUS;767
KAMINSKI;767
ORLOV;767
RYDZYŃSKI;767
WRONKOWSKI;767
BARCZ;766
MATVIIENKO;766
REICH;766
GRYGO;766
JAKIEL;766
KUKAWSKI;766
PACEWICZ;766
PACHOŁEK;766
PUSZ;766
WIELOGÓRSKI;766
LIASHENKO;765
OSIADACZ;765
PROKOPCZYK;765
PUZDROWSKA;765
RADKOWSKA;765
RYSZEWSKA;765
SKAŁA;765
GUMIENIAK;765
HEROK;765
JAMIOŁKOWSKI;765
JUSZCZUK;765
KARYŚ;765
KOLANEK;765
KUJAWIAK;765
PACOCHA;765
PRZYBYSŁAWSKI;765
RADLIŃSKI;765
RANISZEWSKI;765
RUP;765
STOCHMAL;765
SUBOCZ;765
TOKAREK;765
KONICKA;764
KROWICKA;764
WIECHOWSKA;764
CHOMIUK;764
CZYŻOWSKI;764
HUDZIK;764
MAJAK;764
NOWOWIEJSKI;764
SKWIERCZYŃSKI;764
WOJCIECH;764
ZIEJA;764
KUCHCIŃSKA;763
PERCZYŃSKA;763
PIECHOCIŃSKA;763
RZEŹNICKA;763
WRONKOWSKA;763
ARMATA;763
DYLA;763
KARCZMARZ;763
PONIEWIERSKI;763
ROZMARYNOWSKI;763
SIEDLARZ;763
SŁABOSZ;763
TOMICKI;763
WAŃCZYK;763
DOMERACKA;762
KARGOL;762
BARTUŚ;762
DANILCZUK;762
KOŚNIK;762
LIU;762
ŁAŚ;762
MAKULSKI;762
MIKUSEK;762
PALUCHOWSKI;762
PIESIK;762
SARNACKI;762
SZULIŃSKI;762
ŚWITAJ;762
WOŁCZYŃSKI;762
ZDZIECH;762
HAMPEL;761
HERMANOWSKA;761
WINKOWSKA;761
KUKUCZKA;761
SAWKO;761
ŚCIBIOR;761
CHMIELNICKA;760
BETKA;760
CICHOWLAS;760
CIERPISZ;760
KORAB;760
MACIOŁ;760
NIERODA;760
POMARAŃSKI;760
RACIBORSKI;760
SOLIWODA;760
KOBIELSKA;759
PŁOMIŃSKA;759
WESOŁA;759
BRUDNICKI;759
JANASIK;759
MASZOTA;759
SUMERA;759
ENGEL;758
GLAPIŃSKA;758
GOWIN;758
IGNATOWSKA;758
PELCZARSKA;758
TOMICKA;758
GOŚ;758
KLECZKOWSKI;758
NIKITIN;758
RYSZEWSKI;758
ŚWIGOŃ;758
CEGLIŃSKA;757
FROLOVA;757
SMOLARSKA;757
ULIŃSKA;757
WÓJCIKIEWICZ;757
GLAZER;757
JASIONOWSKI;757
KRZYWONOS;757
MAZANEK;757
PIZOŃ;757
SŁOMCZEWSKI;757
SUPEŁ;757
TREPKA;757
ZAWŁOCKI;757
DAVYDENKO;756
DOMINIKOWSKI;756
DYBKA;756
GOSTOMSKI;756
PRZYCHODZKI;756
SZAŁAS;756
ŻMUDZKI;756
ŁONIEWSKA;755
CHLEWICKI;755
KACZMAR;755
KALOTA;755
KANAREK;755
ŁYSKAWA;755
NIEBRZYDOWSKI;755
RYŃSKI;755
WOŁOCH;755
BATORSKA;754
KŁODZIŃSKA;754
BUSZTA;754
DOMŻAŁ;754
KRÓLCZYK;754
MORYC;754
PENAR;754
ŚMIAŁKOWSKI;754
BARCZEWSKI;753
BUDZ;753
LOBA;753
PACYGA;753
RAWA;753
SNOCH;753
STRASZAK;753
WIELĄDEK;753
KRUSZELNICKA;752
KUBISZ;752
ŁASZEWSKA;752
CEGLIŃSKI;752
GORĄCY;752
GOSIEWSKI;752
KACZAN;752
KAPRAL;752
SETA;752
STANISŁAWEK;752
TRZEBIŃSKI;752
WZIĄTEK;752
ZAPALSKI;752
DURZYŃSKA;751
MAKSYM;751
MARCIŃSKA;751
MICHALCZEWSKA;751
CIĘŻKOWSKI;751
DZIENISZEWSKI;751
FABIJAŃSKI;751
KARCZYŃSKI;751
KLINKOSZ;751
ŁAPACZ;751
AUGUSTOWSKA;750
JASIONOWSKA;750
KORZENIECKA;750
ZAIETS;750
BRÓDKA;750
JABŁECKI;750
KUK;750
KURSA;750
OBRYCKI;750
PUZDROWSKI;750
SOLSKI;750
ŚWIETLICKI;750
BEREZHNA;749
ZAPOLSKA;749
CZYŻYCKI;749
DRABCZYK;749
FIKUS;749
GIERS;749
GOGOLA;749
GRUDNIEWSKI;749
HERMANOWSKI;749
JEZIORNY;749
KAŁEK;749
KOŁTON;749
PIEGZA;749
STRYCHARZ;749
SZYCA;749
ŻŁOBIŃSKI;749
KANDZIA;748
ŁAGODZIŃSKA;748
ŁOPUSZYŃSKA;748
PAŁUCKA;748
RYDZYŃSKA;748
WĘGŁOWSKA;748
ZWOLSKA;748
CIESIELCZYK;748
KURNIK;748
MYDLARZ;748
RYSZ;748
RZEPCZYŃSKI;748
RZEŹNICZAK;748
STAŃSKI;748
STOLECKI;748
SZCZEPEK;748
TOMASZKIEWICZ;748
JĘDRUSIAK;747
OVCHARENKO;747
SOBEL;747
BŁĄDEK;747
DZIAŁAK;747
JAŁOSZYŃSKI;747
JANOSZKA;747
JUROSZEK;747
KRUSZELNICKI;747
PRUCHNICKI;747
GONSIOR;746
JAMIOŁKOWSKA;746
KAŁUCKA;746
KOSTRO;746
PROTSENKO;746
ULIASZ;746
ZAPALSKA;746
BUBAK;746
KLAMKA;746
KURCZYŃSKI;746
MĘDRALA;746
DOMINIKOWSKA;745
GAWLIŃSKA;745
LITWINIUK;745
BOGDAŁ;745
CAP;745
CZACHOROWSKI;745
GRYS;745
MACEK;745
SKOCZYŃSKI;745
SZCZEPANIEC;745
ŻYCIŃSKI;745
CHOWAŃSKA;744
KRZYKAWSKA;744
STAŃSKA;744
TARASOVA;744
WAWRZYNEK;744
WITWICKA;744
ŻMUDZKA;744
BOGUTA;744
KASPERCZAK;744
MAGIERSKI;744
MOŹDZIERZ;744
MUSKAŁA;744
MYSZOR;744
SZKARADEK;744
WYLEGAŁA;744
ŻARCZYŃSKI;744
CZACHOROWSKA;743
GARDOCKA;743
KILANOWSKA;743
SEREDYŃSKA;743
SZWAJKOWSKA;743
BURZA;743
CHEŁCHOWSKI;743
DZIAŁO;743
IWAŃCZYK;743
MAMMADOV;743
MIŁOSZEWSKI;743
PIECHOCIŃSKI;743
ŚLIMAK;743
UTRATA;743
ŻOK;743
SERAFIŃSKA;742
DAŃCZAK;742
JAREMKO;742
SZYNKIEWICZ;742
FABIJAŃSKA;741
KURCZYŃSKA;741
MIŁOSZEWSKA;741
RANISZEWSKA;741
CHOROŚ;741
CIEŚLIKOWSKI;741
KOZERSKI;741
ŁASZEWSKI;741
MATLA;741
MELER;741
PELCZARSKI;741
RACKI;741
SMARDZEWSKI;741
SMOLARSKI;741
ŚWIERKOT;741
WRZEŚNIAK;741
BURCHARDT;740
PRZYGOCKA;740
SKARZYŃSKA;740
TRZEBIŃSKA;740
BŁASZYK;740
KREFTA;740
MAŁY;740
RZEWUSKI;740
SEREDYŃSKI;740
WYWIAŁ;740
FIEDLER;739
PACHUCKA;739
SIBIŃSKA;739
BANDYK;739
BOCHYŃSKI;739
DAŃKO;739
KAMELA;739
KLAG;739
KRAWIECKI;739
MARCINISZYN;739
PYĆ;739
RUDKOWSKI;739
SZATANIK;739
SZMUC;739
GEISLER;738
HELLER;738
SZULIŃSKA;738
BUDNIAK;738
FRANCZUK;738
GRZELCZYK;738
KAZEK;738
KIEREPKA;738
KULMA;738
LISIK;738
MALESZA;738
MARCIŃSKI;738
MOL;738
POLASZEK;738
ROGALIŃSKI;738
RUSINIAK;738
SKIERKA;738
SKWIRA;738
KOZERSKA;737
OBRYCKA;737
RYBUS;737
ZAWŁOCKA;737
ŻOŁNA;737
GARNCARZ;737
GLANC;737
KOSTEK;737
KUCHARZYK;737
KUPIDURA;737
RADZIMSKI;737
WLAŹLAK;737
DZIAMSKA;736
KASZOWSKA;736
SZAŁAJ;736
TERLIKOWSKA;736
CHOWAŃSKI;736
DURLIK;736
GOŁOŚ;736
KŁYSZ;736
KUCAB;736
OLKO;736
PEZDA;736
PIWEK;736
SKLORZ;736
TOMALAK;736
WARCZAK;736
BUBEL;735
DELUGA;735
GRESZTA;735
PRZYGOCKI;735
WARCHAŁ;735
WĘGŁOWSKI;735
GAWIŃSKA;734
KINDER;734
KUKAWSKA;734
KUZMYCH;734
SKRYPNYK;734
SKWIERAWSKA;734
SZUMNA;734
BRZYKCY;734
CHROMY;734
KAŁWA;734
KIDOŃ;734
SZCZYGŁOWSKI;734
WIECHOWSKI;734
BOBKOWSKA;733
GŁADKA;733
LUBIENIECKA;733
PIETRUSIAK;733
RYŃSKA;733
GROSZEWSKI;733
KARPIK;733
KOLARCZYK;733
LABUDDA;733
PACANOWSKI;733
PAZIK;733
PLICH;733
REJ;733
GRABOWIECKA;732
GUBERNAT;732
PONIEDZIAŁEK;732
DRZEWIŃSKI;732
GOLENIA;732
LINKIEWICZ;732
ŁUCZKOWSKI;732
PIAŚCIK;732
RUDOLF;732
WAŁDOCH;732
BARANOWICZ;731
JASTRZĘBOWSKA;731
RACIBORSKA;731
LEKS;731
PODPORA;731
POLSKI;731
SIEMIENIEC;731
KOSEWSKA;730
ZABŁOTNA;730
GRABIAS;730
GROBELSKI;730
STRUG;730
WITULSKI;730
BUDNER;729
FORNALIK;729
MAGIERSKA;729
MILCZANOWSKA;729
SKWIERCZYŃSKA;729
SŁAWIK;729
TYLICKA;729
WALENTYNOWICZ;729
BRYLOWSKI;729
CIEPŁUCH;729
KAŹMIEROWSKI;729
SZYMAŃCZYK;729
BORYSIEWICZ;728
MYKHALCHUK;728
PRĘDKA;728
RUSZCZYŃSKA;728
STOLECKA;728
DRÓZD;728
JASTRZĘBOWSKI;728
NAKONECHNYI;728
NASIADKA;728
SAGANOWSKI;728
SERAFIŃSKI;728
WIELIŃSKI;728
WNUKOWSKI;728
ZIARNIK;728
BASISTA;727
HANUSIAK;727
SZTUKOWSKA;727
WIELIŃSKA;727
ŻARCZYŃSKA;727
BŁASZCZYŃSKI;727
DROP;727
DROŹDZIK;727
NIEDZWIECKI;727
POLIAKOV;727
SIEKIERKA;727
TYKA;727
ZIMOWSKI;727
SLOBODIAN;726
WALKUSZ;726
WOŁOS;726
AUGUSTYŃSKI;726
BATORSKI;726
BLADOWSKI;726
GRANAT;726
KOSZ;726
MILCZANOWSKI;726
NAZAROV;726
PIEŃKOS;726
PIKOR;726
DZIENISZEWSKA;725
MYKHAILIUK;725
NIEBRZYDOWSKA;725
OSADCHA;725
SZCZYGŁOWSKA;725
KOSIAK;725
KWARCIAK;725
MUSZALSKI;725
STÓJ;725
SZCZERBIAK;725
ŚMIETAŃSKI;725
TRZOS;725
WINKOWSKI;725
JAŁOSZYŃSKA;724
KOLARZ;724
ROGALIŃSKA;724
SKOCZYŃSKA;724
SZYMKOWSKA;724
ANDRZEJUK;724
HAMERSKI;724
JAKONIUK;724
KOPYCKI;724
MZYK;724
PATRZAŁEK;724
RADZEWICZ;724
SOROCZYŃSKI;724
TRĘBICKI;724
ZAPADKA;724
BOGACZYK;723
HELIŃSKA;723
KLIMECKA;723
ŁUCZKOWSKA;723
MĘŻYŃSKA;723
POKOJSKA;723
RUDKOWSKA;723
FARUGA;723
GAWLIŃSKI;723
JAROSZUK;723
KASICA;723
KOMPERDA;723
KOSEWSKI;723
KRACZKOWSKI;723
KWASIBORSKI;723
POLESZAK;723
BOCHYŃSKA;722
CHAIKA;722
GĘSICKA;722
HUTNIK;722
KLAMA;722
KOCZY;722
KORNIICHUK;722
LIŚKIEWICZ;722
MĘŻYŃSKI;722
TEKIELI;722
DRZEWIŃSKA;721
FOMENKO;721
STASZEL;721
GAJZLER;721
GĄSIENICA;721
KISZCZAK;721
KURTYKA;721
LESNER;721
PIGUŁA;721
RYCHLIŃSKI;721
SYPIEŃ;721
SZTUKOWSKI;721
ZIOŁA;721
ANTONOVA;720
KOŃCZAL;720
NEUBAUER;720
PELKA;720
RACKA;720
SWATEK;720
DOMIAN;720
DZIAMSKI;720
KOLANKO;720
KOSOBUCKI;720
SURDYK;720
WAWAK;720
BRYLOWSKA;719
DZIEWIĘCKA;719
KOPYCKA;719
MATYNIA;719
MIKODA;719
STANECKA;719
ŚWIETLICKA;719
BOGUSKI;719
GAWIŃSKI;719
HANC;719
HELIŃSKI;719
JAROSIK;719
SAJEWICZ;719
SOŁEK;719
ŚWIRSKI;719
BRÓZDA;718
CIĘŻKOWSKA;718
GROSZEWSKA;718
KRAWIECKA;718
MOLKA;718
PALUCHOWSKA;718
BANYŚ;718
KARALUS;718
KILANOWSKI;718
KILJAN;718
ŁOSIEWICZ;718
SZKODZIŃSKI;718
GOSIEWSKA;717
POPIELARCZYK;717
PRZYCHODZKA;717
SIBILSKA;717
SZUTA;717
BEK;717
KUJAWIŃSKI;717
KUZNETSOV;717
LATUSZEK;717
ŁOSIŃSKI;717
OBORSKI;717
OCHNIK;717
PILIPCZUK;717
RUTOWICZ;717
ŚLUBOWSKI;717
ROLBIECKA;716
WYDERKA;716
ZIMOLĄG;716
ZADORA;716
HRYSHCHENKO;715
JABŁECKA;715
LINOWSKA;715
PUCZYŃSKA;715
SAGANOWSKA;715
SIEMEK;715
GABRYEL;715
LINOWSKI;715
SAMULSKI;715
SŁOMKOWSKI;715
SUCHOŃ;715
SZCZEPANIUK;715
SZCZUBEŁEK;715
AVRAMENKO;714
FIGAT;714
GRUDNIEWSKA;714
OSTROVSKA;714
PAGACZ;714
SIERADZAN;714
SPÓLNIK;714
BRUDNY;714
CHŁOPECKI;714
GAJKOWSKI;714
KUBINA;714
PASIERBEK;714
PROSZOWSKI;714
ŚWIECZKOWSKI;714
FEDORCHUK;713
PROSZOWSKA;713
TRAWCZYŃSKA;713
WALECZEK;713
WOJAK;713
WOJTASZCZYK;713
WOSIŃSKA;713
BATÓG;713
GOLISZEWSKI;713
GUŹNICZAK;713
LESISZ;713
PUTO;713
TROCZYŃSKI;713
WITWICKI;713
ZGLIŃSKI;713
GADOWSKA;712
LARYSZ;712
LOSKA;712
PONIEWIERSKA;712
ŚLUBOWSKA;712
ŻŁOBIŃSKA;712
ALEKSIEJUK;712
GĄGAŁA;712
GIEREK;712
KRAIŃSKI;712
STOPIŃSKI;712
TAMANG;712
TRĄBKA;712
TRZYNA;712
VOROBIOV;712
KLUSZCZYŃSKA;711
MAMEDOVA;711
ŚWIRSKA;711
TROCZYŃSKA;711
BURZAWA;711
JOB;711
KURZYNA;711
PIERZCHALSKI;711
ROLBIECKI;711
SĄDEJ;711
SĄSIADEK;711
WĘGRZYNOWICZ;711
ŻYCHOWSKI;711
CHLEWICKA;710
CHOMIAK;710
JEZIORNA;710
MUSZALSKA;710
VOITOVYCH;710
ŻYCIŃSKA;710
BALIK;710
JANKE;710
KURZYDŁO;710
RYBARSKI;710
ŚNIEG;710
RYCHLIŃSKA;709
SARNACKA;709
SZCZUCKA;709
WOŁCZYŃSKA;709
KONTNY;709
MIODEK;709
PIĄTKIEWICZ;709
ZAKHAROV;709
BARANOVA;708
KSIĘŻAK;708
MATUS;708
OBORSKA;708
OCHAB;708
RYBARSKA;708
KRĘCICHWOST;708
KULISZ;708
NACZK;708
NAGLIK;708
SULICH;708
DUCZMAL;707
ŁOSIŃSKA;707
RUBAN;707
TRĘBICKA;707
BRODOWICZ;707
BRYNDZA;707
BYCZYŃSKI;707
GARCZAREK;707
KRZYMOWSKI;707
MŁODZIŃSKI;707
NAŁĘCZ;707
RABIEJ;707
CHEŁCHOWSKA;706
ŚMIETAŃSKA;706
ARMATYS;706
KLIMECKI;706
KOŁACZYŃSKI;706
KRAUZ;706
MERCHEL;706
PARK;706
SIEROTA;706
CZYŻYCKA;705
MICHNIEWSKA;705
STAWOWCZYK;705
CHRONOWSKI;705
GADOWSKI;705
GOMUŁA;705
JUSIŃSKI;705
PECIAK;705
TRZOP;705
ZAPOLSKI;705
ZIÓŁKO;705
ŻERO;705
BAS;704
BĄCZKIEWICZ;704
CHWEDORUK;704
IGRAS;704
JANIUK;704
JEŻOWSKI;704
ŁĄGIEWKA;704
POKOJSKI;704
SIUDZIŃSKI;704
SZCZUCKI;704
TOFIL;704
TYRAKOWSKI;704
KARNAS;703
KLUCZNY;703
KURYŚ;703
KUŚKA;703
MROZOWICZ;703
PARDA;703
SŁUGOCKI;703
ŚWIADEK;703
AUGUSTYŃSKA;702
KUJAWIŃSKA;702
SZULECKA;702
BIAŁK;702
CZEREPAK;702
DZIERŻAK;702
GOŁUCHOWSKI;702
GRABOWIECKI;702
LEBIEDZIŃSKI;702
PIETRUSZYŃSKI;702
POPIELSKI;702
SZYMKOWSKI;702
WASIL;702
KUSZEWSKA;701
NIKEL;701
PACIA;701
SIUDZIŃSKA;701
BARTECZKO;701
DURLAK;701
MENDAK;701
PIELECH;701
STODOLNY;701
SZÓSTAK;701
KOŁACZYŃSKA;700
KULIBERDA;700
KUSZTAL;700
SCHUBERT;700
BILETSKYI;700
CHODAK;700
GLONEK;700
JESIOŁOWSKI;700
PUCIŁOWSKI;700
RYNDAK;700
SUSZKO;700
BOBA;699
KIEPURA;699
LASZCZYK;699
OPAS;699
WITULSKA;699
AKHMEDOV;699
BALAS;699
ENGLER;699
KUŚWIK;699
MICHNIEWSKI;699
SMAL;699
WIADEREK;699
ZDRODOWSKI;699
BOHDANOWICZ;698
BYCZYŃSKA;698
MACIOROWSKA;698
MIGAŁA;698
HALLMANN;698
KUPSKI;698
LITERSKI;698
RÓŻYŃSKI;698
CIECHAŃSKA;697
HAVRYLENKO;697
PIERZCHALSKA;697
PRZESMYCKA;697
SKÓRZEWSKA;697
TRETIAK;697
TYLUS;697
WIENCEK;697
ŻYCHOWSKA;697
CIUŁA;697
LEMKE;697
ŚWIERSZCZ;697
BORYSOVA;696
DROST;696
WIELGOS;696
BAREJA;696
BOK;696
DZIEWIT;696
FIK;696
GRYGA;696
LALAK;696
LUDWINIAK;696
PLASKOTA;696
CHŁOPECKA;695
FEDORUK;695
MITORAJ;695
PROCHOWNIK;695
PRUCHNICKA;695
WNUKOWSKA;695
BAFIA;695
BŹDZIUCH;695
PAWLIŃSKI;695
RUSZCZYŃSKI;695
SIBILSKI;695
TYLEC;695
FIOŁEK;694
GOŁUCHOWSKA;694
GOSTOMSKA;694
JAGIEŁO;694
MYRONENKO;694
RAGAN;694
WAWSZCZYK;694
ZMYŚLONA;694
DAWIDCZYK;694
DZIĘCIOŁOWSKI;694
FYDA;694
PĘCZKOWSKI;694
STEMPLEWSKI;694
WOJTOŃ;694
ZIĘTARSKI;694
BYLIŃSKA;693
GOLISZEWSKA;693
JAROŃSKA;693
KRAL;693
SŁOMCZEWSKA;693
SMEKTAŁA;693
BUGNO;693
CECOT;693
DROZDOWICZ;693
GIERAK;693
PAW;693
PORWOŁ;693
ROŻNOWSKI;693
SAMIEC;693
CHERNIAVSKA;692
FILUS;692
JESIOŁOWSKA;692
RADZIMSKA;692
TUŁACZ;692
FULARA;692
HADAM;692
LICHOCKI;692
MACIUSZEK;692
NUREK;692
ŚWISTEK;692
PAJĄCZKOWSKA;691
MAKAROV;691
NAZIMEK;691
PIKSA;691
POŁOM;691
POWAŁA;691
PYTKO;691
SYPEK;691
SZESZKO;691
WICHOWSKI;691
KURYŁOWICZ;690
SZKODZIŃSKA;690
WARMIŃSKA;690
DARUL;690
GMUR;690
HNAT;690
LEJK;690
ŁASIŃSKI;690
MODELSKI;690
PAŁKOWSKI;690
SZŁAPA;690
HUBER;689
NISKA;689
RZEPCZYŃSKA;689
KOMSTA;689
MATEJCZYK;689
NOWACZEWSKI;689
PUCZYŃSKI;689
GROTKOWSKA;688
ILCHENKO;688
JURAS;688
PIETRUSZYŃSKA;688
RÓŻYŃSKA;688
BEMBENEK;688
MAGIER;688
PIETRAK;688
CIEŚLIKOWSKA;687
ROŻNOWSKA;687
STOIŃSKA;687
WENDT;687
BANACHOWICZ;687
BOŃKOWSKI;687
KŁOCZKO;687
KOPYTKO;687
KRZAN;687
LIPKOWSKI;687
MIĘKINA;687
SZYMAJDA;687
ŚREDZIŃSKI;687
ZACZYŃSKI;687
CHERNOVA;686
JARCZAK;686
KOTERBA;686
MYSIAK;686
BARTMAN;686
BIEGAŁA;686
BULSKI;686
CIECHAŃSKI;686
DWORCZAK;686
FIEDORCZUK;686
ŁUCZKA;686
SALACH;686
WOJTAK;686
BRONOWSKA;685
KANIGOWSKA;685
KRÜGER;685
LATACZ;685
POSPIECH;685
SŁUGOCKA;685
WIECZERZAK;685
BULAK;685
CUDNY;685
FEDYK;685
OTREMBA;685
PIK;685
STROŃSKI;685
WĘGRZYNIAK;685
GAWLIKOWSKA;684
WOJTYŚ;684
BALEWSKI;684
FYDRYCH;684
ŁASZCZ;684
STANECKI;684
TABAK;684
TARGOWSKI;684
TWARDOSZ;684
WIETRZYKOWSKI;684
CADER;683
DRYGAS;683
GERLACH;683
MŰLLER;683
BROŃSKI;683
CIECIURA;683
GRZELA;683
KEMPSKI;683
KIETLIŃSKI;683
KUSZEWSKI;683
NADROWSKI;683
PARADA;683
PODWYSOCKI;683
SZLUFIK;683
BALEWSKA;682
CHRONOWSKA;682
GŁÓWCZYŃSKA;682
JARANOWSKA;682
KRZYMOWSKA;682
LEBIEDZIŃSKA;682
MICH;682
PRZENIOSŁO;682
DAMIĘCKI;682
FIJOŁ;682
GŁÓWCZYŃSKI;682
KAMIENIARZ;682
MOCHOCKI;682
PODGAJNY;682
ŻYREK;682
KARCZYŃSKA;681
BURACZEWSKI;681
BZYMEK;681
GIŻA;681
GROTH;681
KLUSZCZYŃSKI;681
MARUSZCZAK;681
MIDURA;681
SKÓRZEWSKI;681
BOHDANOVA;680
KWASIBORSKA;680
DRĄGOWSKI;680
GAL;680
KOŚCIUKIEWICZ;680
LISTWAN;680
NIECHCIAŁ;680
ORCHOWSKI;680
PABIŚ;680
SIECIŃSKI;680
STASICA;680
SUCHTA;680
ZALEŚNY;680
ZAŁUCKI;680
KOSIEC;679
PAŁASZEWSKA;679
PAWLIŃSKA;679
POPIELSKA;679
STOPIŃSKA;679
SUPERSON;679
BUDKIEWICZ;679
DZIECHCIARZ;679
KOMOSIŃSKI;679
MAMCARZ;679
MILCZARSKI;679
MYJAK;679
PANUŚ;679
BULSKA;678
LUKS;678
AMBROZIK;678
BARANOV;678
FELSKI;678
IWANOW;678
SKĄPSKI;678
ZAGRODNIK;678
FELSKA;677
GÓRKIEWICZ;677
KAŹMIEROWSKA;677
MODELSKA;677
SŁOMKOWSKA;677
WOJTERA;677
MŁYNARZ;677
ROCZNIAK;677
RZESZOTARSKI;677
SERKOWSKI;677
SZAFARZ;677
WOSIŃSKI;677
GAJKOWSKA;676
JAŃCZUK;676
KRASZKIEWICZ;676
LEPAK;676
MOSSAKOWSKA;676
ZDRODOWSKA;676
FIJAK;676
KAPUSTKA;676
LEDZION;676
MALISZ;676
NAGÓRKA;676
PAŁASZEWSKI;676
PODLECKI;676
SŁUPECKI;676
DUSZKIEWICZ;675
KAPINOS;675
LESZKIEWICZ;675
MAJOREK;675
MANDZIUK;675
WIETRZYKOWSKA;675
BREJNAK;675
GROTKOWSKI;675
ISMAILOV;675
SKŁADANOWSKI;675
WOŁKOWICZ;675
DZIĘCIOŁOWSKA;674
KOBAK;674
OSZUST;674
PACANOWSKA;674
POLAKIEWICZ;674
SCHWARZ;674
TYRAKOWSKA;674
BIENIA;674
GROCHOWALSKI;674
GRUBBA;674
KLOSKOWSKI;674
MORCINEK;674
OLESZCZAK;674
WOŁYŃSKI;674
DASZKOWSKA;673
DRZAŁ;673
FORYSIAK;673
GROSICKA;673
PODWYSOCKA;673
PRYSTUPA;673
SYKUT;673
ZAŁUCKA;673
ZIMOWSKA;673
BRONOWSKI;673
FEDORCZYK;673
HERBA;673
PESZKO;673
PIETRUSIŃSKI;673
ŻEGLEŃ;673
BOGUSKA;672
JEŻOWSKA;672
KIESZEK;672
MILCZARSKA;672
PIETRZYCKA;672
PINCHUK;672
SIECIŃSKA;672
SOROCZYŃSKA;672
FIEDORUK;672
KOCHEL;672
LENDA;672
MATULKA;672
NIEWIADOMY;672
HANKE;671
HORODECKA;671
JĘDRYCZKA;671
KOBUSIŃSKA;671
SZŁAPKA;671
ŚNIEGOCKA;671
ŚREDZIŃSKA;671
BASTEK;671
GORTAT;671
KOTYŃSKI;671
KRZYWAŃSKI;671
KUZNIETSOV;671
OCHAL;671
PALECZNY;671
PRZESMYCKI;671
SZULECKI;671
WOJSA;671
ZYGUŁA;671
MIĘTKA;670
PIETRUSIŃSKA;670
STROŃSKA;670
WOŁYŃSKA;670
ZGLIŃSKA;670
BETLEJEWSKI;670
DASZKOWSKI;670
JERZYK;670
KAŃTOCH;670
KOWALIŃSKI;670
KRZYWIŃSKI;670
NATANEK;670
OPYRCHAŁ;670
PACIORKOWSKI;670
RUCZYŃSKI;670
SZYJA;670
TRZMIEL;670
WOJTUNIK;670
ŻOŁĄDŹ;670
BORZYM;669
CYGANIK;669
KONRAD;669
KOSS;669
KRAIŃSKA;669
KRAVTSOVA;669
LIPKOWSKA;669
RURARZ;669
TARGOWSKA;669
WICHŁACZ;669
KANIK;669
KLIMKO;669
KOŚCIELAK;669
KOWALUK;669
MARCHLEWICZ;669
MATYSZCZAK;669
TROĆ;669
WAŁĘSA;669
WARWAS;669
WIELECHOWSKI;669
BOŃKOWSKA;668
CHUDOBA;668
MUELLER;668
POGORZELEC;668
RZESZUT;668
ZACZKOWSKA;668
BOBKO;668
DRAUS;668
KAWIŃSKI;668
ŁAPCZYŃSKI;668
MŁOT;668
PAKOS;668
PALICKI;668
SŁOŃSKI;668
ZEGAR;668
DYŚ;667
HAWRO;667
KAWIŃSKA;667
POWĄZKA;667
ŚWIECZKOWSKA;667
CYMAN;667
JANCZAREK;667
JAROŃSKI;667
KARNOWSKI;667
KIJ;667
KULBACKI;667
PIEJKO;667
PINDOR;667
SOBOLAK;667
SZAJKOWSKI;667
WIERZCHOŃ;667
WIERZEJSKI;667
GROS;666
KANSY;666
ŁASIŃSKA;666
MAK;666
NADROWSKA;666
SKALIK;666
SMARDZEWSKA;666
ZIEMBIŃSKA;666
CZERWIONKA;666
GARNCAREK;666
GROSICKI;666
KORDECKI;666
KOWALAK;666
MACIEJSKI;666
MAZIK;666
SOLOVIOV;666
ŚWIERŻEWSKI;666
ZACZKOWSKI;666
HAMERSKA;665
HETMAŃCZYK;665
KOMOSIŃSKA;665
KORDA;665
KRUSZKA;665
PŁOCKA;665
STEIN;665
WĘGLOWSKA;665
WICHOWSKA;665
DZIUBAN;665
JACZYŃSKI;665
KUSIO;665
KUTNIK;665
MICHNIK;665
NOSZCZYK;665
PIETRZYCKI;665
PSZCZÓŁKA;665
ROGULA;665
BETLEJEWSKA;664
DROBOT;664
MADZIAR;664
MIKOŁAJSKA;664
MISIARZ;664
NIEDZWIECKA;664
NOWACZEWSKA;664
PAVLOVSKA;664
SAMULSKA;664
SŁOBODZIAN;664
GULA;664
NIEZABITOWSKI;664
WOJTALIK;664
LITERSKA;663
MATEJCZUK;663
SKULIMOWSKA;663
WIERZEJSKA;663
ZDEBSKA;663
BOBEL;663
KLEINA;663
KRYSZKIEWICZ;663
KURAN;663
PIELKA;663
PLEŚNIAK;663
RAŹNIAK;663
RZESZUTKO;663
SADLIK;663
SKROCKI;663
BLADOWSKA;662
KOTYŃSKA;662
ODRZYWOLSKA;662
ZELINSKA;662
BRAŃSKI;662
KANIGOWSKI;662
MIĘKUS;662
OKNIŃSKI;662
RYCZKO;662
WAWRZASZEK;662
CIEPIELEWSKA;661
DRĄGOWSKA;661
KUZMINA;661
NALEWAJKO;661
PONOMAROVA;661
ZIEMANN;661
BŁAŻEJOWSKI;661
FLESZAR;661
GAWLIKOWSKI;661
KOSNO;661
MACIAS;661
PISZCZATOWSKI;661
PŁAWSKI;661
SKULIMOWSKI;661
SKWARSKI;661
STAWINOGA;661
SZYMOCHA;661
LATOSZEK;660
PALICKA;660
RUSINOWSKA;660
WELC;660
GRZEBYK;660
RAJDA;660
WAWRZKIEWICZ;660
ŻOŁNIERCZYK;660
CIESIÓŁKA;659
GAŁĘZOWSKI;659
JASZCZUR;659
KORZEKWA;659
LUBIENIECKI;659
PAJĄCZKOWSKI;659
PERCZAK;659
STANUCH;659
ULEWICZ;659
WAROWNY;659
CHABERSKA;658
MOCHOCKA;658
BORUŃ;658
GĘBAROWSKI;658
KUSKOWSKI;658
SPOREK;658
STACHELEK;658
BIEGANOWSKA;657
DZIKA;657
KOSOBUCKA;657
PRĄDZYŃSKA;657
ZIĘTARSKA;657
CHORĄŻEWICZ;657
KLATKA;657
LEMIESZEK;657
MYSTKOWSKI;657
NICIŃSKI;657
PAŁGAN;657
PŁOCKI;657
RADZIO;657
SAMULAK;657
STEMPNIAK;657
TURLEJ;657
MYSTKOWSKA;656
PETROVSKA;656
SKOTARCZAK;656
STEMPLEWSKA;656
YAROSHENKO;656
GOROL;656
SALAWA;656
SAMORAJ;656
ŚNIEGOCKI;656
WOSZCZYŃSKI;656
BURACZEWSKA;655
DUKAT;655
KEMPSKA;655
KLOSKOWSKA;655
RZESZOTARSKA;655
SENDOR;655
ABRAMCZUK;655
JEWUŁA;655
KIEROŃSKI;655
KOSELA;655
KOZDRA;655
OSTAPCZUK;655
ROK;655
SKOWYRA;655
SMALEC;655
SYROKA;655
WALENCIAK;655
WILEŃSKI;655
WLIZŁO;655
ZIELSKI;655
HOROWSKA;654
KANDORA;654
KORDECKA;654
KOSTERA;654
KRZYWAŃSKA;654
ŁAPCZYŃSKA;654
PAWLUKIEWICZ;654
PĘCZKOWSKA;654
RYDLEWSKA;654
STYRCZULA;654
VLASOVA;654
WĘŻYK;654
ZADOROZHNA;654
BRZEZOWSKI;654
GIEC;654
HOROWSKI;654
MALON;654
OLMA;654
PODESZWA;654
RUSINOWSKI;654
STOIŃSKI;654
SZPYRKA;654
KARNOWSKA;653
RUCZYŃSKA;653
SZAJKOWSKA;653
ŚWIERŻEWSKA;653
TACIAK;653
WOJTASZEWSKA;653
AUGUSTYNEK;653
CHOMIK;653
KOLONKO;653
KOMISARCZYK;653
KUŁACH;653
PIŃKOWSKI;653
PRĘTKI;653
TOŚ;653
BREGUŁA;652
GLAZA;652
LICHOCKA;652
MATELA;652
MICHNOWSKA;652
SADURA;652
ZACZYŃSKA;652
DZIOPA;652
FELIŃSKI;652
FOLTYŃSKI;652
JASZCZYSZYN;652
MAĆKÓW;652
MAKLES;652
MIKOŁAJSKI;652
ODRZYWOLSKI;652
OLEKSIK;652
PODEMSKI;652
WITKO;652
BARWICKA;651
DAVYDOVA;651
JAŚKO;651
KUSKOWSKA;651
MAKSYMCHUK;651
NICIŃSKA;651
BUGALSKI;651
FALBA;651
KLAJA;651
KOCUREK;651
KORKOSZ;651
KOSZOWSKI;651
KUNOWSKI;651
OTWINOWSKI;651
PRZESTRZELSKI;651
SKRZYNECKI;651
WARMIŃSKI;651
WOCHNIK;651
ŻURAWIK;651
CIEMIĘGA;650
GROCHOWALSKA;650
KRACZKOWSKA;650
PŁAWSKA;650
BĄKIEWICZ;650
FLASZA;650
HAJDUKIEWICZ;650
KAPKA;650
KIRYLUK;650
MELKA;650
OSIAL;650
SŁOWIAK;650
WĘGLOWSKI;650
ZIELKE;650
DAROWSKA;649
KIETLIŃSKA;649
LINKE;649
OKNIŃSKA;649
OTWINOWSKA;649
RADZIEWICZ;649
ROŚ;649
SERKOWSKA;649
SIEWIERA;649
WIADERNA;649
BARTEL;649
BARTŁOMIEJCZYK;649
DĄBROWICZ;649
DORAWA;649
KOSTYK;649
KREKORA;649
OKRASKA;649
PHAM;649
PUŁA;649
SZKLAREK;649
WITOŃ;649
ZIEMBIŃSKI;649
BYSZEWSKA;648
MASZKOWSKA;648
ORCHOWSKA;648
SYNAK;648
DMOCH;648
DOROCIAK;648
GIERLACH;648
KÓZKA;648
PISKOROWSKI;648
PIWIŃSKI;648
SUJKOWSKI;648
WOJTCZUK;648
JACZYŃSKA;647
KUNERT;647
TOMCZYŃSKA;647
KRZYWOŃ;647
KUNKA;647
LESZCZUK;647
ŁYKOWSKI;647
MAKOSZ;647
MÓWIŃSKI;647
PORTKA;647
RADKE;647
WLAZŁY;647
HRYNKIEWICZ;646
MŁODZIŃSKA;646
MÓWIŃSKA;646
WIESIOŁEK;646
ALIYEV;646
BYLIŃSKI;646
GAUDYN;646
GOGACZ;646
KLAUS;646
KOBUSIŃSKI;646
KURC;646
PRĄDZYŃSKI;646
PUSTUŁKA;646
SZYLAR;646
TASARZ;646
WYROBA;646
ZACHAREK;646
ZDEBSKI;646
BILEWICZ;645
DYKAS;645
TRZCIONKA;645
YEHOROVA;645
BARWICKI;645
GRZELIŃSKI;645
KOŁOMAŃSKI;645
MARGAS;645
MĘTEL;645
RUBIN;645
WŁODYKA;645
CHABAN;644
GROBELSKA;644
KOWALIŃSKA;644
KULBACKA;644
PUCIŁOWSKA;644
SKŁADANOWSKA;644
SZAMBELAN;644
WOSZCZYŃSKA;644
YAROVA;644
BRYZEK;644
GOWOREK;644
ŁABAJ;644
MODRZEWSKI;644
MOSKALIK;644
NIEMCZUK;644
SADZA;644
SUDA;644
SZAJEWSKI;644
SZEPIETOWSKI;644
SZYKUŁA;644
LYSAK;643
PACIORKOWSKA;643
PAŁKOWSKA;643
SOMMER;643
BRZĄKAŁA;643
BRZEŹNIAK;643
DUBIS;643
HUS;643
JONIK;643
KŁOSOWICZ;643
KUCHARZEWSKI;643
SUSZCZYŃSKI;643
ZAPIÓR;643
KARKUT;642
MŁOTKOWSKA;642
WALENCIK;642
WILEŃSKA;642
WOWRA;642
CEBO;642
GAŁAT;642
GLEGOŁA;642
KARIMOV;642
ŁĄCZKOWSKI;642
PASTUCHA;642
SZULIM;642
KOZLOVSKA;641
NIEZABITOWSKA;641
WAWRZYŃCZYK;641
WIELECHOWSKA;641
CZUPRYNA;641
MISZTA;641
MORKA;641
SZULBORSKI;641
KOTLEWSKA;640
MOJ;640
CIEPIELEWSKI;640
CZERKAWSKI;640
DUBEL;640
GORGOL;640
ŁYJAK;640
MŁOTKOWSKI;640
ŚWIERKOSZ;640
TOMA;640
ZAUCHA;640
ARENDARSKA;639
KOSZOWSKA;639
CYBUL;639
FORMA;639
GAŁ;639
GRUNT;639
HORODECKI;639
JARANOWSKI;639
MLECZEK;639
MOLEK;639
OSMAN;639
POTYRAŁA;639
SEMIK;639
THAPA;639
WOJTASZEWSKI;639
WOTA;639
BRAŃSKA;638
GACZYŃSKA;638
GAŁĘZOWSKA;638
KLIBER;638
ŁĄCZKOWSKA;638
SOLOVEI;638
WINCZEWSKA;638
ARENDARSKI;638
BIESZKE;638
KUT;638
LUCHOWSKI;638
TRZPIL;638
WĘGIERSKI;638
KASPER;637
KULISH;637
MILCZARCZYK;637
PIANKA;637
BEKUS;637
BRODNICKI;637
GRYTA;637
IMIELSKI;637
KLEBAN;637
POSMYK;637
PYSZKA;637
STRYJEK;637
ŚCIESZKA;637
WAKUŁA;637
WILKOS;637
WISZ;637
BRODNICKA;636
GABARA;636
MODRZEWSKA;636
PODGAJNA;636
POKRZYWA;636
PRZEWOŹNIAK;636
WĘGIERSKA;636
ZIMMERMANN;636
ALEKSANDRZAK;636
BRYLSKI;636
CHLEBICKI;636
FRAŚ;636
GASIK;636
KARA;636
MAKOŚ;636
MAKURAT;636
POTRZEBOWSKI;636
TOMCZYŃSKI;636
ZIENIEWICZ;636
CHLEBICKA;635
FELIŃSKA;635
FROST;635
JASKOWSKA;635
KALISIAK;635
KYRYLIUK;635
PENKALA;635
SHCHERBAKOVA;635
WALENDOWSKA;635
BYSZEWSKI;635
CZESAK;635
DYCHA;635
JANOSZEK;635
JARZEMBOWSKI;635
KOCHMAŃSKI;635
KUBISZEWSKI;635
MASZKOWSKI;635
NESTOROWICZ;635
REĆKO;635
STAWOWSKI;635
WAŁEK;635
KIK;634
LITWIŃCZUK;634
POTOCZEK;634
TYTKO;634
BOBROWICZ;634
KLEKOT;634
KNAPEK;634
KUNDA;634
MOSSAKOWSKI;634
POMIANOWSKI;634
SUSZKA;634
WEREMCZUK;634
ZIMNIAK;634
FORNALSKA;633
GĘBAROWSKA;633
ŁOBOCKA;633
ŁUKOWIAK;633
NAGEL;633
POMIANOWSKA;633
SIEROCIŃSKA;633
SŁOŃSKA;633
SURMIAK;633
KACPRZYCKI;633
KACZKA;633
POCHYLSKI;633
PROCH;633
WOCIAL;633
HORVAT;632
PIŃKOWSKA;632
PODEMSKA;632
RACZKIEWICZ;632
SKRZYNECKA;632
SZEPIETOWSKA;632
WIETRZYŃSKA;632
WINNIK;632
ZBYLUT;632
ZIELSKA;632
DADEJ;632
GĘGOTEK;632
KOZDROŃ;632
OŚKO;632
PRZYJEMSKI;632
PUŁKA;632
RYDLEWSKI;632
ŚLAZYK;632
ZAWAL;632
ZHUKOV;632
DOMIŃSKA;631
KACPEREK;631
MIERZWIAK;631
ROJ;631
SOKOLOVSKA;631
STETSENKO;631
SUSZCZYŃSKA;631
GOGÓŁ;631
STRÓŻ;631
SZCZERBOWSKI;631
SZYGUŁA;631
WSZELAKI;631
WUDARCZYK;631
BROŃSKA;630
GAWKOWSKA;630
GRONKOWSKA;630
GUZIKOWSKA;630
KOKOSIŃSKA;630
KUTKOWSKA;630
ZUBKO;630
ŻELASKO;630
GNYP;630
LE;630
ŁOBACZ;630
MENDYKA;630
PĄCZKOWSKI;630
ŚLIZ;630
IWICKA;629
JARZEMBOWSKA;629
LUCHOWSKA;629
SHEVTSOVA;629
SŁUPECKA;629
WOJEWÓDKA;629
ZHURAVEL;629
INDYK;629
IWICKI;629
JAKIEŁA;629
KARSZNIA;629
KLUCZYK;629
KOKOSIŃSKI;629
MITEK;629
SITO;629
WIETRZYŃSKI;629
WOJTAROWICZ;629
ZAWIDZKI;629
KAZANECKA;628
LEONOWICZ;628
SOCZYŃSKA;628
SZAJEWSKA;628
BUKSA;628
DOMIŃSKI;628
GACZYŃSKI;628
PALAK;628
SIEROCIŃSKI;628
SWACZYNA;628
BAUMGART;627
BRYLSKA;627
FERDYN;627
GAMOŃ;627
KICKA;627
KUPSKA;627
PIETRYKOWSKA;627
PISZCZATOWSKA;627
POGODZIŃSKA;627
PUDŁOWSKA;627
RUDAWSKA;627
SUJKOWSKA;627
ŚLESZYŃSKA;627
ALBIN;627
BUDZOWSKI;627
DZIADURA;627
DZIWIŃSKI;627
FORNALSKI;627
GRAJKOWSKI;627
KYCIA;627
LINKA;627
OCHOCIŃSKI;627
RASZKIEWICZ;627
SURA;627
WOLNICKI;627
DZIWIŃSKA;626
FRANKOWICZ;626
KIEROŃSKA;626
BUDNICKI;626
CHEREK;626
DERYŁO;626
HELAK;626
KUBAŃSKI;626
LESIEWICZ;626
MISZKIEL;626
SOCZYŃSKI;626
ŚNIEGOWSKI;626
ŻELAZO;626
CHECHELSKA;625
HERASYMCHUK;625
JAKÓBOWSKA;625
JESSA;625
KONDRATENKO;625
KONOVALOVA;625
KUSTOSZ;625
MIRKOWSKA;625
MOSZYŃSKA;625
NESTERUK;625
OLKOWICZ;625
OWCZARCZAK;625
PŁÓCIENNICZAK;625
BEŁZ;625
BICZ;625
GAWKOWSKI;625
KOTLEWSKI;625
KUBASIAK;625
NIEDŹWIADEK;625
OTRĘBSKI;625
ROSICKI;625
RUMAN;625
STRUŻYŃSKI;625
TRAWCZYŃSKI;625
WINCZEWSKI;625
ALEKSANDROVA;624
DIACHUK;624
GORDON;624
ZAWIDZKA;624
BAWOŁ;624
BORUSZEWSKI;624
BUSZKA;624
ĆWIERZ;624
HOJDA;624
MIODOŃSKI;624
STACIWA;624
ZACHARZEWSKI;624
DAMIĘCKA;623
ERDMANN;623
IVANENKO;623
KHOMYCH;623
KOŁOMAŃSKA;623
KUCHARZEWSKA;623
STOLIŃSKA;623
STRUŻYŃSKA;623
CHWALIŃSKI;623
DAWIEC;623
GIŻYŃSKI;623
GOSEK;623
HEWELT;623
KILISZEK;623
PIETRYKOWSKI;623
WIDŁAK;623
BUCHALIK;622
BUDZOWSKA;622
BERKOWSKI;622
DOBROVOLSKYI;622
DROŹDZIEL;622
FIT;622
ILSKI;622
JASKÓŁA;622
KRECZMER;622
KUCHARZ;622
NESKA;622
RUDAWSKI;622
ZBRZEŹNIAK;622
ŻURKOWSKI;622
BURDZIŃSKA;621
DARŁAK;621
FOLTYŃSKA;621
GRZELIŃSKA;621
GRZENIA;621
KUBIACZYK;621
ŁAŻEWSKA;621
MACHA;621
MALSKA;621
STAWOWSKA;621
FLISIAK;621
JAJKO;621
JASICA;621
KIWIOR;621
KOSIDŁO;621
KOŚĆ;621
KUSIK;621
BOGUMIŁ;620
HADAŁA;620
IMIELSKA;620
KUBAŃSKA;620
MOREK;620
ZOZULIA;620
BAZYLEWICZ;620
GÓRZNY;620
KRANC;620
LATEK;620
LEMPART;620
NOWOTNIK;620
SYCHOWSKI;620
WALENDOWSKI;620
ZACHARCZUK;620
ZAWODNY;620
BYLICKA;619
CZERKAWSKA;619
KRZYWIŃSKA;619
SZCZERBOWSKA;619
TYMCHENKO;619
VYSOTSKA;619
KOŚCIOŁEK;619
PEŁCZYŃSKI;619
PRUCHNIK;619
PUDŁOWSKI;619
SZCZEBLEWSKI;619
WOJTASIŃSKI;619
BŁAŻEJOWSKA;618
KOZŁOWICZ;618
PEŁCZYŃSKA;618
PRAŻMO;618
RUDZIK;618
SKWARSKA;618
SZARA;618
ŻURKOWSKA;618
BACHORSKI;618
FAL;618
FUTYMA;618
GĘBURA;618
KAPCIAK;618
KILAR;618
KRZYSZTOFEK;618
PRAŻMOWSKI;618
STĘPAK;618
KACPRZYCKA;617
LAKATOSH;617
MOVCHAN;617
PRZYTULSKA;617
SKUPIN;617
STODOLNA;617
WĘGRZYŃSKA;617
DARDZIŃSKI;617
KĘSEK;617
KNIEĆ;617
POTĘGA;617
ROBACZEWSKI;617
SILSKI;617
FELISIAK;616
GRAJKOWSKA;616
KARŁOWICZ;616
MAKSIMOWICZ;616
SZULBORSKA;616
WOLNICKA;616
WOŚKO;616
CIBOR;616
DZICZEK;616
FABISZAK;616
GRONKOWSKI;616
KOPYT;616
KOVALSKYI;616
L?;616
LECIEJEWSKI;616
MOSUR;616
NAKLICKI;616
SKOTNICZNY;616
STAŃKOWSKI;616
DŁUGAJCZYK;615
MACIEJSKA;615
OCHOCIŃSKA;615
REDZIMSKA;615
BARTOŚ;615
BURNAT;615
CZUBACKI;615
GURZYŃSKI;615
GUŚCIORA;615
KALKA;615
KUJDA;615
MARACH;615
PARAFINIUK;615
WĘGRZYŃSKI;615
WYSKIEL;615
ŻUCHOWICZ;615
ŻURAŃSKI;615
ŻYBURA;615
ALEKSANDER;614
ANTONENKO;614
BIELIK;614
JONAK;614
OTRĘBSKA;614
PRAŻMOWSKA;614
PRONOBIS;614
BARTNIKOWSKI;614
DRYGAŁA;614
JAKÓBOWSKI;614
KALISKI;614
KUTERA;614
SETLAK;614
STELMASIAK;614
ZARANEK;614
CHWALIŃSKA;613
ROSICKA;613
ZIĘTAL;613
KEMPNY;613
KOŁACZYK;613
KRĘPA;613
SZWIEC;613
TRYBAŁA;613
WYSOTA;613
BUJKO;612
KAZIOR;612
KRYGOWSKA;612
ZACHAREWICZ;612
BUGAJNY;612
CIEMNY;612
CZERNIAKOWSKI;612
FRYCZ;612
KILJAŃSKI;612
KOŁAK;612
LADEMANN;612
LITWINOWICZ;612
OBARSKI;612
PAŁYGA;612
SENDECKI;612
SUCHAŃSKI;612
SYLDATK;612
CUDNA;611
ŁUSZCZEWSKA;611
MAJORCZYK;611
OLEARCZYK;611
ORSZULIK;611
SKĄPSKA;611
BEHRENDT;611
FLIEGER;611
GRABOŚ;611
JĘDRASIAK;611
KOPYTO;611
KOWALCZE;611
KRYGOWSKI;611
MRUGALSKI;611
SOBUŚ;611
SZYNDLER;611
TOMALSKI;611
TRZEPIZUR;611
ZAPAŚNIK;611
PIWIŃSKA;610
SŁUPIK;610
BASA;610
BOCIEK;610
FAMULSKI;610
KURPIŃSKI;610
KUTEK;610
PEPŁOWSKI;610
POGODZIŃSKI;610
SOCHAJ;610
TABIŚ;610
CIUBA;609
DRUŻYŃSKA;609
KUDELA;609
ŁYKOWSKA;609
MAJNUSZ;609
MALCHAREK;609
PISKOR;609
STRZODA;609
FOLTA;609
HOLEWA;609
KRASNY;609
ŁYSZKOWSKI;609
MADZIA;609
MAGOŃ;609
MICHNOWSKI;609
PIEKAREK;609
ROGAL;609
SĘDEK;609
SWATOWSKI;609
TOBOREK;609
BUJANOWSKA;608
MACIEJKO;608
PANICZ;608
SIEJAK;608
SZUBIŃSKA;608
ZIEGLER;608
CHECHELSKI;608
CIAK;608
CZOSKA;608
DYTKO;608
KASZKOWIAK;608
ŁEPEK;608
MIRKOWSKI;608
TETERYCZ;608
FILIŃSKA;607
GURZYŃSKA;607
KLOSKA;607
MĄDRZAK;607
PIERŚCIŃSKA;607
SILSKA;607
SKROCKA;607
SOBKIEWICZ;607
SZCZESIAK;607
WOJTASIŃSKA;607
BRUDZIŃSKI;607
BUTRYM;607
HARASIMIUK;607
KROPIEWNICKI;607
LICA;607
PACHUTA;607
POWAŁKA;607
WOJTUŃ;607
JESKE;606
KORDUS;606
KUNECKA;606
ONYSHCHUK;606
PACHOLAK;606
ŚCIBISZ;606
ANTOŃCZAK;606
BARSZCZAK;606
FRYDEL;606
KOZUBAL;606
LEŚNIKOWSKI;606
MARKO;606
MATUSEWICZ;606
MĄDRO;606
MOLENDOWSKI;606
NICEWICZ;606
OPYD;606
PĘKSA;606
WIESE;606
ZARAŚ;606
DYLONG;605
FRĄCZKIEWICZ;605
KRZYŚKO;605
KUNCEWICZ;605
MULARZ;605
PODSIEDLIK;605
SUCHAŃSKA;605
BARTKOWICZ;605
CIELOCH;605
CIUK;605
GRYCZ;605
KEMPKA;605
KOBUSZEWSKI;605
MOKWA;605
RYFA;605
KALISKA;604
MARTYNOWICZ;604
MUSIOLIK;604
NIKOLAIENKO;604
SAPETA;604
SUROWIECKA;604
WOJNARSKA;604
FRANC;604
GÓRAJ;604
GRYGOROWICZ;604
LADA;604
LIEDTKE;604
ŁAŻEWSKI;604
MARĆ;604
PARCZEWSKI;604
PIERŚCIŃSKI;604
RZĄCA;604
SZELIGOWSKI;604
ŚMIAROWSKI;604
TRZEŚNIOWSKI;604
UFNAL;604
BRUDZIŃSKA;603
DUMAŃSKA;603
FAMULSKA;603
KUBISZEWSKA;603
BYLINA;603
JASNOWSKI;603
KLESZCZEWSKI;603
PASTUŁA;603
RYCHŁOWSKI;603
STOLIŃSKI;603
STRUS;603
SZEMRAJ;603
BABIJ;602
BAK;602
JUSIŃSKA;602
KAZIMIERCZYK;602
KILJAŃSKA;602
PATOKA;602
ROBACZEWSKA;602
GŁÓWCZYK;602
GOSZ;602
KANICKI;602
LAMENT;602
ŁUSZCZYK;602
MIĄSKO;602
PILAREK;602
PŁACHECKI;602
SIEMBAB;602
SIUDEK;602
STROMSKI;602
WYDRYCH;602
BERKOWSKA;601
BOJCZUK;601
GODZIK;601
MIODOŃSKA;601
PRZESTRZELSKA;601
STAŃKOWSKA;601
SWOROWSKA;601
BUJANOWSKI;601
CHABERSKI;601
FELIKSIAK;601
GAŃSKI;601
GODZISZ;601
GWARA;601
ISKRZYCKI;601
MAŁYSZEK;601
SOBISZ;601
CHALECKA;600
FOMINA;600
GAJECKA;600
PARCZEWSKA;600
PEPŁOWSKA;600
STEINKE;600
SZAREJKO;600
ŚNIEGOWSKA;600
CHODNICKI;600
CHOWANIAK;600
GUZIKOWSKI;600
KRUSIŃSKI;600
MIKITA;600
NIERZWICKI;600
RUBAJ;600
SEROCKI;600
STAWECKI;600
ŻELAZEK;600
FESENKO;599
KOSIARSKA;599
ŁOŻYŃSKA;599
MARKIEL;599
PIOTROWIAK;599
POCHYLSKA;599
BORYSIAK;599
CIOCHOŃ;599
JASKOWSKI;599
ŁASKARZEWSKI;599
MATYJAS;599
SOŚNIAK;599
STRADOMSKI;599
GAWRYSZEWSKA;598
GIERACH;598
ŁYSZKOWSKA;598
STAWECKA;598
STRADOMSKA;598
SWATOWSKA;598
SZCZEBLEWSKA;598
ZIENTARSKA;598
BURCZAK;598
BUŚ;598
CHALECKI;598
DUMAŃSKI;598
GLEBA;598
HAJDAS;598
MAŚLIŃSKI;598
MAZEK;598
MĘDRZYCKI;598
SACZUK;598
SKIERKOWSKI;598
SZUBIŃSKI;598
WALUSIAK;598
ŻYWCZAK;598
MAZEPA;597
MRUGALSKA;597
PISKOROWSKA;597
SYDORCHUK;597
WOJNICZ;597
ZYGMUNTOWICZ;597
BIEGANOWSKI;597
BYLICKI;597
FAJKOWSKI;597
GALIKOWSKI;597
KIEŁBUS;597
KLIN;597
ŁAPOT;597
SUROWIECKI;597
ŚLASKI;597
WOJSŁAW;597
ELSNER;596
KOCHMAŃSKA;596
PASHCHENKO;596
SIEKLUCKA;596
ZAIATS;596
CIERESZKO;596
JANUCHTA;596
KOŁACZKOWSKI;596
LITEWKA;596
PYZA;596
PYZIAK;596
RAJTAR;596
SMYKLA;596
SZNURA;596
ŚWISTOWSKI;596
LEŚNIKOWSKA;595
ŁASKARZEWSKA;595
POREDA;595
PRZEDPEŁSKA;595
SZAJDA;595
ZACHARZEWSKA;595
ZHURAVLOVA;595
CZUPRYN;595
GZYL;595
KŁÓSEK;595
LINKOWSKI;595
ŁOBOCKI;595
ŁUSZCZEWSKI;595
SHRESTHA;595
TROCHIMIUK;595
BRZEZOWSKA;594
DANISZ;594
FIDLER;594
JĘDRASZEK;594
KUNOWSKA;594
PRZYJEMSKA;594
TUZ;594
ZAKHARCHENKO;594
BRZĘK;594
CISKOWSKI;594
KIEŁBIK;594
MIKULEC;594
OSICA;594
RZĄD;594
SPADŁO;594
TERKA;594
WĄSIKOWSKI;594
ZAREMBSKI;594
ZBIERSKI;594
DYBIEC;593
ISHCHUK;593
KUBANEK;593
OTOCKA;593
PRYIMAK;593
SYCHOWSKA;593
DUŻY;593
KOLBER;593
KUNECKI;593
MROTEK;593
OLBORSKI;593
PIANKOWSKI;593
PLESKOT;593
PŁUSKA;593
RUSNARCZYK;593
SCHABOWSKI;593
SULECKI;593
SWOROWSKI;593
SZRAM;593
WĄGROWSKI;593
GROCHOLA;592
KLOS;592
OWSIANA;592
PAŃKOWSKA;592
PRĘTKA;592
ROSZKIEWICZ;592
VOLOSHCHUK;592
BURDZIŃSKI;592
DŁUGI;592
DUSIŃSKI;592
HARTMAN;592
IGNATIUK;592
KLĘCZAR;592
KOZON;592
MIOTKE;592
NASTAŁY;592
NIŻYŃSKI;592
OBST;592
OLEKSA;592
PABISIAK;592
RAHMAN;592
WĄSIEWICZ;592
BARTNIKOWSKA;591
BŁAŻEJCZAK;591
JASNOWSKA;591
JĘDRUSZCZAK;591
LEJKOWSKA;591
SZCZEPANKOWSKA;591
WĄGROWSKA;591
BROWARCZYK;591
CUDZICH;591
FIUT;591
KASZYCKI;591
KUZAK;591
RÓŻAK;591
SADY;591
SOBKÓW;591
WASZCZYK;591
BUGALSKA;590
SHCHERBAK;590
DACHOWSKI;590
GADZINA;590
GRABARA;590
JARACZ;590
KLOCH;590
KOSIARSKI;590
KUTKOWSKI;590
MALSKI;590
MAŃSKI;590
PIERSA;590
ZUZIAK;590
MROCZKO;589
NABIAŁEK;589
ZIĘTKOWSKA;589
BAJAK;589
BIŁAS;589
DROBIŃSKI;589
DUDAŁA;589
GRUZA;589
KLEJNA;589
KUDŁACZ;589
KUZMIN;589
LINDA;589
ŁAKATOSZ;589
PAŃKOWSKI;589
PITURA;589
POGONOWSKI;589
SAROTA;589
STACHECKI;589
SZATKO;589
ŁOPIŃSKA;588
PĄCZKOWSKA;588
PODLECKA;588
SIEMION;588
YAKYMENKO;588
ZANIEWICZ;588
BRODECKI;588
BUDZYŃ;588
KĘDZIOREK;588
KINAL;588
KUKIEŁA;588
ŁASAK;588
ŁYŚ;588
MATEREK;588
MATYSZEWSKI;588
POŁETEK;588
RESZKE;588
SKRABA;588
STACHÓW;588
SZCZYPKOWSKI;588
ŚLEBIODA;588
WÓDKA;588
ŻACH;588
ISKRZYCKA;587
NAZAROVA;587
ŚLASKA;587
TUCHOWSKA;587
ADAMKOWSKI;587
DEJEWSKI;587
DYREK;587
FILIŃSKI;587
GAWRYSZEWSKI;587
GETKA;587
KRĘŻOŁEK;587
LIPOWICZ;587
ŁOPIŃSKI;587
MILA;587
MOSZYŃSKI;587
NOWROT;587
PĘDZIK;587
PROCEK;587
PRZEDPEŁSKI;587
PRZYTULSKI;587
REDZIMSKI;587
TYLMAN;587
BRYLIŃSKA;586
DEJEWSKA;586
LINKOWSKA;586
MYKYTIUK;586
SEROCKA;586
SMELA;586
ŚMIAROWSKA;586
TABORSKA;586
WAROWNA;586
BUCHALSKI;586
GOLAK;586
HETMAŃSKI;586
JAŁOWIEC;586
KOŁODZIŃSKI;586
KORDALSKI;586
KSIĘŻYK;586
KULWICKI;586
LEPIANKA;586
PICHETA;586
PULKOWSKI;586
ŚREDNICKI;586
TARŁOWSKI;586
TOŁWIŃSKI;586
DANEL;585
KORZONEK;585
MAŚLIŃSKA;585
RUT;585
BANY;585
BOJDO;585
GRADEK;585
KRASNOWSKI;585
KURP;585
MASŁOŃ;585
MASZCZYK;585
MATUSZYŃSKI;585
MIK;585
MIKUS;585
MIŚKOWICZ;585
ŚLESZYŃSKI;585
CZUBACKA;584
DZIEWOŃSKA;584
GAŃSKA;584
JAMBOR;584
KOBYLSKA;584
KOŁODZIŃSKA;584
KORNAK;584
NOWOTNA;584
SZACHNIEWICZ;584
TSYMBALIUK;584
BUSZKIEWICZ;584
DROBNIK;584
GAJOWIAK;584
KNYSAK;584
KURCZAK;584
MARAT;584
PASTUSZKO;584
PYRZYŃSKI;584
RUDECKI;584
RZYMSKI;584
SAPA;584
SZYMECKI;584
WASĄŻNIK;584
WĄSEK;584
BILAN;583
BUDNICKA;583
HUCZEK;583
KALICIAK;583
LUTYŃSKA;583
MARTYNOVA;583
MOŚCIŃSKA;583
TRZEŚNIOWSKA;583
JAŹWIEC;583
KARKOCHA;583
KAZANECKI;583
KOBYLSKI;583
PADŁO;583
POSTAWA;583
WINCENCIAK;583
BORUSZEWSKA;582
BUCHALSKA;582
KURPIŃSKA;582
SCHABOWSKA;582
SOROKINA;582
STACHECKA;582
ŚWISTOWSKA;582
TWARDA;582
CHYLEWSKI;582
DAROWSKI;582
FIOŁKA;582
GŁÓWCZEWSKI;582
GŁUSZKO;582
GOSKA;582
KULIGA;582
MAŁYSIAK;582
PĘCIAK;582
PRASKI;582
SŁYK;582
STRAWA;582
ZIENTARSKI;582
BODEK;581
GIŻYŃSKA;581
KLESZCZEWSKA;581
MALARA;581
NIEMCZEWSKA;581
SENDECKA;581
SĘCZKOWSKA;581
SKIERKOWSKA;581
SZYBOWSKA;581
WOCHNA;581
ZAREMBSKA;581
ZNAMIROWSKA;581
FILIKS;581
GOSZTYŁA;581
JANUCHOWSKI;581
KARPIERZ;581
KLUPŚ;581
LUTYŃSKI;581
ŁOŃSKI;581
STYN;581
SUCHENEK;581
CIESIELKA;580
GOŁOFIT;580
GREGOROWICZ;580
JAKÓBIK;580
KRASNOWSKA;580
SZELIGOWSKA;580
WIERUSZEWSKA;580
ŻURAŃSKA;580
CAPAŁA;580
CHLEBDA;580
CZAIŃSKI;580
GIEZEK;580
KOZICA;580
KUSKA;580
OSADA;580
RUDOWICZ;580
TROJANOWICZ;580
ZAPOROWSKI;580
ZIĘTKOWSKI;580
ZINKIEWICZ;580
ŻYNDA;580
GIEDROJĆ;579
HRYHORENKO;579
JANUCHOWSKA;579
KANICKA;579
MARTYN;579
MOSIŃSKA;579
NOWACZYŃSKA;579
REZLER;579
TOŁWIŃSKA;579
WITUCKA;579
BANAK;579
DZIEWOŃSKI;579
KLISZEWSKI;579
LAMPART;579
NALAZEK;579
NIEMCZEWSKI;579
OLAS;579
ORWAT;579
OTOCKI;579
POMPA;579
WĄSACZ;579
BONIKOWSKA;578
FAJKOWSKA;578
KAZANA;578
KUDŁACIK;578
PYRZYŃSKA;578
RAŹNA;578
SOZAŃSKA;578
URZĘDOWSKA;578
JAS;578
ŁĘTOWSKI;578
ŁUKSZA;578
NOCULAK;578
RADZIŃSKI;578
SKAŁKA;578
STROKA;578
TR?N;578
DACHOWSKA;577
GENDEK;577
KORDALSKA;577
NAKLICKA;577
PLEBAN;577
YAKOVLIEVA;577
ZIAJKA;577
GRZONKOWSKI;577
PAL;577
SZYJKA;577
AMBROŻEWICZ;576
BECK;576
GORĄCA;576
GROBORZ;576
HEINRICH;576
HLUSHCHENKO;576
KOBRYŃ;576
KRUZEL;576
KUCHCIAK;576
NIKLEWICZ;576
PŁACHECKA;576
WOŁKOWSKA;576
BOCIANOWSKI;576
DUCKI;576
GAJECKI;576
ŁAPAJ;576
PIERNICKI;576
RYSZKIEWICZ;576
SZCZEPANKOWSKI;576
SZUMAŃSKI;576
SZYDA;576
TARASOV;576
BOCIANOWSKA;575
CYRANKOWSKA;575
GOSPODAREK;575
KASAK;575
KAWĘCKA;575
ŁABNO;575
POGONOWSKA;575
SULECKA;575
SZUMAŃSKA;575
BAKALARCZYK;575
BOCHNIA;575
FRONCZEK;575
JAŚKOWIEC;575
MOSIŃSKI;575
ORNAT;575
REMBOWSKI;575
SEKLECKI;575
SKROBOT;575
SZYNKOWSKI;575
TYBOROWSKI;575
HOROBETS;574
KOBUSZEWSKA;574
KUTSENKO;574
LECIEJEWSKA;574
MOLAK;574
POTRZEBOWSKA;574
RYCHŁOWSKA;574
SZYMECKA;574
TARŁOWSKA;574
FERFECKI;574
JAGIEŁKA;574
KONIECKO;574
KRYSZEWSKI;574
LUBOWICKI;574
MONETA;574
RUNOWSKI;574
SENATOR;574
SŁOŃ;574
WASIEWICZ;574
WITAN;574
BEREZOVSKA;573
CHYLEWSKA;573
FECHNER;573
KOŁACZKOWSKA;573
KOWARA;573
DWORNICZAK;573
KORNAGA;573
MIKICIUK;573
RZEPIŃSKI;573
SIERGIEJ;573
SKOPIŃSKI;573
SOCHACZEWSKI;573
STUGLIK;573
TABORSKI;573
ZAGOŻDŻON;573
DROBEK;572
ERNST;572
GÓRZNA;572
HUBERT;572
ŁASKAWIEC;572
MAJEWICZ;572
MATYSZEWSKA;572
MĘDRZYCKA;572
PICH;572
RADZIŃSKA;572
REJDYCH;572
WOJTASIEWICZ;572
ŻYCHLIŃSKA;572
BONIKOWSKI;572
DZIERŻAWSKI;572
GAWLICZEK;572
GIŻYCKI;572
GULIŃSKI;572
KAROL;572
MILCARZ;572
NICIEJEWSKI;572
ORTYL;572
SKOTAREK;572
SUDAK;572
ZŁOTOWSKI;572
BACHORSKA;571
BAŃSKA;571
KOLEŚNIK;571
STROMSKA;571
WŁADYKA;571
ZBIERSKA;571
BRYNIARSKI;571
BUK;571
GOŁKOWSKI;571
HASIAK;571
KAWĘCKI;571
KURPISZ;571
MOŚCIŃSKI;571
PRZEKOP;571
SIEKLUCKI;571
STEMPIN;571
WAWRZONEK;571
WOJEWODZIC;571
ZUBIK;571
ŻYWICA;571
KORTA;570
KRYSKA;570
OBARSKA;570
RYGUŁA;570
SYGUT;570
SZCZUKOWSKA;570
ZALEŚNA;570
DUSZCZYK;570
FIEREK;570
IDŹKOWSKI;570
KULCZAK;570
MĄCZKOWSKI;570
NÓŻKA;570
RUBACHA;570
WYPCHŁO;570
ZŁOTNIK;570
RZYMSKA;569
SEKLECKA;569
WĄSIKOWSKA;569
CETERA;569
CYRANKOWSKI;569
ŚLESIŃSKI;569
WIELGAT;569
BOTOR;568
CHMIELARSKA;568
DUDNYK;568
GULIŃSKA;568
PRYSIAZHNIUK;568
SOCHACZEWSKA;568
STADNYK;568
STELMAKH;568
ŚLESIŃSKA;568
ŚREDNICKA;568
BIERNACIK;568
DOBROGOWSKI;568
JUSZCZYŃSKI;568
KRAVTSOV;568
ŁOKAJ;568
MŁOCEK;568
TABISZ;568
WITTBRODT;568
WŁOSIŃSKI;568
WOJNARSKI;568
ZGÓRSKI;568
BOJARCZUK;567
BORTNIK;567
CHODNICKA;567
DUCKA;567
DUDAR;567
DYSZY;567
GIŻYCKA;567
LITVINOVA;567
MEDVEDIEVA;567
YEVTUSHENKO;567
GIERSZ;567
KOCON;567
LEŚNICKI;567
MISKA;567
NARTOWSKI;567
ORNOWSKI;567
PATKOWSKI;567
SANKIEWICZ;567
SĘCZKOWSKI;567
SZYBA;567
TADLA;567
KURCZ;566
KUZYK;566
ŁOŃSKA;566
ŁUCZYK;566
MIROSHNYCHENKO;566
SUCHORSKA;566
FRANAS;566
GÓJSKI;566
GREGOREK;566
KOSAŁKA;566
ŁOŻYŃSKI;566
MESJASZ;566
PIETRAŚ;566
TRYC;566
WANDAS;566
BUTENKO;565
CHERNYSH;565
CZERNIAKOWSKA;565
DUBIK;565
FREITAG;565
HETMAŃSKA;565
KUBASZEWSKA;565
ORNOWSKA;565
PASIAK;565
PERŁOWSKA;565
SIP;565
BACŁAWSKI;565
BĄBOL;565
CIEĆKO;565
GUMULAK;565
KALETKA;565
KOWACKI;565
SZALIŃSKI;565
WIERUSZEWSKI;565
ZERA;565
CHARZYŃSKA;564
CISZKOWSKA;564
KRUSIŃSKA;564
STĄPOR;564
TOMYS;564
FICNER;564
GOSS;564
KUDRA;564
KULON;564
MIZIA;564
PLIZGA;564
RĘBIŚ;564
STOLTMANN;564
WAKSMUNDZKI;564
GRABCZAK;563
ILSKA;563
SOCHOCKA;563
WALIŃSKA;563
BRYLIŃSKI;563
GENDERA;563
HUTYRA;563
IDEC;563
KAJA;563
LEWEK;563
MINTA;563
MOCZYŃSKI;563
MOSIOŁEK;563
NIEGOWSKI;563
NIKOLAIEV;563
ORAWIEC;563
POTOK;563
SOBSTYL;563
SZKOŁA;563
WENDA;563
BILIK;562
GŁÓWCZEWSKA;562
GÓRNISIEWICZ;562
LUKAS;562
PULKOWSKA;562
SZYNKOWSKA;562
BARĆ;562
BERUS;562
BIAŁOBRZEWSKI;562
CEGŁA;562
CYREK;562
FILAK;562
GALOS;562
GOGOL;562
GRODEK;562
HELENIAK;562
JANASZ;562
KOŹLAK;562
LEWALSKI;562
ŁASKAWSKI;562
ŁYCZEK;562
NIEDOŚPIAŁ;562
PLEBANEK;562
STRĄCZYŃSKI;562
SZALAST;562
SZUMIŁO;562
SZYBOWSKI;562
SZYMANIUK;562
TUCHOWSKI;562
TUROŃ;562
BIAŁOUS;561
GLENC;561
GŁOWNIA;561
HRYNIUK;561
KARMELITA;561
MĄCZKOWSKA;561
NARTOWSKA;561
SZCZYPKOWSKA;561
ANDREARCZYK;561
ANDRUSZKO;561
BAŃSKI;561
KAPCIA;561
ŁASTOWSKI;561
MULAWA;561
SZMELTER;561
WILANOWSKI;561
ECKERT;560
KOŚCIESZA;560
KULWICKA;560
LUBOWICKA;560
NIŻYŃSKA;560
SANETRA;560
STRĄCZYŃSKA;560
SYDORUK;560
WASILEWICZ;560
WŁOSIŃSKA;560
ZACH;560
CHARZYŃSKI;560
CHORĄŻYCZEWSKI;560
DUDZIEC;560
GĘSIARZ;560
GONTARSKI;560
JANC;560
KASIAK;560
KIELCZYK;560
KOSTAŃSKI;560
KOZIARZ;560
LASKUS;560
LEJKOWSKI;560
MAJOS;560
MAJSTEREK;560
MOCNY;560
MROWCA;560
NAHORNYI;560
NOWACZYŃSKI;560
PIELACH;560
SKRZECZ;560
SPORYSZ;560
SZARUGA;560
WITUCKI;560
BORKIEWICZ;559
KIERAT;559
ŁĘTOWSKA;559
MONIUSZKO;559
SZWEDOWSKA;559
BARCZUK;559
BAREJ;559
GINALSKI;559
KRAUZA;559
LEPA;559
MAJDAN;559
MARCHWIŃSKI;559
MATRASZEK;559
MIGOŃ;559
RAFIŃSKI;559
ROGALEWSKI;559
ANDRIICHUK;558
ARASZKIEWICZ;558
BEREŹNICKA;558
GRZELEWSKA;558
IDŹKOWSKA;558
KOWALCZEWSKA;558
ZAPOROWSKA;558
HELMAN;558
MADURA;558
MAGIEROWSKI;558
PIECZARKA;558
ZAGOZDA;558
JAGŁOWSKA;557
JANY;557
KOSZYKOWSKA;557
NIESZPOREK;557
SOMMERFELD;557
TOMALSKA;557
WAWRZYCKA;557
BŁAZIAK;557
GAMRAT;557
GUZDEK;557
JASZCZ;557
ORGANIŚCIAK;557
STĘPLEWSKI;557
SZAJ;557
UŚCIŃSKI;557
WACŁAW;557
WOJTANOWICZ;557
BUGIEL;556
GINALSKA;556
MOLENDOWSKA;556
NIERZWICKA;556
BASAK;556
BESZCZYŃSKI;556
JANTOS;556
KOZIELEC;556
MACIAŚ;556
MŁODZIK;556
MORDAL;556
MOŻDŻONEK;556
WIERDAK;556
ZAMORA;556
ZDZIEBŁOWSKI;556
BIAŁOSKÓRSKA;555
CYMER;555
FERFECKA;555
KOLAŃSKA;555
KROPIEWNICKA;555
STETSIUK;555
VASHCHENKO;555
ZAJKO;555
BARANKIEWICZ;555
BARŁÓG;555
BASZCZYŃSKI;555
CHALIMONIUK;555
HABDAS;555
OSKROBA;555
OWSIŃSKI;555
ROLEK;555
SOCHOCKI;555
STYRNA;555
SZUBSKI;555
SZULIST;555
WROCŁAWSKI;555
ZONTEK;555
BABSKA;554
HEJNA;554
JESZKE;554
JOSZKO;554
KARPOVA;554
KOĆWIN;554
LEWALSKA;554
ŁANIEWSKA;554
MOTAK;554
OLBRYCH;554
BRZEGOWY;554
CHRUSTOWSKI;554
CIROCKI;554
CYWKA;554
CZUBASZEK;554
KLYSZCZ;554
LAMPA;554
TEKIELA;554
TYCZKA;554
WSZEBOROWSKI;554
GALIKOWSKA;553
GÓJSKA;553
KASZYCKA;553
OWSIŃSKA;553
PRASKA;553
WILANOWSKA;553
WROCŁAWSKA;553
ZŁOTOWSKA;553
BIEGALSKI;553
CIS;553
DYDAK;553
ELLWART;553
GRZELEWSKI;553
JACHNA;553
KUPNIEWSKI;553
KUZA;553
MAMIŃSKI;553
MIZAK;553
MLECZAK;553
PLONA;553
PROĆ;553
STAŚKO;553
WIŚNICKI;553
ZDUŃSKI;553
BRĄGIEL;552
DOTSENKO;552
DYBALSKA;552
JARKIEWICZ;552
KALINICHENKO;552
KLECZEWSKA;552
KUBECKA;552
CIMOCH;552
DĘBOSZ;552
FURA;552
GRONKIEWICZ;552
HALIK;552
JEMIOŁO;552
KĄTNY;552
ŁEBKOWSKI;552
NIEĆKO;552
PRZEKWAS;552
RATUSZNY;552
SARNIAK;552
SKŁADANEK;552
STAROŚCIAK;552
ŚLIŻEWSKI;552
ADAMASZEK;551
BRODECKA;551
DOROŻYŃSKA;551
DZIERWA;551
HOLC;551
HRYTSIUK;551
MALCHEREK;551
POLEWKA;551
REMBOWSKA;551
SKOPIŃSKA;551
SZCZERKOWSKA;551
DELA;551
GRABOŃ;551
KOZDRÓJ;551
KRASA;551
KUBASZEWSKI;551
PASICH;551
SKALNY;551
SKUP;551
TOCZKO;551
WIERTEL;551
ZELEWSKI;551
ŁASTOWSKA;550
MĄKOWSKA;550
NAZAREWICZ;550
RUDECKA;550
RUNOWSKA;550
SARAN;550
WYKRĘT;550
CZOCHARA;550
KOLAŃSKI;550
KOSZYKOWSKI;550
KUBOŃ;550
LUDWIN;550
ŁACEK;550
ŁUKASZ;550
OSOWIECKI;550
PITUŁA;550
PUDLIK;550
SADŁOCHA;550
SZCZUKOWSKI;550
WAWRZYCKI;550
BRONICKA;549
BYTNAR;549
CHERNYSHOVA;549
DROBIŃSKA;549
DZIERŻAWSKA;549
KORBUT;549
KURPAS;549
LATKO;549
LESHCHENKO;549
METELSKA;549
MĘCZYŃSKA;549
PACHOCKA;549
SLOBODIANIUK;549
BAZYLUK;549
DANIELUK;549
DUDCZAK;549
GRYKA;549
GUMUŁA;549
HANZEL;549
JAGŁOWSKI;549
KWAPIEŃ;549
ŁUKASIUK;549
MAŁYS;549
MILEWCZYK;549
ROKOWSKI;549
SASAK;549
SOWULA;549
ŚLIPEK;549
BYTOMSKA;548
MAYER;548
OLBORSKA;548
PAWLICZAK;548
ZUGAJ;548
BRYDA;548
CHMIELARSKI;548
DZIEŻA;548
GRAL;548
KALECIŃSKI;548
KUDEŁKA;548
OLEKSIŃSKI;548
PIERZAK;548
SMYCZYŃSKI;548
SOZAŃSKI;548
WOŁKOWSKI;548
YILMAZ;548
BESZCZYŃSKA;547
BRYNIARSKA;547
CHRUSTOWSKA;547
GEBAUER;547
KLISZEWSKA;547
MATUSZYŃSKA;547
POGWIZD;547
REZMER;547
SADOWNIK;547
BRONICKI;547
FRAS;547
FROLOV;547
HAPONIUK;547
KLUJ;547
LEŃ;547
MACHALICA;547
OBUCHOWICZ;547
SALWIN;547
CZAIŃSKA;546
DŁUŻEWSKA;546
GRAŚ;546
NOGIEĆ;546
NOSARZEWSKA;546
PANCHUK;546
SCHOLZ;546
TUCKA;546
TYBOROWSKA;546
WIŚNICKA;546
BUTOWSKI;546
GĄSECKI;546
GLIWIŃSKI;546
KORPAL;546
KRZYSZCZAK;546
KULIS;546
MIROŃCZUK;546
NAGRODZKI;546
PACHOCKI;546
PIWNICKI;546
STUCZYŃSKI;546
SYKAŁA;546
SZOK;546
WISŁA;546
ZIELINSKI;546
ZNAMIROWSKI;546
BIEGALSKA;545
CHWALISZ;545
CUKIER;545
DEREVIANKO;545
GIERAT;545
LUBELSKA;545
PASKO;545
SOKOLNICKA;545
UŚCIŃSKA;545
ZDZIEBŁOWSKA;545
ZIELINSKA;545
CIOŁCZYK;545
DUCZEK;545
DUŁAK;545
FOMIN;545
GILL;545
KAMINSKYI;545
KIEŁBASIŃSKI;545
KNYCH;545
SOJDA;545
ZNOJEK;545
ACHTELIK;544
ADAMKOWSKA;544
ĆMIEL;544
HLUSHKO;544
IHNATENKO;544
KIEŁBASIŃSKA;544
KIEŁCZYKOWSKA;544
KLINGER;544
KOROLOVA;544
LISIEWSKA;544
MAĆCZAK;544
PIERNICKA;544
SZKARŁAT;544
DUB;544
JASIONEK;544
KOŚCIK;544
KRYSZCZUK;544
MIZGAŁA;544
ROCH;544
YANG;544
ŻYCHLIŃSKI;544
ANTECKA;543
GOŁKOWSKA;543
JUSTYŃSKA;543
MOCZYŃSKA;543
SIWCZAK;543
SOŁTYSEK;543
CELEJEWSKI;543
DRUŻYŃSKI;543
DZIARMAGA;543
FOLGA;543
GRYSZKIEWICZ;543
KAPUŚCIK;543
KONWERSKI;543
KRAKOWCZYK;543
KRĘGIEL;543
KURCZAB;543
MYCEK;543
PERŁOWSKI;543
SZAJEK;543
ZADKA;543
ZASĘPA;543
ARCZEWSKA;542
BARABASH;542
DRELA;542
MALARSKA;542
NORAS;542
ROGALEWSKA;542
GRZYWNOWICZ;542
KLECZEWSKI;542
KNIAŹ;542
KOHNKE;542
LISOWICZ;542
MARTYNOWSKI;542
OKULSKI;542
PAWEŁKIEWICZ;542
PIERCHAŁA;542
PYRZ;542
ROGUCKI;542
BASTER;541
DURYS;541
DUSIŃSKA;541
JONES;541
MAŃSKA;541
OMELCHUK;541
PATKOWSKA;541
POŚNIK;541
ROGUCKA;541
SADOWA;541
SAVYTSKA;541
SYMONOWICZ;541
ZDUŃSKA;541
GILEWICZ;541
GRAJ;541
GROCHALSKI;541
GRONOSTAJ;541
JENDRZEJEWSKI;541
JĘDRAK;541
KARPIAK;541
KOTARA;541
LIWIŃSKI;541
MALESZKA;541
PAĆKOWSKI;541
PIOTRKOWICZ;541
PUPEK;541
RUDYI;541
SADLAK;541
BACŁAWSKA;540
BLUSZCZ;540
BUCHHOLZ;540
CHERNETSKA;540
DARDZIŃSKA;540
GŁOWIAK;540
KARABAN;540
KOSTAŃSKA;540
ŁAGOCKA;540
SOLICH;540
STĘPLEWSKA;540
TRYBULSKA;540
WŁOSTOWSKA;540
BABSKI;540
BASAJ;540
CISZKOWSKI;540
DOBRUCKI;540
DURMA;540
DUŻYŃSKI;540
GRYCIUK;540
GRYGLEWSKI;540
ŁAGOCKI;540
MATYJASZEK;540
MĄKOWSKI;540
MIJAS;540
MIKOŁAJEWICZ;540
TUŁODZIECKI;540
CHORĄŻYCZEWSKA;539
DOBRUCKA;539
FOJT;539
GŁOWICKA;539
KOŁKOWSKA;539
KORPALSKA;539
KRYSZEWSKA;539
LEBID;539
MOGIELNICKA;539
PIANKOWSKA;539
RAFIŃSKA;539
SZUBSKA;539
ANTECKI;539
DARAŻ;539
DREWICZ;539
FRELEK;539
GOLISZEK;539
HAWRYLAK;539
KACPERCZYK;539
KOSIEK;539
POCZTA;539
PRZYTARSKI;539
ROSOŁEK;539
ROSZKO;539
RUSZAŁA;539
ŚLEDZIK;539
TRYKA;539
WAWRZYN;539
WITKA;539
WOŁOSZYK;539
BLOCK;538
LESZCZAK;538
NOVOSAD;538
PALII;538
STOLORZ;538
WÓJT;538
BURKIEWICZ;538
CHERNOV;538
DYDA;538
GADZAŁA;538
HUL;538
NOSARZEWSKI;538
OFIARA;538
SOSKA;538
STAŃDO;538
WIĘCŁAWEK;538
WUJEC;538
NITKOWSKA;537
PĄGOWSKA;537
POŁAWSKA;537
REICHEL;537
ROTER;537
RYMAR;537
STUCZYŃSKA;537
YAKYMCHUK;537
ARCZEWSKI;537
CYGAL;537
KLIŃSKI;537
KOŃ;537
KULICKI;537
MALARSKI;537
MISIUK;537
PACHNIK;537
PACHOLIK;537
PASTUSZEK;537
RZADKOWSKI;537
SMAGACZ;537
SNOCHOWSKI;537
WIERUCKI;537
ŻUBROWSKI;537
ADAMIUK;536
DOPIERALSKA;536
DYMARSKA;536
GONTARSKA;536
GRUSZEWSKA;536
MALAWSKA;536
MASTEJ;536
NIEGOWSKA;536
ROSKOSZ;536
SOBIERALSKA;536
ZYZIK;536
BEREŹNICKI;536
BODZAK;536
GIEL;536
GŁOWICKI;536
GRZEGORZAK;536
KANIUK;536
LISIEWSKI;536
LUBELSKI;536
MALIGŁÓWKA;536
OSIK;536
WALOCH;536
WDOWIK;536
ZADOROZHNYI;536
ZBICIAK;536
DROŻYŃSKA;535
MARCHWIŃSKA;535
PETRUS;535
PRZYTARSKA;535
ROKOWSKA;535
SANIEWSKA;535
KIERSNOWSKI;535
KRZYKAŁA;535
MAŁŻ;535
PAŁYSKA;535
PILICH;535
RASZKOWSKI;535
SKONIECZKA;535
ZAWILIŃSKI;535
DOBROGOWSKA;534
GROCHALSKA;534
KOZIOROWSKA;534
KROPLEWSKA;534
ŁOMNICKA;534
MARTYNOWSKA;534
MYRONIUK;534
REJMER;534
DWORNICKI;534
GALEK;534
GOŁEMBIEWSKI;534
JANCZY;534
KAMYK;534
KIELOCH;534
KORPALSKI;534
KROPLEWSKI;534
OLBIŃSKI;534
PUCH;534
TURCZYK;534
WALIŃSKI;534
WYŻYKOWSKI;534
KIERSNOWSKA;533
KUPCZYŃSKA;533
LUKIANENKO;533
MINKINA;533
NEUGEBAUER;533
PIOCH;533
RASZKOWSKA;533
ANTONOV;533
DULAS;533
GRZESIŃSKI;533
KABALA;533
KUBECKI;533
ŁAKOTA;533
PELOWSKI;533
PNIAK;533
PRZYSTUPA;533
PULIT;533
STERNA;533
ZBROSZCZYK;533
ZBRÓG;533
ARTEMENKO;532
BACHOWSKA;532
BASZCZYŃSKA;532
BIELAT;532
DRZEWICKA;532
DUŻYŃSKA;532
KALECIŃSKA;532
KOZACHENKO;532
OBSZYŃSKA;532
OKULSKA;532
SABAŁA;532
SZAMOCKA;532
BUJAKOWSKI;532
CHABEREK;532
DOROŻYŃSKI;532
FILEK;532
ŁYP;532
MĘCIK;532
NITKOWSKI;532
PITERA;532
SUCHORSKI;532
ŚWIT;532
TRAFNY;532
ZAPORA;532
BROSZKIEWICZ;531
DOWNAR;531
JAŚNIEWSKA;531
KUTS;531
BORYSOV;531
BUKALSKI;531
DOROZ;531
HRYHORIEV;531
KAŁWAK;531
KUSZYŃSKI;531
PIOTRKOWSKI;531
SZKOPEK;531
WIRASZKA;531
KOSSAK;530
LIGENZA;530
MARKOVA;530
RZEPIŃSKA;530
ŚWIERCZYNA;530
CHERNIAVSKYI;530
FIDURA;530
KAWIAK;530
LAMCH;530
MACHETA;530
MATWIEJCZYK;530
MORTKA;530
MROCZYŃSKI;530
NIEŚCIOR;530
RAŹNIEWSKI;530
RÓWNICKI;530
TUCKI;530
WISIŃSKI;530
GOŁEMBIEWSKA;529
JONIAK;529
RAPA;529
ROLIŃSKA;529
SZWAŁEK;529
TROJANEK;529
WICKA;529
JUDEK;529
KOZUBSKI;529
KUZIEMSKI;529
MOGIELNICKI;529
PORZUCEK;529
ROMEJKO;529
WŁOSTOWSKI;529
WOLAŃCZYK;529
BARANOVSKA;528
BIESIADECKA;528
CIROCKA;528
DWORNICKA;528
OSOWIECKA;528
PIWNICKA;528
WYCZÓŁKOWSKA;528
WYŻYKOWSKA;528
BIENIECKI;528
BUDKOWSKI;528
CYLWIK;528
DYDO;528
GRABOWY;528
KRYK;528
MILEJ;528
NIKSA;528
SADOCH;528
SKURSKI;528
URZĘDOWSKI;528
USS;528
WYRWAŁ;528
ZASKÓRSKI;528
LEŚNICKA;527
MARUSZCZYK;527
NAGRODZKA;527
SHOSTAK;527
SŁONKA;527
STILLER;527
WĘGRZYNEK;527
BIAŁOSKÓRSKI;527
CHMAL;527
DYBALSKI;527
JĘDRASZCZYK;527
KOCAJ;527
KOZIOROWSKI;527
KUBÓW;527
KUPCZYŃSKI;527
MALAWSKI;527
MARASZEK;527
NIECIECKI;527
SZWEDOWSKI;527
ZIĘCIK;527
GLIWIŃSKA;526
HANDKE;526
KOSMAN;526
KOWACKA;526
KREMER;526
KUBASIEWICZ;526
KUPNIEWSKA;526
ŁASKAWSKA;526
PRZEWORSKA;526
SŁABICKA;526
SOBICZEWSKA;526
VYSHNEVSKA;526
BIESIADECKI;526
FASZCZEWSKI;526
KENIG;526
KONTEK;526
MARON;526
OCHWAT;526
PŁUDOWSKI;526
SZAMOCKI;526
TOCZYSKI;526
WIEWIÓRKA;526
CISKOWSKA;525
GĄSECKA;525
HAMERLA;525
KAMIENIAK;525
KUŚNIEREK;525
OKUROWSKA;525
PALONEK;525
RYPIŃSKA;525
SZALIŃSKA;525
URODA;525
WOJTALEWICZ;525
BRYLEWSKI;525
DROŻDŻAL;525
KOBIERECKI;525
KOŁACIŃSKI;525
MISIEJUK;525
OLEKSAK;525
PUC;525
RYDZIK;525
SMORĄG;525
SOT;525
WIAK;525
BIENIECKA;524
CWOJDZIŃSKA;524
FOGEL;524
RÓWNICKA;524
STECKA;524
ZIEMNICKA;524
ŻUBROWSKA;524
BIAŁCZYK;524
CELUCH;524
GABRYCH;524
GRUPA;524
HECZKO;524
KAJDAS;524
MYK;524
PETKA;524
PIERZ;524
PRZEWORSKI;524
ŚWIĆ;524
UZIĘBŁO;524
ZGÓDKA;524
BEKER;523
DAVYDIUK;523
DOROSZKIEWICZ;523
HASS;523
LORKOWSKA;523
RAŹNIEWSKA;523
SMYCZYŃSKA;523
WIERUCKA;523
ZGÓRSKA;523
BARTELA;523
CIĘCIWA;523
DŁUBAK;523
DŁUŻEWSKI;523
DOPIERALSKI;523
DYMARSKI;523
JODKO;523
KŁOPOCKI;523
KOWALCZEWSKI;523
KRUSZONA;523
KWARCIŃSKI;523
SAJDA;523
SAPAŁA;523
SERWIŃSKI;523
SZWEJKOWSKI;523
TOMSIA;523
WĘCŁAWSKI;523
WYKOWSKI;523
CYROŃ;522
DRESZER;522
ŁOSIAK;522
NIEWIADOMA;522
SIARKIEWICZ;522
STASZYŃSKA;522
SUWIŃSKA;522
TOŁOCZKO;522
YAREMENKO;522
ZAWODNA;522
ZIEMAK;522
CHWEDCZUK;522
CZUBKOWSKI;522
KIEŁCZYKOWSKI;522
LEMANOWICZ;522
PĄGOWSKI;522
SEMENOWICZ;522
SMAGAŁA;522
SZCZEPIŃSKI;522
BUDKOWSKA;521
GDOWSKA;521
JELENIEWSKA;521
JUSZCZYŃSKA;521
KUSZYŃSKA;521
SKRZYDLEWSKA;521
BIESEK;521
DZIEŁAK;521
GRABARSKI;521
JAMA;521
JUSTYŃSKI;521
KLESZCZYŃSKI;521
MATERKA;521
MĘCZYŃSKI;521
PATYNOWSKI;521
PYTKOWSKI;521
ROPIAK;521
SARBINOWSKI;521
STECKIEWICZ;521
HASIUK;520
KALININA;520
KRYWULT;520
MAGIEROWSKA;520
MROCZYŃSKA;520
TEODOROWICZ;520
ZAWILIŃSKA;520
DROŻYŃSKI;520
DZIADKIEWICZ;520
GARSKI;520
KUDER;520
MUCZYŃSKI;520
PALEŃ;520
SAJNÓG;520
SIERŻĘGA;520
SZCZERKOWSKI;520
SZPYT;520
WAWRZONKOWSKI;520
BLAUT;519
DOROBISZ;519
FRANIK;519
KOŃCZYK;519
KUSZAJ;519
MYROSHNYCHENKO;519
WAKSMUNDZKA;519
WENERSKA;519
BYTOMSKI;519
DRZAZGOWSKI;519
GRUSZEWSKI;519
JURASZCZYK;519
KINOWSKI;519
KŁODNICKI;519
KOCZARA;519
MOTYLIŃSKI;519
NIESŁUCHOWSKI;519
NYK;519
PODSTAWSKI;519
STERNICKI;519
TOMAL;519
WOJTASZAK;519
ZAGROBELNY;519
BINIECKA;518
ŁEBKOWSKA;518
MAŁOCHA;518
NICIEJEWSKA;518
SARBINOWSKA;518
TUŁODZIECKA;518
BACHOWSKI;518
DURLEJ;518
DZIDEK;518
KOŁKOWSKI;518
PERA;518
PROKOPIAK;518
SUCH;518
SUPERNAK;518
TELUS;518
DEREZIŃSKA;517
FASZCZEWSKA;517
JARZĘBIŃSKA;517
RATKA;517
TABACZYŃSKA;517
BLACHOWSKI;517
CIEMIŃSKI;517
DARGACZ;517
GARBACIK;517
GARLICKI;517
GUSTAW;517
IZBICKI;517
ŁODEJ;517
MATACZ;517
POLITAŃSKI;517
PYSZNY;517
STAWCZYK;517
SZPIECH;517
ZIELEZIŃSKI;517
BARTOSZAK;516
BREWCZYŃSKA;516
FRELICH;516
PYTKOWSKA;516
WSZEBOROWSKA;516
BAJKO;516
CHYBOWSKI;516
CWOJDZIŃSKI;516
CZAICKI;516
DEREZIŃSKI;516
GOMOŁA;516
KRYSTKOWIAK;516
LULA;516
ŁOMNICKI;516
MICHOŃSKI;516
OLESIEJUK;516
ROMPA;516
WIELGO;516
WILEWSKI;516
ZALEJSKI;516
BUJAKOWSKA;515
ILINA;515
KŁOPOCKA;515
LEKKA;515
SZCZEPIŃSKA;515
BRUDZYŃSKI;515
JAKÓBIAK;515
KAWULOK;515
KOŁSUT;515
KRZYŚKÓW;515
NALEWAJEK;515
OKUROWSKI;515
POŁAWSKI;515
PUTKOWSKI;515
SKOMRA;515
TADEUSIAK;515
CHOLEWKA;514
FOŁTA;514
KLYMCHUK;514
KULICKA;514
ŁADZIAK;514
MAMIŃSKA;514
OLEKSIŃSKA;514
WAJER;514
DOMOŃ;514
DYCZKOWSKI;514
FILARSKI;514
KALANDYK;514
KARLIKOWSKI;514
KOŁPAK;514
MAJERCZAK;514
MORACZEWSKI;514
POMIETŁO;514
TYLUTKI;514
WĄSALA;514
BIEROŃSKA;513
BUTOWSKA;513
FILARSKA;513
GRZONKOWSKA;513
MUZYK;513
PŁUDOWSKA;513
TOCZYSKA;513
BYTNER;513
CHYLAK;513
CZURA;513
DUBOWSKI;513
FURGA;513
GROSZ;513
HASANOV;513
JAŚNIEWSKI;513
KOCIĘCKI;513
PATERAK;513
PATLA;513
SZRAMKA;513
TRUCHEL;513
WICZKOWSKI;513
BIŃCZAK;512
BLANK;512
BURACZYŃSKA;512
GIERCZYŃSKA;512
KUZIEMSKA;512
LIWIŃSKA;512
STANICZEK;512
BRUSZEWSKI;512
ELWART;512
HARABURDA;512
KYC;512
OBSZYŃSKI;512
OSADCHYI;512
OSTROVSKYI;512
RAKOWIECKI;512
SATORA;512
SINICKI;512
SOBICZEWSKI;512
SZMALEC;512
TRYBULSKI;512
DUBOWSKA;511
KOREK;511
SZLACHCIC;511
GAJCY;511
HIRSCH;511
HORBACZ;511
JĘDRYS;511
KLISZCZ;511
OBIDZIŃSKI;511
OLSZYNA;511
SASS;511
SPYCHAJ;511
WORWA;511
ANDRIEIEVA;510
BLACHOWSKA;510
BRUSZEWSKA;510
BRYLEWSKA;510
CHYBOWSKA;510
RAGUS;510
WĘGLARSKA;510
BINIECKI;510
BORZYMOWSKI;510
KOŁTUNIAK;510
KOPEREK;510
LEONIUK;510
MATYJASEK;510
SKRZECZKOWSKI;510
SŁABICKI;510
SOBIERALSKI;510
STASZYŃSKI;510
SZYMICHOWSKI;510
TABACZYŃSKI;510
TERPIŁOWSKI;510
WARGACKI;510
WATKOWSKI;510
WYDMUCH;510
ZYBURA;510
BACIA;509
GRZANKOWSKA;509
KARLIKOWSKA;509
KOTLICKA;509
KOZOK;509
MORACZEWSKA;509
SNOCHOWSKA;509
STARK;509
STRUMIŃSKA;509
SZEJA;509
BARTUSIAK;509
DUNAL;509
HERDZIK;509
LEŃCZUK;509
PIECHURA;509
PIOTRAK;509
REJEK;509
ZIELENIEWSKI;509
ZŁOTEK;509
FEDKO;508
GOIK;508
GRABARSKA;508
NIECIECKA;508
OBIDZIŃSKA;508
SERWIŃSKA;508
SIEPRAWSKA;508
WICZKOWSKA;508
WISŁOCKA;508
GROBLEWSKI;508
KISAŁA;508
LIBER;508
MILKA;508
OKRZESIK;508
PROSTAK;508
SZYMSKI;508
TUSK;508
ZAWACKI;508
BENDER;507
BUKALSKA;507
KOSENKO;507
KYRYLENKO;507
REIMANN;507
SKURSKA;507
STAWARSKA;507
SZOTT;507
WYKOWSKA;507
ZANDECKA;507
DRZEWICKI;507
GĘSIKOWSKI;507
GIERCZYŃSKI;507
HOLIK;507
OCHENKOWSKI;507
PŁASZEWSKI;507
PRUSEK;507
SUWIŃSKI;507
TALKOWSKI;507
WARDZIAK;507
ZIEMNICKI;507
GRYGLEWSKA;506
KRUSZCZYŃSKA;506
MIRSKA;506
MUCZYŃSKA;506
RUD;506
SZYMAŃCZAK;506
BANEK;506
CYSEWSKI;506
FELUŚ;506
GRZANKOWSKI;506
KOSIEDOWSKI;506
NIEZNAŃSKI;506
NOJEK;506
OŁTARZEWSKI;506
PRACZ;506
RAI;506
ROGACZ;506
STECKI;506
SZCZEGIELNIAK;506
TOMERA;506
WICIAK;506
BARCICKA;505
BIAŁOBRZEWSKA;505
CZARNACKA;505
GAIDA;505
KOŁACIŃSKA;505
KONWERSKA;505
KORDYS;505
KOZUBSKA;505
KWARCIŃSKA;505
MACULEWICZ;505
PIOTRKOWSKA;505
POWĘSKA;505
RAKOWIECKA;505
ANDRYSZCZYK;505
BARCICKI;505
HRABIA;505
KOTLICKI;505
OCZKO;505
REITER;505
ŚMIŁOWSKI;505
WENERSKI;505
WYCISZKIEWICZ;505
ZANDECKI;505
ZBORALSKI;505
CELEJEWSKA;504
GRZESIŃSKA;504
HERRMANN;504
KARWALA;504
KOPALA;504
KUBSKA;504
OLBIŃSKA;504
REGLIŃSKA;504
SZWEJKOWSKA;504
ANDREJCZUK;504
DOMERADZKI;504
GAŁĘZA;504
HYNEK;504
KAPITAN;504
KRZYŻOSTANIAK;504
LETKIEWICZ;504
ŁANIEWSKI;504
NOWOTKA;504
PASZYŃSKI;504
SZCZYPTA;504
WIERTELAK;504
WOSZCZEK;504
ZASADZIŃSKI;504
ZAWALICH;504
GRUND;503
HANKIEWICZ;503
HUSAR;503
ISKIERKA;503
KOMANDER;503
KRZEPKOWSKA;503
LIBERACKA;503
ŁUSIAK;503
RATAJEWSKA;503
SZMAJ;503
WILEWSKA;503
BARCIŃSKI;503
BARZYK;503
BUJACZ;503
GRABAN;503
JARMUŻ;503
KAZUBEK;503
KONIARSKI;503
LANGIER;503
MYDŁOWSKI;503
ROCHOWIAK;503
SKRZYDLEWSKI;503
SZAŁAJKO;503
SZCZAP;503
UZAR;503
WORACH;503
KLYTA;502
KRYVORUCHKO;502
MIROS;502
SIARKOWSKA;502
SKUBISZEWSKA;502
ZUBOWICZ;502
BORKOWICZ;502
BURACZYŃSKI;502
DYMERSKI;502
DZIUDA;502
GADECKI;502
LUBOJAŃSKI;502
ŁACHUT;502
MEGGER;502
MIRSKI;502
ORZESZEK;502
REGLIŃSKI;502
SZKUP;502
TŁUCZEK;502
TOLAK;502
SŁOCIŃSKA;501
SMOLKA;501
SOKOL;501
WIEJA;501
BREWCZYŃSKI;501
CHOJNA;501
FIDOS;501
PIEKORZ;501
PODLASIŃSKI;501
TUZIMEK;501
WOJDYGA;501
ARKUSZEWSKA;500
BUGAJNA;500
CIEMIŃSKA;500
DĄBRÓWKA;500
LIZUREJ;500
LUKIANCHUK;500
MEISSNER;500
MOTYLIŃSKA;500
PARUSZEWSKA;500
PODLASIŃSKA;500
SADO;500
STERNICKA;500
SUSHKO;500
WATKOWSKA;500
AMANOWICZ;500
BOKSA;500
BRONCEL;500
GALON;500
GUMKOWSKI;500
JARZĘBIŃSKI;500
ŁACHACZ;500
NOJSZEWSKI;500
PACHOLCZAK;500
PAWELA;500
PERNAL;500
TOMKOWICZ;500
WĘGRZYK;500
CHRAPKOWSKA;499
DERECKA;499
KOBIERECKA;499
KOCIĘCKA;499
LIPOK;499
NIESŁUCHOWSKA;499
PAĆKOWSKA;499
ZASADZIŃSKA;499
ZIELEZIŃSKA;499
ŻYMEŁKA;499
BARDZIŃSKI;499
BRACHA;499
CHRAPKOWSKI;499
DROBIK;499
MIKSZA;499
MISZKURKA;499
PH?M;499
STACHEWICZ;499
WEREDA;499
WĘGLARSKI;499
WINEK;499
WOŹNICZKO;499
ZAWADZIŃSKI;499
ZMUDZIŃSKI;499
ILNYTSKA;498
ŁOCHOWSKA;498
MICHOŃSKA;498
OCHMANN;498
OGONEK;498
PUTKOWSKA;498
SKRZECZKOWSKA;498
TAMBORSKA;498
WABIK;498
BUCZMA;498
CIMOCHOWSKI;498
FALTYN;498
FRĄCZ;498
JASINA;498
PARUSZEWSKI;498
POLASIK;498
SNOPKOWSKI;498
TORBUS;498
ZANDER;498
DAMIAN;497
DRZAZGOWSKA;497
KRZYCZKOWSKA;497
LUBOJAŃSKA;497
OCHOJSKA;497
PALEJ;497
SŁADEK;497
TORZEWSKA;497
ZALEJSKA;497
ZIELENIEWSKA;497
BODUCH;497
CZARNACKI;497
DEPTUCH;497
GRYSKA;497
JANKA;497
KUDLAK;497
KYRCZ;497
ŁAGOSZ;497
ŁOCHOWSKI;497
MOTYLSKI;497
RUSIŃSKI;497
SANIEWSKI;497
WOSZCZAK;497
ZYGA;497
ALEKSA;496
BIAŁACH;496
DOMERADZKA;496
MARCHWICKA;496
SIEBERT;496
ŻYŁOWSKA;496
DWORECKI;496
HUCZKO;496
KOPAŁA;496
KRETEK;496
MIĄSIK;496
MULTAN;496
PLEWNIA;496
PRAWDZIK;496
PYRKOSZ;496
PYSZCZEK;496
ROLIŃSKI;496
SOKOLNICKI;496
SOŁODUCHA;496
STAWARSKI;496
STRUMIŃSKI;496
TOKARZEWSKI;496
UŁANOWICZ;496
WAŚKOWSKI;496
ZWARA;496
GARLICKA;495
HORODYSKA;495
SŁOMIANA;495
TITOVA;495
BIEROŃSKI;495
BYSTREK;495
JEKA;495
KAJDAN;495
LATAŃSKI;495
MYTNIK;495
PITEK;495
RODA;495
SZAŁATA;495
GARSKA;494
GRZELEC;494
KONIECKA;494
KOŚCIUSZKO;494
MYDŁOWSKA;494
SENIUK;494
SYTNYK;494
ŚLEPOWROŃSKA;494
WAŚKOWSKA;494
ZIAREK;494
BATURA;494
DOMKA;494
KILARSKI;494
KLEBBA;494
KORGUL;494
KUZIEL;494
ŁAZICKI;494
SIWECKI;494
SOCZEWKA;494
SORNAT;494
STECIUK;494
SZUMIEC;494
WIERNICKI;494
WITKOWICZ;494
ZASADNI;494
CHODACKA;493
GOZDUR;493
HERNAS;493
KAPAŁKA;493
KILIAŃSKA;493
KUFFEL;493
MAJTYKA;493
RZECZYCKA;493
TOKARZEWSKA;493
WSZOŁA;493
BAUM;493
GEMZA;493
JACHIMCZAK;493
JACHIMCZYK;493
JAMROŻEK;493
KACZMARKIEWICZ;493
KARAŚKIEWICZ;493
KŁOSIEWICZ;493
KROPIWNICKI;493
KRUSZCZYŃSKI;493
KRYSIUK;493
ŁASICA;493
OBARZANEK;493
SIEPRAWSKI;493
SZCZEREK;493
TAMBORSKI;493
TYMCZYSZYN;493
ZAWIASA;493
BACIK;492
BARTON;492
MAŁYCHA;492
PASZYŃSKA;492
VASYLCHENKO;492
WĘCŁAWSKA;492
WOJAKOWSKA;492
ZASOWSKA;492
ZAWACKA;492
CETNAROWSKI;492
DRABIŃSKI;492
GREGORCZUK;492
KABZA;492
KSEL;492
MATULA;492
ROZUMEK;492
ZDANCEWICZ;492
ŻYŁOWSKI;492
BĄCZYŃSKA;491
DRABIŃSKA;491
DREWA;491
GADECKA;491
GOLLA;491
GRACZYKOWSKA;491
HAHN;491
MAKSYMOVA;491
PATYNOWSKA;491
SKOMOROWSKA;491
SMOLORZ;491
STANCLIK;491
TERPIŁOWSKA;491
ZBORALSKA;491
CHMURSKI;491
FITA;491
GDOWSKI;491
GILARSKI;491
GŁODKOWSKI;491
MISIOR;491
SALACHNA;491
SOBKO;491
STĄPÓR;491
SZCZERBICKI;491
SZULKOWSKI;491
TURECKI;491
WAŁASZEK;491
ZEGADŁO;491
BYKOVA;490
DYMERSKA;490
KŁODNICKA;490
MICHEL;490
NAZARKO;490
NIEMIRA;490
NURKOWSKA;490
OCZKOWICZ;490
PODSTAWSKA;490
PSTRĄGOWSKA;490
SUCHA;490
WOJTACH;490
ANDREASIK;490
BAIRAMOV;490
BISAGA;490
BYSTRY;490
JELENIEWSKI;490
KAJSTURA;490
LEMIESZ;490
NABOŻNY;490
RATAJEWSKI;490
ROSADA;490
SZULCZYK;490
TÓRZ;490
BOGUSIEWICZ;489
DWORECKA;489
HEIN;489
KARDYŚ;489
KOLEK;489
KORONKIEWICZ;489
PRAJSNAR;489
SIEG;489
TKACHOVA;489
TONDERA;489
WISIŃSKA;489
WIZNER;489
BOŃCZAK;489
CHACHULSKI;489
CHODACKI;489
GRABAS;489
LORKOWSKI;489
ŁABUŚ;489
MIOZGA;489
MORDAK;489
NOWOGÓRSKI;489
PARSZEWSKI;489
PIESZAK;489
SIEŃSKI;489
SKUBISZEWSKI;489
SZOKA;489
WARDZAŁA;489
WOSIEK;489
ŻUGAJ;489
ANUSZEWSKA;488
BIDA;488
DYCZKOWSKA;488
GRZESIEK;488
JENDRZEJEWSKA;488
KITLIŃSKA;488
MATEJUK;488
NOJSZEWSKA;488
POCHROŃ;488
SAVENKO;488
STRYKOWSKA;488
ZAWADZIŃSKA;488
BERIDZE;488
BUJAS;488
CALIŃSKI;488
CHOJAK;488
CIOŁKOWSKI;488
DAVYDOV;488
DRUŻKOWSKI;488
DZIDUCH;488
GRZEBIEŃ;488
HARĘŻA;488
JASZCZYŃSKI;488
KILIAŃSKI;488
KRZYSIK;488
KUBIENIEC;488
KUBIT;488
ŁUŻNY;488
MUSIAŁA;488
OBŁOZA;488
SIATKA;488
SŁONIEWSKI;488
ZIELONY;488
BONA;487
BURIAK;487
GROBLEWSKA;487
KOSIEDOWSKA;487
LASZKIEWICZ;487
MACHNIAK;487
MILEJSKA;487
PŁASZEWSKA;487
STECKO;487
WOŁOSZCZUK;487
ZDZIEBŁO;487
DOMOWICZ;487
ELERT;487
GOSIK;487
KORZENIAK;487
KOZLOVSKYI;487
MATYASIK;487
MELANIUK;487
RAFAŁKO;487
RYPIŃSKI;487
SKAWSKI;487
ŚLESICKI;487
WICHARY;487
HOLEKSA;486
PIECHNA;486
POLICHT;486
ROMANKIEWICZ;486
ZABOREK;486
ZELEWSKA;486
ARENDARCZYK;486
CHYB;486
GŁAZOWSKI;486
GRACZYKOWSKI;486
GUMNY;486
JASNOCH;486
KLEMENS;486
LIBERDA;486
MARCHWICKI;486
OCHOTA;486
SOBIECHOWSKI;486
SOKOLOVSKYI;486
ZASOWSKI;486
ZATOŃSKI;486
BAKIERA;485
CIOŁKOWSKA;485
FOLWARSKA;485
GRYGORCEWICZ;485
JESZKA;485
KORMAN;485
MATVIEIEVA;485
OKŁA;485
PIETRASZKIEWICZ;485
SZCZERBICKA;485
BAŁOS;485
GWIZDAK;485
HONKISZ;485
KARWAN;485
KRZYSZTOSZEK;485
KUKAWKA;485
KUZIOR;485
LENIART;485
PARUS;485
PEDRYCZ;485
STĘPKA;485
TULEJA;485
WISŁOCKI;485
WYCZÓŁKOWSKI;485
WYRWICH;485
ŻABSKI;485
BARCIŃSKA;484
BORZYMOWSKA;484
DAMEK;484
GIERULA;484
JACHOWSKA;484
KOBRZYŃSKA;484
KONIARSKA;484
KWIT;484
ŁAWNICZEK;484
MOTYLSKA;484
NAGÓRNA;484
NAMYSŁO;484
PERNAK;484
ROCŁAWSKA;484
RYBKOWSKA;484
SOBIESZCZAŃSKA;484
SOROKO;484
TARANENKO;484
WALOSZEK;484
BURZEC;484
CISOŃ;484
CZARNOMSKI;484
GLAZIK;484
GWIAŹDZIŃSKI;484
HOŁOTA;484
JANUSZEWICZ;484
LORBIECKI;484
MAZURCZYK;484
PĘDRAK;484
RASAŁA;484
REMBELSKI;484
SOBIŁO;484
STRYKOWSKI;484
SZMAGLIŃSKI;484
SZTUBA;484
UZDOWSKI;484
WILMAŃSKI;484
BARNA;483
CHACHULSKA;483
CZAJCZYŃSKA;483
GUMKOWSKA;483
KROPIWNICKA;483
MARSZEWSKA;483
PAWEŁKO;483
CZAK;483
DŁUSKI;483
KIERSKI;483
KRZEPKOWSKI;483
KRZYCZKOWSKI;483
ŁĘKAWSKI;483
MATUSZNY;483
RADOWSKI;483
SOKOLIŃSKI;483
SZPYRA;483
ŚLEPOWROŃSKI;483
TRAWKA;483
WARECKI;483
WODA;483
WOJAKOWSKI;483
ZIĘCIAK;483
HUSZCZA;482
KLESZCZYŃSKA;482
MASNA;482
PARZONKA;482
PROTASIUK;482
SNOPKOWSKA;482
WIERNICKA;482
ZASKÓRSKA;482
ANDRYS;482
ARKUSZEWSKI;482
CEBULAK;482
DYBAŁ;482
GRANDA;482
JAKACKI;482
KARABIN;482
KOBEL;482
RADZIWON;482
TROCHIM;482
WIĘCZKOWSKI;482
CZYŻYKOWSKA;481
HAJDASZ;481
JAMROZY;481
KLIŃSKA;481
MROWICKA;481
POLITAŃSKA;481
SINICKA;481
STEFANKIEWICZ;481
ŚLADOWSKA;481
BERNATEK;481
ĆWIKOWSKI;481
DANIŁOWSKI;481
DRZYMALSKI;481
DULIK;481
DUSIK;481
GĄSZCZAK;481
GMURCZYK;481
KONOVALOV;481
KUCZMARSKI;481
KURBIEL;481
MIGDA;481
PANASEWICZ;481
STODOLSKI;481
STYPKA;481
SURDEL;481
SYTY;481
ŚWISZCZ;481
CZUBKOWSKA;480
HAPKA;480
HORAK;480
KIT;480
KLACZYŃSKA;480
MALA;480
MONKIEWICZ;480
NOWOGÓRSKA;480
POLNIK;480
STRUSIŃSKA;480
ŚLIŻEWSKA;480
WARGACKA;480
ANIOŁA;480
BALAN;480
DZIADOWICZ;480
GASEK;480
GUBAŃSKI;480
KIECA;480
KURGAN;480
MELNIK;480
NURKOWSKI;480
OCH;480
PAVLOVSKYI;480
POSPIESZNY;480
SHEVTSOV;480
TARAPATA;480
VLASOV;480
WARZYBOK;480
WICKI;480
WIKIERA;480
WNUCZEK;480
ZAGDAŃSKI;480
ŻÓŁKOWSKI;480
DMYTRIIEVA;479
DRZYMALSKA;479
IGNASZEWSKA;479
LEBEDIEVA;479
LIANA;479
ŁAZICKA;479
MIAŁKOWSKA;479
TALAROWSKA;479
YEREMENKO;479
ŻUCZEK;479
ANUSZEWSKI;479
CHOŁODY;479
CZOPIK;479
DOMURAD;479
KOPICZKO;479
KUBSKI;479
NAPIERSKI;479
PALICA;479
PAPCIAK;479
PROKOPCZUK;479
RYCHCIK;479
SIUZDAK;479
WAWRZEŃCZYK;479
WYLĘŻEK;479
DOROSH;478
RYCHARSKA;478
BĄCZYŃSKI;478
BRYGOŁA;478
CHOSZCZ;478
CUKROWSKI;478
GAWŁOWICZ;478
JAKUBIUK;478
KÓSKA;478
PAJDZIK;478
PILAWSKI;478
PYTLOS;478
RYCHARSKI;478
SŁOCIŃSKI;478
SYPUŁA;478
SZKATUŁA;478
TREPCZYK;478
ZDULSKI;478
BRZUSKA;477
CALIŃSKA;477
DREWNIOK;477
IVANCHUK;477
KISIELIŃSKA;477
LUTOSTAŃSKA;477
MYDLAK;477
NAROLSKA;477
NIEZNAŃSKA;477
PILAWSKA;477
SENGER;477
ULICKA;477
WAWRZONKOWSKA;477
ZDONEK;477
BOĆKOWSKI;477
DUDKOWIAK;477
GIERASIMIUK;477
IVANOU;477
JEDZINIAK;477
KOWIESKI;477
KURASIŃSKI;477
ŁĄCZ;477
NAROLSKI;477
PERSKI;477
RZYMOWSKI;477
CETNAROWSKA;476
DEMBICKA;476
KASZYCA;476
MILIK;476
PIOTRZKOWSKA;476
PODNIESIŃSKA;476
SKOTNICZNA;476
SZYMKÓW;476
WARECKA;476
ZBROŻEK;476
BASZYŃSKI;476
DELIKAT;476
DŁUGOZIMA;476
DOMINO;476
DZIENISZ;476
FAŁOWSKI;476
JARKA;476
KOLENDO;476
KRAJNIAK;476
KRZESZOWIEC;476
MILEJSKI;476
ŚLADOWSKI;476
WILMA;476
BRONKA;475
CZAICKA;475
DŁUSKA;475
FRONT;475
KUBALSKA;475
LESKA;475
ŁACNA;475
PERSKA;475
SZCZEPAN;475
CERAN;475
CHORĄŻAK;475
DERECKI;475
DORUCH;475
DRUZGAŁA;475
FUDALEJ;475
GARGULA;475
GRABKOWSKI;475
GRYMUZA;475
HAJDER;475
KADELA;475
KURNYTA;475
LISTOWSKI;475
ŁAWSKI;475
MORAŃSKI;475
MYSŁOWSKI;475
NIERADKO;475
NIKOŁAJUK;475
OBIEDZIŃSKI;475
OSICKI;475
PRZEWŁOKA;475
PSTRĄGOWSKI;475
REDLICKI;475
SZAJNER;475
ZEMANEK;475
CHABROWSKA;474
KHOMIAK;474
KRAWCZYKOWSKA;474
LISTOWSKA;474
LITYŃSKA;474
MIELOCH;474
PORCZYŃSKA;474
RORAT;474
RZYMOWSKA;474
SUDNIK;474
ŻÓŁKIEWICZ;474
BŁAŻEJAK;474
CYRULIK;474
DYSZKIEWICZ;474
JACHOWSKI;474
KOBRZYŃSKI;474
MANDRYSZ;474
MUSZ;474
OCHOJSKI;474
OGIELA;474
OSTOLSKI;474
POKUSA;474
SOBIESZCZYK;474
ŚLIWIAK;474
TATARCZUK;474
IZBICKA;473
MARJAŃSKA;473
PAWLACZEK;473
SIDORSKA;473
STAROSTKA;473
SZYWAŁA;473
WELENC;473
ZUBRYCKA;473
BUSZKO;473
CIENIUCH;473
CZERKIES;473
CZYŻYKOWSKI;473
ĆWIRKO;473
KELER;473
KUPAJ;473
LUDWISIAK;473
ŁOKIETEK;473
MASZEWSKI;473
MROWICKI;473
PAJKA;473
RACINOWSKI;473
TROCIŃSKI;473
WIERCIGROCH;473
ZACKIEWICZ;473
BILECKA;472
CIMOCHOWSKA;472
CZARNOMSKA;472
DIETRICH;472
DRWIĘGA;472
KIERNICKA;472
KIERSKA;472
KINOWSKA;472
KOSAK;472
LINGURAR;472
LUTSYK;472
PARSZEWSKA;472
WILLIAMS;472
WODYŃSKA;472
ZDOBYLAK;472
ŻÓŁKIEWSKA;472
BANASIUK;472
BILECKI;472
BROŻYŃSKI;472
CZUJ;472
FALĘCKI;472
GOTFRYD;472
ILIN;472
JANIC;472
JĘDRA;472
JOCHYMEK;472
KISIELIŃSKI;472
KRÓTKI;472
LUBASZKA;472
ŁYSY;472
MILIŃSKI;472
MŁOTEK;472
PLIS;472
RUMIN;472
SKOLIK;472
SOROKIN;472
TADYCH;472
TYLIŃSKI;472
ULICKI;472
WAC;472
BOĆKOWSKA;471
DOMEK;471
JASZCZYŃSKA;471
KOSTORZ;471
KOTOVA;471
MAGDZIŃSKA;471
NAWÓJ;471
RZADKOWSKA;471
SHEREMET;471
BORSKI;471
HESS;471
KLACZYŃSKI;471
KONIEC;471
KURZAC;471
MANISTA;471
MAŚLANY;471
NAGÓRNY;471
OSOJCA;471
PACHOWICZ;471
PRAŻUCH;471
SOBANIA;471
SZUMACHER;471
TALAROWSKI;471
TRUTY;471
BARDZIŃSKA;470
DEMIANCHUK;470
DZIAŁOWSKA;470
GOŁOTA;470
MASLOVA;470
MYRCIK;470
PANASIEWICZ;470
PUHACH;470
TOKAJ;470
WYGODA;470
BEJM;470
CHAJEC;470
DZIAŁOWSKI;470
DZIOK;470
KLUS;470
KORNIAK;470
KUZIORA;470
LUTOSTAŃSKI;470
MARJAŃSKI;470
MIŁOŚ;470
MOLGA;470
NĘDZI;470
NIETUPSKI;470
PĘPEK;470
PIWOWAREK;470
PODNIESIŃSKI;470
PREŚ;470
ROSŁONIEC;470
SĄCZAWA;470
SZRAMA;470
SZTUCZKA;470
TRAJDOS;470
BANDROWSKA;469
BUT;469
DANYLENKO;469
DOBROŃ;469
GŁOWSKA;469
KOLOS;469
MYNARSKA;469
MYSŁOWSKA;469
NIKOLENKO;469
PIEKACZ;469
PRASEK;469
PROCHOWSKA;469
SPRYCHA;469
SZYMICHOWSKA;469
TOCZYŃSKA;469
DROŻDŻOWSKI;469
DULAK;469
DUMAŁA;469
GARSTECKI;469
KUBALSKI;469
KUCZAK;469
KURPANIK;469
KURZ;469
NIEBORAK;469
PILEWSKI;469
PRYGIEL;469
SŁOJEWSKI;469
SMOGORZEWSKI;469
SROKOSZ;469
SZARKOWSKI;469
WASIUK;469
ZELINSKYI;469
BOBIK;468
FAŁOWSKA;468
ŁAWSKA;468
MAŃK;468
PILEWSKA;468
POLITOWICZ;468
ZIĘBIŃSKA;468
ANTOŃ;468
BIAŁASIK;468
CZAJCZYŃSKI;468
CZENCZEK;468
GÓRECZNY;468
KALINKA;468
KANTYKA;468
KITLIŃSKI;468
KLÓSKA;468
KONEWKA;468
KRAWCZYKOWSKI;468
KUPŚ;468
MĘKARSKI;468
NIESŁONY;468
PELA;468
PITALA;468
PRZYBYLIŃSKI;468
PYŚ;468
RZEŹNICZEK;468
SZETELA;468
TOMASZUK;468
BERNARD;467
BITTNER;467
BRUDZYŃSKA;467
CAL;467
KILARSKA;467
KURCZYK;467
ŁADNIAK;467
MATRACKA;467
STEUER;467
STRZĘPKA;467
TALKOWSKA;467
VOITENKO;467
WENZEL;467
BORYCZKO;467
BURDACH;467
CHABA;467
ŁUCZAJ;467
MYSZA;467
OWOC;467
PUSTUŁA;467
RAKUS;467
ROBASZKIEWICZ;467
RZECZYCKI;467
SAROSIEK;467
XU;467
ZIARNO;467
ŻUKIEWICZ;467
FRONCZYK;466
HAIDUK;466
KANDEFER;466
MASIUK;466
MOŃKO;466
NAPIERSKA;466
OLBRYCHT;466
REICHERT;466
SZYMSKA;466
YASHCHUK;466
ZIEGERT;466
DOROBEK;466
DYCZKO;466
DZIÓB;466
FALISZEWSKI;466
FIJAŁEK;466
GIBKI;466
GRECKI;466
KŁODOWSKI;466
KUKIER;466
LUBAŚ;466
MACHNIKOWSKI;466
PASZTALENIEC;466
PHAN;466
PUKAS;466
ROCŁAWSKI;466
SIEDLIK;466
SOSNÓWKA;466
SZEWCZYKOWSKI;466
TRZPIS;466
WOJKOWSKI;466
YEHOROV;466
ZUBRYCKI;466
ŻMIJA;466
BASZYŃSKA;465
CZACHOWSKA;465
CZERNIEC;465
GRYGIERCZYK;465
KOCIEMBA;465
KOTYRBA;465
KURASIŃSKA;465
MARAS;465
MASZEWSKA;465
MIELKE;465
SIERKA;465
SOBIECHOWSKA;465
STAWOWA;465
SZPYTMA;465
ŚWIAT;465
BEJMA;465
BEREZHNYI;465
CHMIELARCZYK;465
DAWIDEK;465
DZIAŁA;465
HARĘŻLAK;465
KOPEL;465
MOCZKO;465
MYRDA;465
NOWOGRODZKI;465
PAWLUŚ;465
RABA;465
ŻÓŁTAŃSKI;465
BŁAŻ;464
CUKROWSKA;464
GOLIASZ;464
KOLESNIKOVA;464
KOSTUR;464
KROKOWSKA;464
KRÓLIKIEWICZ;464
LEONIAK;464
NAJDOWSKA;464
PRZYBYLIŃSKA;464
ŚMIŁOWSKA;464
TURECKA;464
KALENIK;464
KOPYŚĆ;464
KRZOSKA;464
MACHUL;464
MAŁYSZKA;464
MIAŁKOWSKI;464
PATELCZYK;464
PIEKŁO;464
PRACZYK;464
STEMPEL;464
BIHUN;463
BŁAŻEJEWICZ;463
CHAIKOVSKA;463
DYMARCZYK;463
KOWIESKA;463
LELONEK;463
NIENAŁTOWSKA;463
PETERS;463
PŁOCICA;463
SZULKOWSKA;463
SZYPERSKA;463
CHUDECKI;463
DRUSZCZ;463
GAMROT;463
GRZEMSKI;463
HEBA;463
JASION;463
KRUŚ;463
NOWOBILSKI;463
OPALACH;463
PERLAK;463
PRZYBYŚ;463
RYBKOWSKI;463
SHCHERBAKOV;463
SMARDZ;463
WARAKSA;463
WOŁODŹKO;463
DACKO;462
DROBNA;462
KUBAN;462
MACHERZYŃSKA;462
OŁTARZEWSKA;462
PAWLISZYN;462
RUSIŃSKA;462
ZAJCHOWSKA;462
ŻÓŁTAŃSKA;462
ŻYCKA;462
CYDZIK;462
DOKTOR;462
FIDOR;462
GOLONKO;462
GRYZŁO;462
GWIZDEK;462
JUSZYŃSKI;462
LISS;462
NAUMIUK;462
OGRABEK;462
RAKOWICZ;462
SUCHOJAD;462
WOJTIUK;462
DOVHAN;461
GŁODKOWSKA;461
GRECKA;461
KOCOŁ;461
OSICKA;461
PORZEZIŃSKA;461
WALOSZCZYK;461
BROJEK;461
BRUS;461
CEMPA;461
FLASIŃSKI;461
GRZEŚKÓW;461
JAKIMIAK;461
KRZOSEK;461
MITERA;461
PIKULA;461
VASYLYSHYN;461
WASYLUK;461
WOZIŃSKI;461
ZIĘBIŃSKI;461
ŻABIEREK;461
ŻUBEREK;461
AFANASIEVA;460
BAUMANN;460
BORCZ;460
BURCHARD;460
HLADKA;460
KLUGE;460
MACHNIKOWSKA;460
MACIŃSKA;460
MIECHOWICZ;460
NAPOROWSKA;460
BOCHNIARZ;460
BOHDANOV;460
DYLAK;460
FĄFEREK;460
FRANKÓW;460
KALININ;460
KARCZMAREK;460
KLEINSCHMIDT;460
KONIECZEK;460
KRZEWICKI;460
LAZAREK;460
LULEK;460
MŁYŃCZYK;460
OLEŚKIEWICZ;460
OPALSKI;460
PALUSIŃSKI;460
PAWLOS;460
PIETREWICZ;460
SANDECKI;460
SERGIEL;460
SIDORSKI;460
STAREK;460
WĘCLEWSKI;460
CZUBAJ;459
KALA;459
KOSOWICZ;459
KUMALA;459
MAŚLANKIEWICZ;459
SKRZESZEWSKA;459
WĘCLEWSKA;459
BĘCZKOWSKI;459
BOBOLA;459
CHEŁMECKI;459
DELEKTA;459
GODZISZEWSKI;459
GWARDIAK;459
IDZI;459
JÓZEFCZAK;459
KARBOWY;459
KRUPNIK;459
MAŁAS;459
MARSZEWSKI;459
PINDRAL;459
SIWCZYK;459
SKURZYŃSKI;459
SOBASZEK;459
SUCHCICKI;459
ŚWIATŁY;459
ZIELEŃ;459
BORSKA;458
CIAPA;458
DOMARECKA;458
DUNIEC;458
FRYDRYCHOWICZ;458
GŁAZOWSKA;458
KARŁOWSKA;458
KOSOBUDZKA;458
LAZARENKO;458
LIBERADZKA;458
MACIEJEWICZ;458
MICHNOWICZ;458
OSADCHUK;458
PELOWSKA;458
PIETRZKIEWICZ;458
RACINOWSKA;458
REMBELSKA;458
UZDOWSKA;458
BUDZEŃ;458
CHATYS;458
FLORIAN;458
FOLWARSKI;458
HANAS;458
KOŁATA;458
KONWIŃSKI;458
KROKOWSKI;458
LIBERACKI;458
MACIUK;458
ROGOŻA;458
SOLIS;458
WITOSZEK;458
ŻURAKOWSKI;458
ALBIŃSKA;457
ANDRES;457
BUDREWICZ;457
DESZCZ;457
HOŁYSZ;457
HREBENIUK;457
JAGLIŃSKA;457
KOLKA;457
KUCZMARSKA;457
ŁASZCZEWSKA;457
OPALSKA;457
ZGORZELSKA;457
BANCERZ;457
BORATYN;457
CICH;457
JAŻDŻYK;457
KALUGA;457
KLISZ;457
MĄDRZYK;457
MORAWA;457
OBROCHTA;457
POLCZYK;457
POPIŃSKI;457
PYCLIK;457
WODYŃSKI;457
BIAŁOŻYT;456
DRUŻKOWSKA;456
JASZCZOŁT;456
KAZBERUK;456
LISHCHUK;456
MILIŃSKA;456
NOWOBILSKA;456
OSTOLSKA;456
PRYMAK;456
SOBKOWSKA;456
VOITIUK;456
ZDULSKA;456
ŻÓŁKOWSKA;456
CACKO;456
CALIK;456
CHABROWSKI;456
FAC;456
FOLWARCZNY;456
GARA;456
GŁOWSKI;456
KŁODAWSKI;456
MUDLAFF;456
OLEWNIK;456
OSMULSKI;456
PADEWSKI;456
PALUSZAK;456
PIOTRZKOWSKI;456
PONOMAROV;456
SICIARZ;456
SYC;456
ZAKASZEWSKI;456
ŻYTO;456
BATKOWSKA;455
BEDNAROWICZ;455
BURGHARDT;455
BUZA;455
CHMURSKA;455
FALISZEWSKA;455
FOIT;455
GUBAŃSKA;455
JAKACKA;455
KRZECZKOWSKA;455
MAROSZ;455
OSMULSKA;455
RAWICKA;455
RYTWIŃSKA;455
SIEŃSKA;455
SKAWSKA;455
SMOGORZEWSKA;455
STODOLSKA;455
TROCIŃSKA;455
BERDZIK;455
BRYCZEK;455
CUKIERSKI;455
DOBROSZ;455
GORCZOWSKI;455
KLĘK;455
KONIECKI;455
MÓRAWSKI;455
PERLIK;455
PIŃSKI;455
SMOLEC;455
SOBIESZCZAŃSKI;455
SZCZOT;455
CZERNER;454
GOLCZYK;454
JONKISZ;454
KOST;454
KOTENKO;454
KUBISZYN;454
LINK;454
POPIŃSKA;454
POSPIESZNA;454
TRYNISZEWSKA;454
WYPIÓR;454
JAREMEK;454
KOLOCH;454
MARSZALIK;454
RAFAŁOWSKI;454
SIARKOWSKI;454
STWORA;454
WALSKI;454
WOJTYŃSKI;454
WORONKO;454
WYŁUPEK;454
GARWOLIŃSKA;453
JANCEWICZ;453
KERN;453
KOŻUSZEK;453
KUBLIK;453
SAIENKO;453
SIELAWA;453
SŁOJEWSKA;453
TYLIŃSKA;453
WIĘCZKOWSKA;453
ŻOŁYŃSKA;453
ADRIAN;453
BIESAGA;453
CIEPLUCH;453
DRYNDA;453
HADUCH;453
JAMRO;453
KOSK;453
KUTER;453
ŁASOCHA;453
MUĆKO;453
PIETRUS;453
POTEREK;453
PRYSZCZ;453
PRZEKLASA;453
RACHUBA;453
ROSOCHACKI;453
SAKWA;453
STRUSIŃSKI;453
SZAŁAPSKI;453
ZAGÓRNY;453
ZAGUŁA;453
ZĘBIK;453
BURTAN;452
CHRZĄSTOWSKA;452
GILARSKA;452
HRYSHCHUK;452
KRETOWICZ;452
KROKOSZ;452
LEŻAŃSKA;452
NOWOGRODZKA;452
OJRZYŃSKA;452
PIESTRZYŃSKA;452
SOKOLIŃSKA;452
BĄBEL;452
BORK;452
BREŚ;452
BYZDRA;452
CIECIORA;452
CWALIŃSKI;452
DOŁOWY;452
DZIURLA;452
DZIWULSKI;452
KMIECIŃSKI;452
MACHERZYŃSKI;452
NIEBUDEK;452
NIJAK;452
OSIPOWICZ;452
PAZDRO;452
SERZYSKO;452
WIEWIÓRSKI;452
WOJNIAK;452
WRZYSZCZ;452
ZAJCHOWSKI;452
DŁUGA;451
GRZYMSKA;451
KOBZAR;451
MELNYKOVA;451
PACHURA;451
PANKIV;451
PIEKARA;451
ROMANIV;451
SMYRNOVA;451
ŚLESICKA;451
ZAICHENKO;451
ZMUDZIŃSKA;451
BELSKI;451
GRUŻEWSKI;451
JARMUŻEK;451
KEMPISTY;451
MALKA;451
PAZOŁA;451
ROZYNEK;451
STARUCH;451
SZLAGOWSKI;451
TRAWICKI;451
ŻOŁYŃSKI;451
CHERNIAK;450
GOZDECKA;450
GRAMZA;450
GROTOWSKA;450
JARGIŁO;450
KOMAROVA;450
ŁĘKAWSKA;450
PATOŁA;450
ZATOŃSKA;450
BASIAGA;450
CHARZEWSKI;450
CIBORSKI;450
DZIERŻYŃSKI;450
GARWOLIŃSKI;450
GUDZ;450
KAJAK;450
KORNOBIS;450
LEŻOŃ;450
MAJECKI;450
MIRONIUK;450
OZIĘBŁO;450
PODŻORSKI;450
RAJCH;450
RAJCZAKOWSKI;450
RAJZER;450
SADZIŃSKI;450
SZOSTOK;450
ZYZAK;450
BIAŁKA;449
CHARZEWSKA;449
GARLIŃSKA;449
GĘSIKOWSKA;449
GRONCZEWSKA;449
KONONOWICZ;449
KOZIEŃ;449
MACHOWICZ;449
WILMAŃSKA;449
BOLANOWSKI;449
BORTKIEWICZ;449
CHUCHLA;449
CZAPIGA;449
DUMIN;449
KRZECZKOWSKI;449
KULUS;449
OŁÓW;449
SUCHOWIECKI;449
SZAWŁOWSKI;449
TROKA;449
BAŁDYS;448
MYGA;448
SZYMAŁA;448
ŚLIWCZYŃSKA;448
UBYSZ;448
WOJKOWSKA;448
BRZĘCKI;448
FRYŚ;448
GRONCZEWSKI;448
GWADERA;448
JARMUŁA;448
JARNOT;448
KOSOBUDZKI;448
KREMPA;448
KUĆMIERZ;448
ŁECHTAŃSKI;448
NIENAŁTOWSKI;448
NIEWOLA;448
PAPIEROWSKI;448
POSTROŻNY;448
PRZEBINDA;448
ROZPĘDOWSKI;448
RUMAK;448
SOBKOWSKI;448
TAZBIR;448
ŻULEWSKI;448
ANKIEWICZ;447
BOREJKO;447
DETKA;447
EBERTOWSKA;447
GARGAS;447
KOTT;447
KRYZA;447
KRZEWICKA;447
PIERZYŃSKA;447
POWICHROWSKA;447
SPISAK;447
WIETRZYK;447
ZINIEWICZ;447
ALBIŃSKI;447
BŁAUCIAK;447
DANIEC;447
DOMIŃCZAK;447
GARBARZ;447
GRZYMSKI;447
KŁONOWSKI;447
LIBERADZKI;447
MACIŃSKI;447
NAWOJSKI;447
OBIAŁA;447
OGIEGŁO;447
SIKOŃ;447
STARNAWSKI;447
SWĘDROWSKI;447
TRZMIELEWSKI;447
WILMAN;447
WNĘTRZAK;447
CHACHAJ;446
CHUDECKA;446
GAŁACH;446
GRABKOWSKA;446
KRAMARENKO;446
LORBIECKA;446
LOS;446
MALECHA;446
SŁONIEWSKA;446
STENZEL;446
WALOCHA;446
WEŁNIAK;446
DĘBNIAK;446
DYNAK;446
HABERKA;446
KURDA;446
ŁACINA;446
ŁASZCZEWSKI;446
MALCZAK;446
NAPOROWSKI;446
PAŃKO;446
PIESZKO;446
PORZEZIŃSKI;446
PURGAŁ;446
STOCHEL;446
ŚLEMP;446
ŚNIADY;446
WARGOCKI;446
WIERCISZEWSKI;446
ZGORZELSKI;446
EKERT;445
FLASIŃSKA;445
IŻYKOWSKA;445
KARWECKA;445
KMIECIŃSKA;445
KUD;445
MALTSEVA;445
REDLICKA;445
SIEWERT;445
WALSKA;445
BIEŃCZAK;445
CEYNOWA;445
DŁUGOPOLSKI;445
FRYMUS;445
GARBACIAK;445
HAK;445
JANUSZCZAK;445
KOPCZEWSKI;445
MACIERZYŃSKI;445
MASŁYK;445
MATRACKI;445
NEHRING;445
PAJDAK;445
PRĄDZIŃSKI;445
PSZENICZNY;445
SWACHA;445
ZALIŃSKI;445
ZAWORA;445
CHEŁMECKA;444
CYSEWSKA;444
DOKTÓR;444
DZIEDZIŃSKA;444
PADEWSKA;444
PALECZNA;444
PIERZGA;444
PRĄDZIŃSKA;444
RYMASZEWSKA;444
STAWISZYŃSKA;444
SZLAGOWSKA;444
SZPALA;444
TOCZYDŁOWSKA;444
UZARSKA;444
ZINCHUK;444
ŻABSKA;444
BEŁZA;444
BURYŁO;444
DYJA;444
IŻYKOWSKI;444
KWAPIS;444
RUDAK;444
SMOLNIK;444
TURCHYN;444
ŻÓŁKIEWSKI;444
BERENDT;443
GROSZKOWSKA;443
KLEPCZYŃSKA;443
KWACZYŃSKA;443
MOCNA;443
OBIEDZIŃSKA;443
CIEPLUCHA;443
CZĘŚCIK;443
DYLIK;443
GOCEK;443
IGNASZEWSKI;443
JASNOS;443
KAROLCZUK;443
KOPYTEK;443
KUŹNIA;443
NAMYSŁ;443
NOVIK;443
ORACZEWSKI;443
PETER;443
PLAK;443
RACZAK;443
SMUSZ;443
STOCHAJ;443
SZARO;443
WIEKIERA;443
WYROŚLAK;443
ŹREBIEC;443
BOROŃSKA;442
ĆWIKOWSKA;442
GAŁAJ;442
GRUŻEWSKA;442
IŻYCKA;442
MAJTCZAK;442
MÓRAWSKA;442
REGIEC;442
SIWECKA;442
SURZYN;442
SZAŁAPSKA;442
SZEWCZYKOWSKA;442
TOMCZYSZYN;442
YURCHUK;442
BADZIŃSKI;442
BOCZOŃ;442
BRACHACZEK;442
BURKAT;442
DRYKA;442
DUCHNIK;442
GALUBA;442
GARLIŃSKI;442
GIERAŁTOWSKI;442
GRZEJSZCZYK;442
GUDOWSKI;442
HOROSZKO;442
JAMROZ;442
LIDZBARSKI;442
ŁUPINA;442
MOKRY;442
OJRZYŃSKI;442
PAZDUR;442
SKOMOROWSKI;442
SKRZESZEWSKI;442
ŚWIATŁOŃ;442
TOCZYŃSKI;442
TRYNISZEWSKI;442
UZARSKI;442
ZHURAVLOV;442
ŻOŁĄDKIEWICZ;442
BODYCH;441
BOLANOWSKA;441
BORAK;441
ELIAS;441
GASZ;441
ŁECHTAŃSKA;441
ŁUŻNA;441
SKURZYŃSKA;441
ZAGDAŃSKA;441
ZALIŃSKA;441
FULARCZYK;441
KOŚMICKI;441
KUSTER;441
KWACZYŃSKI;441
OSETEK;441
ROMEK;441
TOCZYDŁOWSKI;441
TURKO;441
WIŚNIK;441
ŻEBRACKI;441
ABRAMOVA;440
DANIŁOWSKA;440
DOMBROVSKA;440
GODZISZEWSKA;440
IGLEWSKA;440
KLISIEWICZ;440
KRASSOWSKA;440
KUBOSZEK;440
LISOVA;440
NICKEL;440
NOVYTSKA;440
OCHENKOWSKA;440
PACURA;440
ROSOCHACKA;440
SKOCZ;440
TRZMIELEWSKA;440
TYSZKOWSKA;440
BAZELA;440
BIENEK;440
BRONIAREK;440
CIEBIEŃ;440
DOLACIŃSKI;440
DRGAS;440
DROBNIAK;440
DYNIA;440
GROSZKOWSKI;440
JAŃSKI;440
KARWECKI;440
KORDYLEWSKI;440
LITVINOV;440
LITYŃSKI;440
MAJKRZAK;440
MIECZNIK;440
NYTKO;440
PIEPRZYCA;440
SIPA;440
STRÓJWĄS;440
SZYMENDERA;440
SZYPERSKI;440
TYMA;440
WALKOSZ;440
WESTFAL;440
WOSIAK;440
ZDEBEL;440
ZŁOCH;440
ANTONIEWSKA;439
APANOWICZ;439
BANACHOWSKA;439
BOSIACKA;439
DWORZAŃSKA;439
DZIWULSKA;439
GABRYELCZYK;439
GIERAŁTOWSKA;439
KŁODAWSKA;439
KOŚMICKA;439
MAY;439
MORAWIAK;439
MYŚLICKA;439
PODOBA;439
PODŻORSKA;439
SANDECKA;439
SZMYTKOWSKA;439
TRACZYŃSKA;439
VASYLIUK;439
ŻURAKOWSKA;439
BASIURA;439
BOIŃSKI;439
CHOINA;439
CHYŻY;439
CZACZKOWSKI;439
ĆWIĄKAŁA;439
DOMARECKI;439
DUNIKOWSKI;439
GERWATOWSKI;439
HACHUŁA;439
HAŁKA;439
HAREMZA;439
JAGLIŃSKI;439
JASICKI;439
KUMIĘGA;439
MALUCHNIK;439
MYSIOR;439
NIEŁACNY;439
PATEK;439
PIERZYŃSKI;439
PYTLIŃSKI;439
RUGAŁA;439
SALATA;439
SMOCZYK;439
SOLNICA;439
DENYS;438
GUMNA;438
KAZIRÓD;438
KONWIŃSKA;438
KRYSTA;438
KRYSTOSIAK;438
KRYVENKO;438
OBRZUD;438
PALUSIŃSKA;438
PIŃSKA;438
SZOTEK;438
TSYMBAL;438
TYMCHUK;438
WĘGIER;438
BOGUNIA;438
CIARKA;438
FOLEK;438
GRĘBOWIEC;438
INDYKA;438
IRLA;438
KAYA;438
KOMINIAK;438
KOSZAREK;438
LESZCZ;438
OLEWNICZAK;438
OSTRĘGA;438
PRYK;438
RYTWIŃSKI;438
SEWERYNIAK;438
SZMYTKOWSKI;438
TORZEWSKI;438
ULFIK;438
ZAWARTKA;438
ZAWODNIAK;438
ŻURALSKI;438
ANDREIEVA;437
BERSKA;437
BOŃCZYK;437
DEMKO;437
FALĘCKA;437
GOŹLIŃSKA;437
HERZOG;437
KISTOWSKA;437
KŁODOWSKA;437
MAKARCHUK;437
MIELECH;437
NIETUPSKA;437
PROKURAT;437
PROMIŃSKA;437
STOROZHUK;437
ZELENSKA;437
BEREK;437
CHERNETSKYI;437
CZACHOWSKI;437
DEMBICKI;437
HUDY;437
JARGIEŁO;437
KWARTA;437
LECHWAR;437
MAZIARCZYK;437
PADZIK;437
SOCIK;437
STEBEL;437
WARDZYŃSKI;437
WOJCIUK;437
ZJAWIONY;437
BENEDYK;436
GRZEMSKA;436
JEZIOR;436
RAFAŁOWSKA;436
SEMLA;436
WOJTYŃSKA;436
ZIMIŃSKA;436
BANACHOWSKI;436
CHILIMONIUK;436
EBERTOWSKI;436
FEDOR;436
GIERAS;436
GOGULSKI;436
ICIEK;436
JAJE;436
KRENC;436
KRYSZTOFORSKI;436
LEŻAŃSKI;436
LISOŃ;436
MAMROT;436
MORYŃ;436
NUCKOWSKI;436
PACZOS;436
PAŁĘGA;436
ROZPARA;436
SADŁOŃ;436
SIOŁA;436
ŚCIBEK;436
UJAZDOWSKI;436
ŻOŁYNIAK;436
ARCZYŃSKA;435
BADZIŃSKA;435
BROŻYŃSKA;435
DROŻDŻOWSKA;435
JABCZYŃSKA;435
KLIMCZEWSKA;435
KRASNA;435
MAJCHRZYCKA;435
ORACZEWSKA;435
PREUSS;435
SMYKAŁA;435
STANIEWICZ;435
WARSZEWSKA;435
BŁĄKAŁA;435
CIEŚLIKIEWICZ;435
CZAPCZYŃSKI;435
DWORZAŃSKI;435
FUGIEL;435
GRDEŃ;435
HADAŚ;435
HENKE;435
KNAPIŃSKI;435
KURZĄTKOWSKI;435
ŁACIŃSKI;435
PIECZYRAK;435
SOWAŁA;435
SZKWAREK;435
SZLASKI;435
ZATOR;435
ZDZIEBKO;435
ŻYCKI;435
BODAK;434
CIBORSKA;434
CZURYŁO;434
GODZIŃSKA;434
KUŹNIARSKA;434
PUDEŁEK;434
TRAWICKA;434
DOROBA;434
GOŹDZIKOWSKI;434
KACZÓWKA;434
KĘDROŃ;434
KIEŚ;434
KNOPEK;434
KUZIO;434
MADOŃ;434
MIASTKOWSKI;434
MSZYCA;434
OPORSKI;434
PEDA;434
PITUCH;434
RAJCZAK;434
SZYMONEK;434
WAWOCZNY;434
APOSTEL;433
BONAR;433
DOBOSIEWICZ;433
JENDRYSIK;433
JĘDRAL;433
KORNEK;433
KRYCKA;433
MECHLIŃSKA;433
MIROSZ;433
MOJSA;433
MORAŃSKA;433
RAJCZAKOWSKA;433
ROSOWSKA;433
SŁUPIŃSKA;433
SZARKOWSKA;433
VOLYNETS;433
BORTNOWSKI;433
BRUCKI;433
DANKIEWICZ;433
DEREK;433
DRĄŻYK;433
GAPYS;433
HASAN;433
KAMYSZEK;433
MARTYNOV;433
MURDZA;433
PLUTOWSKI;433
SASINOWSKI;433
SĄDEL;433
SENKOWSKI;433
SPYTEK;433
SZAŁKIEWICZ;433
TARANEK;433
TRACZYŃSKI;433
WYSZOGRODZKI;433
ZALECH;433
BARCZYKOWSKA;432
BROWARSKA;432
GOMAN;432
GÓRECZNA;432
HULAK;432
KATANA;432
KOBESZKO;432
KOWALÓWKA;432
ORPEL;432
POTERA;432
ROZPĘDOWSKA;432
SASINOWSKA;432
SŁOBODA;432
SZWAJ;432
SZYMECZKO;432
TESKA;432
ANTONIEWSKI;432
BARANIK;432
BARCZYKOWSKI;432
BEREZIUK;432
BUGAJEWSKI;432
GABRYSZAK;432
GARBIEC;432
GRZEGOROWSKI;432
IŻYCKI;432
KRYJAK;432
KRZYSTEK;432
MYNARSKI;432
PIESTRZYŃSKI;432
RADOŁA;432
RURKA;432
SANDOMIERSKI;432
STRYCHARSKI;432
STRZEMIECZNY;432
STUDENT;432
TRYBEK;432
WLAZŁOWSKI;432
GARSTECKA;431
GWIAŹDZIŃSKA;431
HYDZIK;431
JASICKA;431
KALISTA;431
LATAŃSKA;431
LUKOSZEK;431
OLSZANOWSKA;431
RADOWSKA;431
TERESHCHUK;431
TOMAKA;431
ZAIKA;431
APOLINARSKI;431
BANAŚKIEWICZ;431
CHRZĄSTOWSKI;431
DUC;431
DZIKIEWICZ;431
GNIADY;431
GOZDECKI;431
KARŁOWSKI;431
KUCIAK;431
ŁAWIŃSKI;431
NAKONECZNY;431
NAWALANY;431
PETROVSKYI;431
PORCZYŃSKI;431
UFNIARZ;431
WARSIŃSKI;431
ANDROSHCHUK;430
ANGOWSKA;430
GIBEK;430
GRZESICA;430
HURSKA;430
KNAPIŃSKA;430
KROKOS;430
ŁĘGOWIK;430
ŁOPACKA;430
MACIERZYŃSKA;430
MASTALSKA;430
WYKURZ;430
BRODAWKA;430
BROWARSKI;430
BUDZICH;430
CHRUPEK;430
CZULAK;430
DĄBROŚ;430
FIRSZT;430
GNUTEK;430
JEŻYNA;430
KORBECKI;430
KRZYK;430
MAJOCHA;430
MUREK;430
OGORZAŁY;430
PASIONEK;430
SONTOWSKI;430
SZCZECHOWSKI;430
SZUMLAŃSKI;430
WATOŁA;430
ZASADZKI;430
GORZAWSKA;429
GRALIŃSKA;429
ILCHUK;429
KAŁAMARZ;429
KŁONOWSKA;429
KOŁODZIEJAK;429
MAŁA;429
MAMAK;429
MĘKARSKA;429
PETRIV;429
SCHREIBER;429
SINIARSKA;429
WIEWIÓRSKA;429
WOLDAŃSKA;429
WOZIŃSKA;429
BEJGER;429
BRONIEK;429
CICHAŃSKI;429
GRATKOWSKI;429
KALWASIŃSKI;429
KLIMKOWICZ;429
KRÓWKA;429
MACIEJCZUK;429
MAJCZYNA;429
MOŻDŻYŃSKI;429
MYŚLICKI;429
PODLEŚ;429
POPA;429
PROMIŃSKI;429
RAWICKI;429
REMBACZ;429
STASZOWSKI;429
STRZĄDAŁA;429
STYK;429
TOMOŃ;429
DZIEDZICKA;428
GORCZOWSKA;428
KORDYLEWSKA;428
MAŁKIŃSKA;428
SWĘDROWSKA;428
SZURLEJ;428
ŚMIERCIAK;428
TRAFNA;428
WIDERSKA;428
BERSKI;428
BOSIACKI;428
DZIEDZICKI;428
FITRZYK;428
GAGATEK;428
GRZESZKOWIAK;428
HUZAR;428
JANDUŁA;428
JASICZEK;428
KARNICKI;428
KLOREK;428
KONAT;428
KOSTRZYŃSKI;428
KUŹNIARSKI;428
MASTALSKI;428
NAJDOWSKI;428
NITEK;428
PABIN;428
PROCNER;428
WIKŁO;428
WIRA;428
WONS;428
ZAKROCKI;428
ALIEKSIEIEVA;427
BIENIAK;427
BIRECKA;427
CZOSNYKA;427
ŁASZCZYK;427
MISZCZYSZYN;427
NAUMOVA;427
ODRZYWOŁEK;427
SZMAGLIŃSKA;427
ZAWODNIK;427
ZIMMER;427
ARCZYŃSKI;427
BÓL;427
DENEKA;427
DUSZCZAK;427
DZIEDZIŃSKI;427
FLISEK;427
GORYCZKA;427
JADCZYK;427
JANCZUK;427
JARYCH;427
MOSOŃ;427
PASKA;427
PAŹDZIORA;427
SYKULSKI;427
SZALKOWSKI;427
TARACH;427
WAŁACHOWSKI;427
APOLINARSKA;426
HORZELA;426
KIDAWA;426
KOTYK;426
OREL;426
OŚMIAŁOWSKA;426
PAPIERSKA;426
PŁODZIEŃ;426
RIEDEL;426
RURAŃSKA;426
SIBIGA;426
SZAWŁOWSKA;426
TERLETSKA;426
TUCZYŃSKA;426
ALEKSANDROV;426
CHUCHRO;426
CIURUŚ;426
DYJAS;426
GODZIŃSKI;426
GRĄCKI;426
ŁODZIŃSKI;426
NOWOROLNIK;426
PINDA;426
RADZICKI;426
ROLAK;426
STARMACH;426
STĘCHŁY;426
STRÓŻEWSKI;426
TYNIEC;426
WERYŃSKI;426
BARNAT;425
BOIŃSKA;425
BORZYCH;425
BZDĘGA;425
KALIUZHNA;425
KRASNOPOLSKA;425
MORGAŁA;425
MUSIIENKO;425
NIEMCZAK;425
NIKITIUK;425
POKRZYWNICKA;425
POŁOŃSKA;425
RAPACKA;425
SEIFERT;425
STRZEMIECZNA;425
SZCZECHOWSKA;425
SZWAJCA;425
TATARCZYK;425
VORONINA;425
WARSIŃSKA;425
ZAKROCKA;425
BRYCKI;425
BUDYCH;425
BUTA;425
CHADAJ;425
HARBUZ;425
KARPUK;425
KLIMCZEWSKI;425
KOSYL;425
KWAŚNICKI;425
LEWAŃSKI;425
MAGDZIŃSKI;425
OPACKI;425
PŁOCHARCZYK;425
RAPACKI;425
RODE;425
SATŁAWA;425
SIDŁO;425
SKRZYPA;425
STARTEK;425
TOWAREK;425
ŻOGAŁA;425
DZIERŻYŃSKA;424
DZIURDZIA;424
FILATOVA;424
GAURA;424
GOLISZ;424
GORZKA;424
KONDZIOŁKA;424
KOTYLA;424
MATSIUK;424
MIGDAŁEK;424
SADZIŃSKA;424
SUCHCICKA;424
TARCZEWSKA;424
UJAZDOWSKA;424
WIESNER;424
WIZA;424
ŻURALSKA;424
BINDA;424
CHERNYSHOV;424
DOLEGA;424
FRANASZEK;424
GĘCA;424
GRABOWIEC;424
KIWAK;424
KOPREK;424
KRUKAR;424
KUCNER;424
KWASIGROCH;424
MAKULEC;424
MĄDRAWSKI;424
MECHLIŃSKI;424
PATELSKI;424
RECZULSKI;424
ROZBORSKI;424
SABAK;424
SUŁECKI;424
URYNOWICZ;424
WERNICKI;424
BIELASZEWSKA;423
BUBA;423
CICHAŃSKA;423
DRYGALSKA;423
DZIEWIOR;423
GOŹDZIKOWSKA;423
GRZEGOROWSKA;423
ISAIEVA;423
ODROBINA;423
OPACKA;423
PONIKIEWSKA;423
SANDER;423
SIEMIEŃCZUK;423
ZAKASZEWSKA;423
ZASADZKA;423
ŻEBRACKA;423
BOROŃSKI;423
BRUŚ;423
CHYRA;423
CIAŚ;423
DEJNEKA;423
FAŁKOWSKI;423
GNIADO;423
JASTRZĄBEK;423
KARWASZ;423
KOSZNIK;423
KRATA;423
KUBEK;423
KUCHAREWICZ;423
LEMAN;423
MAŁKIŃSKI;423
MELCER;423
MYRCHA;423
PIEPER;423
PIERON;423
PIETRZYŃSKI;423
PIĘTOWSKI;423
PRZYDZIAŁ;423
REPEĆ;423
SKOLMOWSKI;423
SOBIEGRAJ;423
STAWISZYŃSKI;423
SZARPAK;423
ŚLIWCZYŃSKI;423
TYSZKOWSKI;423
WOJTACHA;423
ZJAWIŃSKI;423
CZACZKOWSKA;422
JURZYK;422
KLEMCZAK;422
LEPCZYŃSKA;422
MAŃCZYK;422
NOCEK;422
PARULSKA;422
PAZDERSKA;422
PYC;422
WIECKA;422
ZAGÓRNA;422
BEREZOVSKYI;422
BEZAK;422
BORYŃ;422
DZIĘCIELSKI;422
FOKSIŃSKI;422
GARBACKI;422
GRUCHALSKI;422
HAMROL;422
JUŚKO;422
KOPEK;422
KRYCKI;422
LEPCZYŃSKI;422
LESKI;422
ŁUCKIEWICZ;422
MAJOWSKI;422
MATEŃKO;422
MOCZARSKI;422
NIEŚCIORUK;422
NIEZNALSKI;422
OŚMIAŁOWSKI;422
OWSIANNY;422
PARDO;422
PROSZEK;422
REDZIK;422
RUDNY;422
SKIEPKO;422
STAWIKOWSKI;422
SZUTKOWSKI;422
TOMZIK;422
USAREK;422
DOLACIŃSKA;421
DROHOMIRECKA;421
HOŁOWACZ;421
KULESA;421
OGRODOWICZ;421
OPORSKA;421
PAPIEROWSKA;421
PIĘTOWSKA;421
PTOK;421
SANDOMIERSKA;421
SMUDA;421
WAŁACHOWSKA;421
WARDZYŃSKA;421
WSZELAKA;421
ZABOLOTNA;421
BATKOWSKI;421
CHARUBIN;421
DRAPIEWSKI;421
DZIERGAS;421
DZIWOKI;421
GLICA;421
GORTYCH;421
GORZAWSKI;421
JAGOSZ;421
KISTOWSKI;421
KLAWIŃSKI;421
KUSZYK;421
MARKOV;421
NATKAŃSKI;421
RELUGA;421
SINIARSKI;421
SINKOWSKI;421
STYGAR;421
SZUSTAKOWSKI;421
ŚLAWSKI;421
WARSZEWSKI;421
WICHEREK;421
CZERNIEWSKA;420
KAWIECKA;420
LUTOMSKA;420
OBSZAŃSKA;420
PALUSZEWSKA;420
PLAZA;420
ROSŁAN;420
SKOWERA;420
SŁODCZYK;420
STUDNIAREK;420
SZULCZYŃSKA;420
VASHCHUK;420
WALENDZIAK;420
WYGANOWSKA;420
BOJAKOWSKI;420
DŁUGOSZEWSKI;420
GARCZYK;420
GROTOWSKI;420
JARUSZEWSKI;420
JEKIEŁEK;420
KURZYK;420
LUTOMSKI;420
MACIĄGOWSKI;420
MARZĘCKI;420
NARÓG;420
NURKIEWICZ;420
OBSZAŃSKI;420
PIÓRECKI;420
RADULSKI;420
RYMASZEWSKI;420
STACHNIAK;420
ŚCIEBURA;420
TOBER;420
ŻARKOWSKI;420
ŻYWIEC;420
BARTKÓW;419
BODO;419
CHABIOR;419
DURCZOK;419
FELINIAK;419
KARNICKA;419
KLUCZNA;419
KORNET;419
KORZH;419
KUNZ;419
LEONOVA;419
LYTVYNOVA;419
MURA;419
NAWOJSKA;419
SMYL;419
STASZOWSKA;419
SZALKOWSKA;419
USENKO;419
VORONA;419
WAŃKOWICZ;419
WYSZOGRODZKA;419
BELA;419
CEKAŁA;419
IGLEWSKI;419
KURKA;419
MASZKIEWICZ;419
MATŁOSZ;419
MAZIARKA;419
NIEWIARA;419
OGRYZEK;419
RADZIOCH;419
RAJMAN;419
SMAK;419
SOLA;419
ŚWIERGIEL;419
WIDULIŃSKI;419
BŁONIARZ;418
BUGAJEWSKA;418
BYSTROŃ;418
CHOCHOROWSKA;418
CUKIERSKA;418
FURMANKIEWICZ;418
GIBKA;418
KARPA;418
LUBOS;418
ŁAZIŃSKA;418
PAPROTNA;418
ROGOSZ;418
SIERAŃSKA;418
SZUTKOWSKA;418
YASHCHENKO;418
YERMAKOVA;418
BAŁYS;418
BUDZYN;418
CIEROCKI;418
CZAJOR;418
DZIEKANOWSKI;418
FOREMNIAK;418
GRALIŃSKI;418
GURBIEL;418
IDASIAK;418
JOŚKO;418
KIEDA;418
KOWALA;418
KOZIAK;418
MOSTEK;418
OKUPSKI;418
PIKOS;418
PODEDWORNY;418
PYPEĆ;418
SOCZÓWKA;418
SZCZECHURA;418
WOJTECZEK;418
WU;418
ZYDROŃ;418
DZIEKANOWSKA;417
HUBA;417
KORTUS;417
KOSTRZYŃSKA;417
KURYLO;417
ŁACIŃSKA;417
ŁĄTKOWSKA;417
SUŁECKA;417
WLAZŁOWSKA;417
BANDROWSKI;417
DULEMBA;417
GARWACKI;417
KARPOV;417
KAWIECKI;417
KLEJNOWSKI;417
KUCYBAŁA;417
KWAPISZEWSKI;417
LEWICZ;417
MICHALISZYN;417
MIĘTKI;417
NIEMIRSKI;417
PYDYCH;417
ROMANIEC;417
SIRY;417
SZTUK;417
TACZAŁA;417
TUCZYŃSKI;417
TWARDOCH;417
WINKEL;417
WINOGRODZKI;417
ZAGRAJEK;417
ŻAL;417
CHYCZEWSKA;416
DUNIKOWSKA;416
GARWACKA;416
LUDWIK;416
MISTARZ;416
NIEMIRSKA;416
OKUPSKA;416
SYKULSKA;416
SYSŁO;416
VYNNYK;416
WEINERT;416
FRUKACZ;416
GŁOWIENKA;416
HOLAK;416
KLIK;416
KROWIAK;416
KUZIAK;416
MARCIŃCZAK;416
PIEKART;416
PRZYBYŁKO;416
ROSOWSKI;416
SIUDY;416
SMAZA;416
WOROCH;416
ANDROSIUK;415
BARTZ;415
BOZHKO;415
FILONENKO;415
FOGT;415
GAŚ;415
KOSTIUCHENKO;415
ŁODZIŃSKA;415
MICHALKIEWICZ;415
PAŃCZYSZYN;415
RATUSZNA;415
VOGT;415
WIERCISZEWSKA;415
ANDRUSIAK;415
BESTER;415
BRAUER;415
DYRKACZ;415
GARGAŁA;415
KULTYS;415
KURZAJ;415
LEPIARZ;415
LORANTY;415
ŁĄTKOWSKI;415
MACHOWIAK;415
MEDVEDIEV;415
MIKŁASZ;415
OCHAŁEK;415
PAPIERSKI;415
PODKAŃSKI;415
POŁOŃSKI;415
STAN;415
STUS;415
SZULCZYŃSKI;415
TOMCZEWSKI;415
WIDERSKI;415
WINDAK;415
ZALEGA;415
ZARÓWNY;415
BENDYK;414
BOJAKOWSKA;414
BORTNOWSKA;414
CHYLA;414
FAŁKOWSKA;414
HANISZEWSKA;414
HANUSEK;414
KOZDĘBA;414
LEPKA;414
MAKSIM;414
MĄDRAWSKA;414
MEIER;414
MIZGALSKA;414
RYTLEWSKA;414
WARMBIER;414
WEINER;414
WOŹNIEWSKA;414
ANDRUKIEWICZ;414
BOCZULA;414
CHOCHOROWSKI;414
GÓRALIK;414
HORODYSKI;414
KRUCZYK;414
PALARCZYK;414
PAWEŁOSZEK;414
SIERPIEŃ;414
SZARATA;414
SZYBKA;414
WACHNICKI;414
WIELOCHA;414
ZABORNIAK;414
BĘCZKOWSKA;413
MOCZARSKA;413
NUCKOWSKA;413
PŁATKOWSKA;413
POTAPOVA;413
RYMER;413
SENKOWSKA;413
STRÓŻEWSKA;413
SZWEC;413
SZYBALSKA;413
WOJTYNEK;413
YAKOVLEVA;413
BAŚ;413
CIECHOWICZ;413
GRĘBOSZ;413
JURZYSTA;413
KIERNICKI;413
KORZUN;413
KRYSZCZAK;413
MAKOWIEC;413
METELSKI;413
PAZDERSKI;413
PILIP;413
STALKA;413
TOBOR;413
WIDURSKI;413
GROLIK;412
LABOCHA;412
LIKUS;412
PIÓRKO;412
SADOVA;412
SHVED;412
SZYBIŃSKA;412
ZAVHORODNIA;412
BROŃCZYK;412
HODUN;412
IZWORSKI;412
JABCZYŃSKI;412
KAPUŚCIAK;412
KASICKI;412
KLEPCZYŃSKI;412
KŁĘBEK;412
KOTKIEWICZ;412
KRZCIUK;412
PIASZCZYŃSKI;412
PIĘTOŃ;412
SĘDZIK;412
TROCHOWSKI;412
WŁOSZEK;412
BABECKA;411
BAGNIEWSKA;411
BICZYSKO;411
CZAPCZYŃSKA;411
DACZKOWSKA;411
DŁUGOSZEWSKA;411
KOMISAREK;411
PIASZCZYŃSKA;411
PODKAŃSKA;411
RADULSKA;411
SINKOWSKA;411
SIONEK;411
SOBOCZYŃSKA;411
SONTOWSKA;411
SUŁOWSKA;411
WYCIŚLIK;411
ŻULEWSKA;411
BALCEWICZ;411
BRUD;411
DREJ;411
GICALA;411
HARATYK;411
JANKO;411
KAŃDUŁA;411
KRAJZA;411
KUBACZYK;411
LIN;411
ŁOPACKI;411
MIL;411
MURAT;411
POPIK;411
POWICHROWSKI;411
SIERAŃSKI;411
STRZELIŃSKI;411
SZABLIŃSKI;411
SZMYTKA;411
TARNACKI;411
TATARYNOWICZ;411
WYRĘBSKI;411
BARADZIEJ;410
BEER;410
BREWKA;410
DYJACH;410
GORZYCKA;410
KOSACKA;410
KUKHAR;410
MAJOWSKA;410
MIEDZIANOWSKA;410
MIGALSKA;410
PŁACZKOWSKA;410
VAKULENKO;410
WACHNICKA;410
BENDKOWSKI;410
BŁASIK;410
DROBISZ;410
DROŚ;410
GŁUC;410
KOLANKOWSKI;410
KOLMAN;410
LENC;410
MERCIK;410
OBŁÓJ;410
PACYNIAK;410
PRYMAS;410
RAFA;410
SAMOCIUK;410
SŁOKA;410
SOŁTAN;410
STOBIŃSKI;410
STRANC;410
SZYBIŃSKI;410
TARCZEWSKI;410
TARNAWA;410
WASZKOWIAK;410
WOLDAŃSKI;410
ANDRIIENKO;409
GRATKOWSKA;409
HENZEL;409
HORBATIUK;409
IMIELA;409
KOLANKOWSKA;409
KUCEWICZ;409
KULIKOVA;409
PSZENICZNA;409
RESIAK;409
SIWKA;409
SKONIECKA;409
BIELASZEWSKI;409
BIES;409
BŁAŻEJ;409
BOBULA;409
CIŚLAK;409
CYRA;409
DZIEDZIAK;409
FITAS;409
FOGIEL;409
FUŁAWKA;409
GORZYCKI;409
GURDAK;409
KASJANIUK;409
KOPKO;409
KRZYSZTOF;409
MERDA;409
MIGALSKI;409
MORGA;409
NAGŁY;409
NITKIEWICZ;409
OTŁOWSKI;409
POKRZYWNICKI;409
PROCZEK;409
PRZYSTAŁ;409
RACHWALIK;409
SŁODOWNIK;409
SZYBALSKI;409
WIĘZIK;409
CIERPKA;408
GOLDMAN;408
GROTEK;408
GRUDZIECKA;408
LYSIUK;408
MANKO;408
MIASTKOWSKA;408
MUDRAK;408
PAMPUCH;408
POREMBA;408
PREIS;408
ŚWIERZYŃSKA;408
TOMAN;408
YANCHUK;408
ADAMÓW;408
GROCH;408
HARASIUK;408
HOŁYST;408
JENEK;408
OSIPIUK;408
PŁACZKOWSKI;408
PUŹNIAK;408
RURAŃSKI;408
SŁAWECKI;408
SZYCHTA;408
WIECKI;408
WOJTANIA;408
COHEN;407
CZAUDERNA;407
CZYLOK;407
GOLANOWSKA;407
JARKOWSKA;407
MACIĄGOWSKA;407
MEDVID;407
NATKAŃSKA;407
NAWROTEK;407
PLUTOWSKA;407
SEMENENKO;407
ŚLAWSKA;407
WARGOCKA;407
BARZOWSKI;407
BIRECKI;407
BOJDOŁ;407
CĄKAŁA;407
CUCH;407
DZIUGIEŁ;407
GRUDZIECKI;407
KRZYSTYNIAK;407
MACIEJUK;407
MADAJCZYK;407
MIZGALSKI;407
NALEWAJK;407
NIEDBAŁ;407
NIEZBECKI;407
PIĘCIAK;407
PONIKIEWSKI;407
SKALIŃSKI;407
SKŁADOWSKI;407
STOPCZYŃSKI;407
WALAT;407
WARNKE;407
YAROVYI;407
BROMBOSZCZ;406
BUS;406
HAVRYLOVA;406
JAŃSKA;406
KALWASIŃSKA;406
KLOSE;406
LIDZBARSKA;406
NOJMAN;406
SAVITSKA;406
SHEREMETA;406
STARNAWSKA;406
SUCHOWIECKA;406
WROCHNA;406
ZOK;406
CIASTEK;406
DUNST;406
HALMAN;406
KOCYK;406
KOLESNIKOV;406
MAJCHRZYCKI;406
OSIEWICZ;406
OWSIANKO;406
RANA;406
SAJEWSKI;406
SKOK;406
STAJNIAK;406
STANIA;406
SUCHORA;406
SZPOT;406
SZYMA;406
ALBERSKA;405
ANDZIAK;405
BEJNAROWICZ;405
BLYZNIUK;405
GOSZCZ;405
JARUSZEWSKA;405
KRETKOWSKA;405
KYSELOVA;405
MOŻDŻYŃSKA;405
PIETRZYŃSKA;405
POTAPENKO;405
RADZICKA;405
SCHROEDER;405
STRYCHARSKA;405
SZALEWSKA;405
ULICZKA;405
VERBYTSKA;405
WINOGRODZKA;405
ŻABKA;405
BRZUZY;405
GATNER;405
KOCZKODAJ;405
KONOWROCKI;405
KUNKEL;405
KURBANOV;405
ŁAZIŃSKI;405
PAKIEŁA;405
PIELECKI;405
RADOMYSKI;405
SARAPATA;405
SZAFLARSKI;405
SZARZEC;405
ŚWIĘTY;405
WIDŁA;405
ZIOBER;405
BARTOSZCZYK;404
BELSKA;404
CELARY;404
DUBYNA;404
GERLICH;404
GERWATOWSKA;404
GIETKA;404
HARAZIM;404
JAKUBÓW;404
JUSZYŃSKA;404
KONOWROCKA;404
MIRKIEWICZ;404
PANASENKO;404
PIÓRECKA;404
POTOMSKA;404
SZAWARA;404
SZOKALSKA;404
SZUMAN;404
ŚLEBODA;404
ŚMIECHOWICZ;404
BERBEĆ;404
BOLDA;404
CZŁONKA;404
DZIENNIAK;404
FAFIŃSKI;404
FAJKIS;404
HANISZEWSKI;404
KOSACKI;404
MASIARZ;404
OLENIACZ;404
PULCHNY;404
SZALEWSKI;404
VYSOTSKYI;404
WALUK;404
YAKOVLIEV;404
BAREŁA;403
BŁASZCZOK;403
CICHOS;403
DOBACZEWSKA;403
DZIĘCIELSKA;403
HORBENKO;403
JAGUSZEWSKA;403
LAMCZYK;403
ŁAZAREK;403
MOLCHANOVA;403
PEREPELYTSIA;403
SHCHERBAN;403
WOJDALSKA;403
ZJAWIŃSKA;403
BERK;403
BUCHOWSKI;403
CHWISTEK;403
DACZKOWSKI;403
DAWICKI;403
FRONIA;403
GAŁĘZIOWSKI;403
GOŁAS;403
GRZEJDZIAK;403
GURBA;403
HOŁUBOWSKI;403
KOCYŁA;403
KOLAK;403
KOZDRAŚ;403
MARCINÓW;403
MIZIŃSKI;403
MONIAK;403
OPERACZ;403
PAJEK;403
PŁATOS;403
SŁODKI;403
SŁUPIŃSKI;403
STECYK;403
TONDER;403
WACŁAWIAK;403
ZEGAN;403
BELCZYK;402
BRYCKA;402
CIEROCKA;402
CWALIŃSKA;402
KLEJNOWSKA;402
KOLODII;402
KRÓLEWICZ;402
KUCHNICKA;402
MARZĘCKA;402
NADRATOWSKA;402
POWALSKA;402
SKALIŃSKA;402
SKOBEL;402
SZLASKA;402
TOMALIK;402
ZABAWSKA;402
CITKO;402
DEMKOWICZ;402
FLORCZUK;402
GĘBORYS;402
GOLANOWSKI;402
MICHULEC;402
MISTRZAK;402
MYŚLAK;402
NASTAROWICZ;402
OKARMUS;402
OSTAŁOWSKI;402
STRUGAREK;402
TORUŃSKI;402
WTOREK;402
BANAT;401
DAMASIEWICZ;401
DRAPIEWSKA;401
GOGULSKA;401
HURAS;401
IMIOŁCZYK;401
LUBA;401
MAZURENKO;401
PECKA;401
PYTLIŃSKA;401
SEWERYŃSKA;401
BAGNIEWSKI;401
CIEPŁUCHA;401
DRESZLER;401
GAPA;401
GRZELECKI;401
GRZESZKIEWICZ;401
JURSKI;401
KĄDZIOŁA;401
KLINOWSKI;401
KOBYLARCZYK;401
KULASZEWICZ;401
KURNICKI;401
KURZĘPA;401
ŁĄGWA;401
MACHNOWSKI;401
MAJEROWSKI;401
MIKULAK;401
PAULIŃSKI;401
PIĘDEL;401
PŁATKOWSKI;401
REMUS;401
SELWA;401
SIEKAŃSKI;401
SOCHAŃSKI;401
ŚWIERZYŃSKI;401
WDOWIŃSKI;401
ZAŃ;401
BLAK;400
CIEMNA;400
GŁĄBICKA;400
HORBACH;400
HORBAN;400
KĄTNA;400
KLINOWSKA;400
ŁUDZIK;400
MAJEROWSKA;400
NIERADZIK;400
POŁUDNIAK;400
RECZULSKA;400
SERAFINOWICZ;400
SOLUCH;400
TREFON;400
WALEROWICZ;400
ANIŚKO;400
BRACHMAN;400
BUCH;400
CHEBA;400
COGIEL;400
GUMIELA;400
KASKA;400
KOMORNICZAK;400
KRASSOWSKI;400
OSTRYCHARZ;400
PUKA;400
RYK;400
SEWERYŃSKI;400
SPYTKOWSKI;400
STOLTMAN;400
SZAŁANKIEWICZ;400
WASZCZAK;400
WĘGROWSKI;400
ZIMIŃSKI;400
ŻABOKLICKI;400
BINDER;399
BUCHOWSKA;399
DOMINA;399
DYTRYCH;399
RETKOWSKA;399
BUHL;399
CHŁOSTA;399
CZEKAJŁO;399
DZIĄG;399
DZIMIRA;399
KAZIK;399
KUCHNICKI;399
LITKOWSKI;399
OLSZANOWSKI;399
PRZESPOLEWSKI;399
ŚWIDURSKI;399
WARDACH;399
ALEKSIEIEVA;398
BENDKOWSKA;398
BRZĘCKA;398
FICOŃ;398
GOZDOWSKA;398
GRODZIŃSKA;398
KOBETS;398
KOWACZ;398
KWAPISIEWICZ;398
KWAPISZEWSKA;398
LASIK;398
ŁAWIŃSKA;398
MISHCHUK;398
PAPIEWSKA;398
SKOKOWSKA;398
SŁAWECKA;398
SZUMLAŃSKA;398
VOGEL;398
ZAPOROZHETS;398
BONARSKI;398
BURCHACKI;398
DARNOWSKI;398
DAWIDZIAK;398
DRYGALSKI;398
GRĘDZIŃSKI;398
KAPKOWSKI;398
KOLSKI;398
LUBIEJEWSKI;398
MIGA;398
ORYL;398
PALIMĄKA;398
PURGAL;398
SŁODYCZKA;398
TETER;398
ZABAWSKI;398
BARUCHA;397
GARBACKA;397
GAUZA;397
HAJOK;397
HOŁYŃSKA;397
KLOCZKOWSKA;397
KŁOBUKOWSKA;397
KUBCZAK;397
KURNICKA;397
LUBOCKA;397
MAGRYTA;397
NASTAJ;397
PAULIŃSKA;397
PREISNER;397
SCHRÖDER;397
STANIKOWSKA;397
STAWIKOWSKA;397
SUPERA;397
TYWONIUK;397
WERYŃSKA;397
WIKTORZAK;397
ANGOWSKI;397
GUMULA;397
JAMIŃSKI;397
KAPIAS;397
KAROLEWICZ;397
KLISOWSKI;397
LANGIEWICZ;397
MĘKAL;397
MIEDZIANOWSKI;397
NAWRACAJ;397
OMIOTEK;397
PASZKOWIAK;397
PAWLONKA;397
PRUCHNIEWSKI;397
PYRZANOWSKI;397
SKUBAŁA;397
ZIEMIANEK;397
BOROCH;396
BRUCKA;396
DĄBAL;396
FEDOTOVA;396
GUDOWSKA;396
HORDIICHUK;396
JERCZYŃSKA;396
KRYZHANOVSKA;396
LAUFER;396
MIZIŃSKA;396
NAKONECZNA;396
NESTEROWICZ;396
PAPIŃSKA;396
PIEGAT;396
PYRZANOWSKA;396
SEMCZUK;396
SZUSTAKOWSKA;396
VARGA;396
WYBORSKA;396
ANDRIEIEV;396
DURAN;396
FABIA;396
GBUR;396
GOŹLIŃSKI;396
LERCH;396
MIERNICKI;396
PAPIŃSKI;396
PIETRUSIEWICZ;396
POLNY;396
SIECZKO;396
SKROBACZ;396
WARZYCHA;396
WYPYCHOWSKI;396
BREWIŃSKA;395
BROWN;395
CHŁĄD;395
DOMANOWSKA;395
GRAJCAR;395
GRYNIEWICZ;395
HISZPAŃSKA;395
KARMOWSKA;395
KRYSZTOFORSKA;395
MAJECKA;395
MARUSHCHAK;395
NIKOLAICHUK;395
PILC;395
RZYSKA;395
SOBIEŃ;395
STĘPCZYŃSKA;395
STOBIŃSKA;395
TOMKÓW;395
WOJCZUK;395
BIADAŁA;395
BIEŻUŃSKI;395
BIŚ;395
CHUDZYŃSKI;395
CZERPAK;395
DAKOWICZ;395
DERING;395
GŁĄBICKI;395
KASZNIA;395
KATULSKI;395
KORDASZEWSKI;395
PĘCZAK;395
PROCHOWSKI;395
PUTEK;395
RYTLEWSKI;395
SERBIN;395
STANULA;395
WLAŹ;395
BALAWEJDER;394
COFAŁA;394
DŁUGOPOLSKA;394
DOERING;394
GODZWON;394
JURSKA;394
KOŚCIELECKA;394
LATOŃ;394
LORANC;394
LUTEREK;394
PILIŃSKA;394
PRAWDA;394
SALAMOŃCZYK;394
SAMOLEJ;394
SZABLIŃSKA;394
SZACHNOWSKA;394
ULRYCH;394
WAWRZYNKIEWICZ;394
AGATOWSKI;394
BRANIA;394
CHARCHUT;394
DEGÓRSKI;394
DOMANOWSKI;394
FURTEK;394
GUSEINOV;394
JARCO;394
JASTRZEMBSKI;394
KAPA;394
KLAK;394
KOSMAL;394
KREFFT;394
ŁYŻWIŃSKI;394
MALMON;394
PILIŃSKI;394
PŁOCHARSKI;394
ROSIKOŃ;394
SEREMET;394
SERWACH;394
SUŁOWSKI;394
TASAK;394
TENEROWICZ;394
WARPAS;394
YILDIRIM;394
ZDUNOWSKI;394
CEMBRZYŃSKA;393
DĄBROWIECKA;393
KLISOWSKA;393
LESICKA;393
RAZIK;393
SHELEST;393
STOPCZYŃSKA;393
TAŃCULA;393
TARNACKA;393
WEŁNICKA;393
WYPYCHOWSKA;393
BIEDKA;393
BRYLAK;393
BUJNOWICZ;393
CZYRNEK;393
DECHNIK;393
DONARSKI;393
DYWAN;393
FIGA;393
FRANIA;393
GŁUSZCZAK;393
GRYGLEWICZ;393
HYRA;393
KOSIKOWSKI;393
LESICKI;393
LIP;393
MATYSIEWICZ;393
MITUŁA;393
MOŁDOCH;393
NACHYŁA;393
RABCZAK;393
RETKOWSKI;393
SOBOCZYŃSKI;393
STANIKOWSKI;393
STANIUCHA;393
TAŁAJ;393
TYBURCZY;393
WOJDYNA;393
ZMITROWICZ;393
ANGIELCZYK;392
BOGUŚ;392
CHUDZYŃSKA;392
DOBIECKA;392
DURAS;392
GAŁĘSKA;392
GASZEWSKA;392
HRYB;392
KUŚMIDER;392
MAZURYK;392
MĄDRZEJEWSKA;392
MIRGOS;392
PERS;392
PODGÓRNIAK;392
ROCZEK;392
WOJTCZYK;392
ZDUNOWSKA;392
ZJAWIONA;392
ALBERSKI;392
BAJORSKI;392
BAZYLAK;392
BORCUCH;392
CICHOMSKI;392
CITAK;392
CZELUŚNIAK;392
DOBIECKI;392
GARBIEŃ;392
JURZAK;392
KIEPAS;392
KRZYŻEK;392
KUCHARZAK;392
ŁĄCZAK;392
MOZOLEWSKI;392
NAFALSKI;392
PARULSKI;392
PIASZCZYK;392
PIESTRZENIEWICZ;392
SPACZYŃSKI;392
STĘPCZYŃSKI;392
WIKTOREK;392
DOMITRZ;391
GRYGLICKA;391
KATULSKA;391
LEWAŃSKA;391
MAJDECKA;391
MAJZNER;391
STARZYCKA;391
SUGIER;391
SZUMIELEWICZ;391
ŚLIPKO;391
ZVARYCH;391
ZWIĄZEK;391
BELICA;391
CHYŁEK;391
CIEJKA;391
CIOSMAK;391
CŁAPA;391
COP;391
DZIWAK;391
GABZDYL;391
JANUŚ;391
JEŻYK;391
KORNAFEL;391
KOSMATKA;391
ŁATAŚ;391
PETRYSHYN;391
PŁAWIAK;391
SZMAGAJ;391
SZYMKOWICZ;391
WRONIAK;391
WYCECH;391
ŻAGLEWSKI;391
ŻAKIEWICZ;391
ŻYGOWSKI;391
BAŁABAN;390
BYSTRA;390
DMUCHOWSKA;390
GAŁĘZIOWSKA;390
KAFKA;390
KAPTURSKA;390
KAZAKOVA;390
KULCHYTSKA;390
MALKO;390
MINKO;390
MONASTYRSKA;390
PADOŁ;390
POLIANSKA;390
SAJKOWSKA;390
SIERŻANT;390
SŁODKA;390
SŁONECKA;390
SZCZERBAK;390
ŚWIACKA;390
ŚWIDURSKA;390
BETA;390
CHODAŃ;390
DMUCHOWSKI;390
FAŁAT;390
GAJOWY;390
GODZINA;390
KOZIEJA;390
KSIĄŻCZYK;390
MOTŁOCH;390
OTULAK;390
PIASNY;390
SPALENIAK;390
STARĘGA;390
WŁÓKA;390
BIDAS;389
DREWNIK;389
FALK;389
GRĄCKA;389
HOŁUBOWSKA;389
KOPROWICZ;389
KRZTOŃ;389
KWAŚNICKA;389
LEYK;389
ŁOTOCKA;389
MATERNOWSKA;389
OKROJ;389
OWSIANNA;389
PANOVA;389
SORBIAN;389
SZLĄZAK;389
WIDULIŃSKA;389
WYSPIAŃSKA;389
ŻARKOWSKA;389
ŻYGOWSKA;389
BICZAK;389
CAPIGA;389
CHYCZEWSKI;389
KNAŚ;389
KOSTKOWSKI;389
MARCHUT;389
MASLOV;389
PASZENDA;389
PETRYKA;389
POTOMSKI;389
PRZYBOREK;389
PUROL;389
RYMAROWICZ;389
RZODKIEWICZ;389
SYNOWSKI;389
TATARCZAK;389
TRZEBUNIAK;389
BOICHENKO;388
ILASZ;388
JAGLARZ;388
KALYTA;388
ŁYŻWIŃSKA;388
PREJS;388
ROZBORSKA;388
SIODŁAK;388
SZCZERBIK;388
ULBRICH;388
ZYS;388
BOSZKO;388
CHYC;388
CYMBAŁA;388
CZERMAK;388
DYBICH;388
GWARDA;388
HARA;388
HOANG;388
HOŁYŃSKI;388
KOREJWO;388
MIELCZARSKI;388
NADRATOWSKI;388
PACZESNY;388
PIERNIK;388
PRAJS;388
RADLAK;388
REJMAK;388
RYMARSKI;388
SADZIK;388
SIRKO;388
WENC;388
ARNOLD;387
BABAK;387
BYWALEC;387
CZUCHRA;387
DORNA;387
DZIERŻĘGA;387
GAJAK;387
HACZEK;387
HERÓD;387
KOSIKOWSKA;387
LADZIŃSKA;387
MANN;387
MIROSHNICHENKO;387
OSTAŁOWSKA;387
PAULUS;387
PISERA;387
POTYRA;387
RYBALKO;387
SUSEK;387
TERELAK;387
TOMCZEWSKA;387
BEMBNISTA;387
BRONAKOWSKI;387
DZIERZGOWSKI;387
FRASZCZYK;387
HANAK;387
KLOCZKOWSKI;387
LONC;387
MACKO;387
OWCARZ;387
PALUSZEWSKI;387
PRANGA;387
PUDA;387
SENDEROWSKI;387
SIWKO;387
SZOŁDRA;387
WALEŃSKI;387
CHUMACHENKO;386
DYŁA;386
DZIERZGOWSKA;386
GRUCHALSKA;386
HALAT;386
STANO;386
VASYLCHUK;386
WYRĘBSKA;386
ZAGROBELNA;386
BABECKI;386
BEKAS;386
DŹWIGAŁA;386
FORTUNIAK;386
GASZEWSKI;386
GĄCIARZ;386
GNIOT;386
GRZEGOLEC;386
HUDZIAK;386
JARKOWSKI;386
KAPTURSKI;386
KIEDOS;386
KORGÓL;386
LICHWA;386
MAKOS;386
MILKOWSKI;386
MILOCH;386
MISIOŁEK;386
OGŁAZA;386
OKO;386
PERDEK;386
PSZONKA;386
STANDO;386
SZYMIKOWSKI;386
ŚNIEŻKO;386
TOSIK;386
VYSHNEVSKYI;386
WASZKOWSKI;386
WYBORSKI;386
ZBYTNIEWSKI;386
ADASZEWSKA;385
ANTOSZCZYK;385
BORUCIŃSKA;385
DATSENKO;385
HURA;385
JARA;385
KALISZCZAK;385
KASPRZYKOWSKA;385
KIERES;385
KLEPKA;385
KOMORSKA;385
KURKOWIAK;385
LOBODA;385
MIKUSZEWSKA;385
MOZOLEWSKA;385
MYRONOVA;385
POST;385
SAWCZAK;385
SKŁADOWSKA;385
STRZELIŃSKA;385
ŚNIOCH;385
TABASZEWSKA;385
YEFREMOVA;385
ZDRZAŁEK;385
ABDULLAEV;385
BANDOSZ;385
BIANGA;385
BOGDZIEWICZ;385
BRUŹDZIŃSKI;385
BYŚ;385
FRANIAK;385
GŁASEK;385
GROSZYK;385
GUZENDA;385
KICIAK;385
KRZYŻANEK;385
LADZIŃSKI;385
ŁYDKA;385
NOWATKOWSKI;385
PALONKA;385
PAZGAN;385
SMEJA;385
STAŚKOWIAK;385
SZEMPLIŃSKI;385
TOPKA;385
TUPAJ;385
TURALSKI;385
WOJTEK;385
WUDARSKI;385
WUJKOWSKI;385
DRYL;384
GROMADZIŃSKA;384
JOHNSON;384
MOISEIENKO;384
PIEPIÓRKA;384
PRUCHNIEWSKA;384
SAVINA;384
SHYNKARENKO;384
SPYTKOWSKA;384
STADLER;384
BANIK;384
BINIĘDA;384
BODYS;384
BRONIEWSKI;384
CHWESIUK;384
CIESIŃSKI;384
DEJ;384
GNAP;384
GOCYŁA;384
GRODZIŃSKI;384
JACHNIK;384
JAGUSZEWSKI;384
KAZUBSKI;384
ŁAPETA;384
MAJDECKI;384
MARCHEWA;384
PLUTECKI;384
STOLA;384
SZOKALSKI;384
SZOSTAKIEWICZ;384
CYBA;383
DUDZICZ;383
DZIEWANOWSKA;383
HULEWICZ;383
JELEŃSKA;383
KALMAN;383
LEBEK;383
MILKOWSKA;383
PARYSEK;383
RAMZA;383
WDOWIŃSKA;383
WĘGROWSKA;383
BERDYCHOWSKI;383
DZIEWANOWSKI;383
KOŁBUC;383
KOŃSKI;383
KULESZ;383
KWARTNIK;383
LEOŃCZUK;383
PISZ;383
POROŻYŃSKI;383
PRADELA;383
RAJEK;383
RÓŻEWICZ;383
SYGNOWSKI;383
SZELUGA;383
SZUPER;383
WĄSIŃSKI;383
WILGOCKI;383
WYCZESANY;383
BEKISZ;382
BOMBAŁA;382
DĄBKIEWICZ;382
FOKSIŃSKA;382
HERTEL;382
HOJAN;382
HRABOVSKA;382
JAHN;382
KNURA;382
KOŃSKA;382
MALINOVSKA;382
NAFALSKA;382
PIETRUSZKIEWICZ;382
RING;382
SAPIEJA;382
ŻEROMSKA;382
BUBULA;382
BURNOS;382
CHLEBNY;382
CIOSK;382
CZERNIEWSKI;382
DROHOMIRECKI;382
HAASE;382
IBRAGIMOV;382
KADEJ;382
KARKOSZ;382
KIELICH;382
KOCYBA;382
KORGA;382
MAGA;382
MIROSŁAWSKI;382
MYSTEK;382
MYSZKIEWICZ;382
OLCHOWIK;382
OŻAREK;382
PRODAN;382
SZCZYPIORSKI;382
SZWABA;382
TERCJAK;382
TRELIŃSKI;382
WEŁNICKI;382
WEREMKO;382
WYSPIAŃSKI;382
ZAPERT;382
ŻURAWICZ;382
BOROWICKA;381
FONFARA;381
JAMIŃSKA;381
KORBECKA;381
LITKOWSKA;381
NIEŁACNA;381
NIESPOREK;381
POROŻYŃSKA;381
PRZESPOLEWSKA;381
SYNORADZKA;381
WODZISŁAWSKA;381
WYRWIŃSKA;381
ZIĘTKIEWICZ;381
ANTOSZEK;381
DZIECIUCH;381
GAŁĘSKI;381
GRYGLICKI;381
GRZONA;381
HLADKYI;381
HUANG;381
KIEREŚ;381
KONIUSZY;381
ŁYSZCZ;381
MASIEWICZ;381
OGÓRKIEWICZ;381
POŻAROWSZCZYK;381
PUDO;381
PYSZNIAK;381
ROMANISZYN;381
SAR;381
SMENTEK;381
SUCHARZEWSKI;381
VU;381
WERPACHOWSKI;381
WERRA;381
WODZISŁAWSKI;381
WOŹNIEWSKI;381
BŁAŻYŃSKA;380
DATSIUK;380
DAWICKA;380
FAMUŁA;380
GRABA;380
IZWORSKA;380
KORKUS;380
KOSATKA;380
KOSTKOWSKA;380
KOTLARCZYK;380
NIKITENKO;380
PACHOLARZ;380
PODEDWORNA;380
SYNOWSKA;380
WAWRZYK;380
ZGRAJA;380
ŻYCZKOWSKA;380
ASZYK;380
BRAJER;380
BREWIŃSKI;380
CUDZIŁO;380
DOBACZEWSKI;380
DOROSZKO;380
DRZYCIMSKI;380
GASANOV;380
GOZDOWSKI;380
KAFARSKI;380
KOMORSKI;380
KRUŻEL;380
MICZEK;380
MIKUSZEWSKI;380
MYĆKA;380
NAROŻNIK;380
POPIÓŁ;380
SROKOWSKI;380
SZWAGRZYK;380
TORCHAŁA;380
TROCHIMOWICZ;380
ULIKOWSKI;380
WARCHAŁOWSKI;380
BUSSE;379
DANILOVA;379
DARNOWSKA;379
DREWEK;379
FEDORCHENKO;379
JATKOWSKA;379
KLAWIŃSKA;379
KOSKA;379
KOZACHUK;379
MIERNICKA;379
NIEZBECKA;379
PAVLYK;379
PILAWA;379
RADOMYSKA;379
SZCZĘSNOWICZ;379
SZORC;379
WARCHAŁOWSKA;379
WÓLCZYŃSKA;379
BŁAŻYŃSKI;379
DUCZYŃSKI;379
FARION;379
GAWARECKI;379
GIENIUSZ;379
GNIADZIK;379
HAŁADUS;379
KOŚCIELECKI;379
KRETKOWSKI;379
MATYŚKIEWICZ;379
MOŁCZAN;379
MUSIŃSKI;379
NAMYŚLAK;379
PIWNIK;379
RUMIAN;379
RYBACZUK;379
WIĘCKO;379
WYSMYK;379
ZACZKIEWICZ;379
ZĄBKIEWICZ;379
DACH;378
EBERT;378
FIRLIT;378
KOREPTA;378
KURASIEWICZ;378
PŁYWACZ;378
POPIELAS;378
SKOLMOWSKA;378
STRUŻYNA;378
ULIKOWSKA;378
WAŁOWSKA;378
ŻABOKLICKA;378
BOSY;378
CZARZASTY;378
DEMIAŃCZUK;378
GIZICKI;378
GRYŃ;378
KAZANIECKI;378
KILAN;378
KNUT;378
KOCHAŃCZYK;378
KONDZIELA;378
KRZACZKOWSKI;378
NIZIAŁEK;378
OSSOLIŃSKI;378
PACHA;378
PIETROWICZ;378
RUDZIEWICZ;378
STACHULA;378
SZCZUKIEWICZ;378
DONARSKA;377
DYMECKA;377
GALLA;377
GERS;377
GŁOWNIAK;377
GRZELECKA;377
HABRAT;377
KOPCZEWSKA;377
LAMEK;377
LISOWIEC;377
LUBIEJEWSKA;377
ŁUGIEWICZ;377
MACHULA;377
NIEZNALSKA;377
ROMASZKO;377
RYMKIEWICZ;377
SABATOWSKA;377
SAJEWSKA;377
SUWAJ;377
SZCZYPIORSKA;377
TURALSKA;377
WERPACHOWSKA;377
WRÓŻ;377
BAJAN;377
BAJEROWSKI;377
BRUŹDZIAK;377
CIECHACKI;377
KASPRZYKOWSKI;377
KORZEB;377
KRYSIEWICZ;377
KUROSZ;377
PAŃSZCZYK;377
PLAGA;377
STABRYŁA;377
SYNORADZKI;377
SZASTAK;377
ŚWITKOWSKI;377
WELTROWSKI;377
ZĘGOTA;377
BAZIUK;376
CHODZIŃSKA;376
CZERNIAKIEWICZ;376
FELIS;376
HALUCH;376
HAŁACZKIEWICZ;376
KUHN;376
KWIATOŃ;376
MACHNOWSKA;376
MAKAROWSKA;376
MALEJKA;376
OKHRIMENKO;376
PLUTECKA;376
RAMUS;376
SENDEROWSKA;376
SOCHAŃSKA;376
SZEMPLIŃSKA;376
WALEŃSKA;376
ZEMBRZYCKA;376
ZUCHOWICZ;376
CUGIER;376
DUREK;376
GOŹDZIEWICZ;376
GRUSZKOWSKI;376
GUZA;376
HOŁUJ;376
KILICHOWSKI;376
KRYŚKIEWICZ;376
LASKO;376
NECEL;376
OLESZCZYK;376
ORNOCH;376
SMORAWSKI;376
TANAŚ;376
TRĄBIŃSKI;376
WIDLARZ;376
YILDIZ;376
ZAPAŁ;376
BEDYŃSKA;375
BRUŹDZIŃSKA;375
DREGER;375
FREY;375
GAJOWSKA;375
GROBEL;375
HAŁUPKA;375
JASTRZEMBSKA;375
KOLESNIK;375
KRZYŻYŃSKA;375
MARKOWIAK;375
MIELCZARSKA;375
MIELECKA;375
NOSOWSKA;375
OTŁOWSKA;375
REDKO;375
RITTER;375
SIRENKO;375
WASZKOWSKA;375
ZHUKOVSKA;375
ALBERT;375
BARYGA;375
BURKOT;375
BZDAK;375
DAMSKI;375
DOROSZUK;375
DWORCZYK;375
GACZKOWSKI;375
GAFFKE;375
ILNYTSKYI;375
JAKUBISZYN;375
JURCZYSZYN;375
KŁOBUKOWSKI;375
KOPYTOWSKI;375
LUBOCKI;375
MURZYNOWSKI;375
PASZEWSKI;375
PODKÓWKA;375
PODLEJSKI;375
POŚWIATA;375
TROCHIMIAK;375
TRZONKOWSKI;375
TYLENDA;375
WERNIK;375
WOJTON;375
ZAGAŁA;375
ZŁOTNICKI;375
BOROVYK;374
BRZUSZKIEWICZ;374
DAMSKA;374
KARMAŃSKA;374
KUDLIK;374
MIERZWICKA;374
NIKONOWICZ;374
PATELSKA;374
RACHEL;374
RUBIK;374
SARWA;374
VOZNIAK;374
WĄSIŃSKA;374
WOJTULEWICZ;374
BANACKI;374
BOGUŃ;374
CHARCZUK;374
CIEŚLUKOWSKI;374
DOBRANOWSKI;374
DRABAREK;374
GAŁWA;374
GĄGOROWSKI;374
GRZEGÓRSKI;374
GURAK;374
HARAŃCZYK;374
KARMOWSKI;374
KUŁACZ;374
KUŚMIERCZAK;374
LENARTOWSKI;374
PANKAU;374
POSZWA;374
POWAŁOWSKI;374
PRZYCHODZIEŃ;374
PYŚK;374
ROGUT;374
SOCHOŃ;374
WĄDRZYK;374
WÓLCZYŃSKI;374
ZGOŁA;374
BIEŻUŃSKA;373
BRONIECKA;373
DMITRZAK;373
HRYNIEWIECKA;373
KAPŁAN;373
KRYSTKIEWICZ;373
MATYSZKIEWICZ;373
MIKINA;373
PODLASEK;373
SHYMANSKA;373
SZMAJDUCH;373
WIDURSKA;373
WUJKOWSKA;373
BORUCIŃSKI;373
BURAKIEWICZ;373
CYGAŃSKI;373
DAROSZEWSKI;373
GERC;373
GRĄBCZEWSKI;373
JERCZYŃSKI;373
KLIMUK;373
MAŚLACH;373
POJDA;373
PÓŁROLNICZAK;373
PUT;373
SADEK;373
SAŁUDA;373
SĘDZICKI;373
STALEWSKI;373
STECZEK;373
SUT;373
SZCZUCHNIAK;373
TABASZEWSKI;373
TYBURA;373
WAWRYK;373
WIEWIÓR;373
ZARÓD;373
BONARSKA;372
CHOMKA;372
CIECHOWSKA;372
DUDYS;372
FABJAŃSKA;372
LENARTOWSKA;372
MAKSYMIV;372
MIGUT;372
MIKUŚ;372
RADOSZEWSKA;372
ROCKA;372
SPACZYŃSKA;372
SURMAI;372
SZAFLARSKA;372
TATARSKA;372
TRELIŃSKA;372
ULRICH;372
WANOT;372
BARANOVSKYI;372
BELTER;372
CZERWIEŃ;372
GALOCH;372
GRYGLAK;372
KHALILOV;372
KOPIK;372
MATVIEIEV;372
MŁYNAREK;372
RYL;372
RZEMIŃSKI;372
SŁAPEK;372
TARASKA;372
WAŚCIŃSKI;372
WIĘSEK;372
ZYGMAŃSKI;372
BAJORSKA;371
BARTODZIEJ;371
BARZYCKA;371
BAUMAN;371
BERDYCHOWSKA;371
BERNACIK;371
BIADUŃ;371
GACZKOWSKA;371
GRZYWOCZ;371
JĘDRZEJKO;371
KONOWALSKA;371
KUŹBA;371
LISZKOWSKA;371
ŁAGÓDKA;371
MAJGIER;371
MIKŁASZEWICZ;371
MUDRYK;371
PODKALICKA;371
BERKOWICZ;371
BESZTERDA;371
CHOROBA;371
DADAS;371
DERWICH;371
GORZELANY;371
KURPIK;371
KUSAL;371
ŁUŻYŃSKI;371
MADEJEK;371
MASTELA;371
MIKOŁAJEC;371
MOKRZYŃSKI;371
PIESIAK;371
RAFAŁ;371
SKRZYPSKI;371
SŁONECKI;371
SZWEJ;371
ŚMIERZCHALSKI;371
TURAJ;371
WĘCŁAWEK;371
WYGANOWSKI;371
ZAWÓŁ;371
BADORA;370
BAŁON;370
HUZARSKA;370
JONDERKO;370
KARCH;370
KHYZHNIAK;370
KURZĄTKOWSKA;370
OLSZOK;370
OMYŁA;370
PŁOWIEC;370
RADOJEWSKA;370
RZEMIŃSKA;370
STUDNIARZ;370
TRUSZ;370
TRZONKOWSKA;370
WERNICKA;370
ZADYKOWICZ;370
ZBYTNIEWSKA;370
ŻAKOWICZ;370
BLIŹNIAK;370
BUGARA;370
CHAMERSKI;370
DRYJAŃSKI;370
GAWRYJOŁEK;370
GROMADZIŃSKI;370
KRYŚCIAK;370
KUNDERA;370
LUDWIŃSKI;370
LUTEK;370
MALAGA;370
MAŁYSZA;370
MĄDRZEJEWSKI;370
MIEDZIAK;370
MIKLER;370
PACZEŚNY;370
POŚLEDNIK;370
RAFACZ;370
SALIŃSKI;370
SKRZYPACZ;370
SZACHNOWSKI;370
SZCZEPKA;370
SZUDROWICZ;370
WAŁOWSKI;370
WAWRUCH;370
ZEMLIK;370
BOBOWICZ;369
CICHOMSKA;369
FIEBIG;369
FIRA;369
GOTOWICKA;369
STALEWSKA;369
SZYMIKOWSKA;369
TROIAN;369
ZŁOTNICKA;369
BRUDEK;369
CEMBRZYŃSKI;369
GAJDEK;369
GOTOWICKI;369
JELEŃSKI;369
JĘDRYSIK;369
KLARA;369
KOCZAN;369
KOLUS;369
LEWTAK;369
MORYL;369
MUCIEK;369
PAPKE;369
PASIECZNIK;369
PASTUCH;369
PAWUL;369
REJOWSKI;369
RYCHTA;369
SMORCZEWSKI;369
SURMAN;369
WALUKIEWICZ;369
WITUŁA;369
ŻEROMSKI;369
BARZOWSKA;368
FABIAŃCZYK;368
GAWARECKA;368
GOGOLIN;368
JANTA;368
KAFARSKA;368
KORNASZEWSKA;368
LAVRENIUK;368
LEDWIG;368
MAGRYŚ;368
MALCHERCZYK;368
MURZYNOWSKA;368
ROTHER;368
SIEWRUK;368
TYMKIV;368
YERMOLENKO;368
BOROŃCZYK;368
CHARYTONIUK;368
CHROMIEC;368
DRĄŻEWSKI;368
GRZEBIELUCHA;368
JACHACY;368
JATKOWSKI;368
JAWIEŃ;368
JUSTYNA;368
KONECZNY;368
KWIOTEK;368
LITKA;368
ŁOPATOWSKI;368
MISIUREK;368
MITAS;368
OSZCZYK;368
PIERZGALSKI;368
RUPIK;368
SABATOWSKI;368
SAJKOWSKI;368
SOPIŃSKI;368
STANISŁAWIAK;368
SYGA;368
SZKOPIŃSKI;368
SZYPER;368
ŚLĄSKI;368
ŚWIERZEWSKI;368
ŚWIERZY;368
WALENTOWICZ;368
WIDEŁ;368
WOSZTYL;368
ŻUŁAWNIK;368
BRACISZEWSKA;367
BRONIEWSKA;367
BRYSZEWSKA;367
DECYK;367
DRATWIŃSKA;367
DRZYCIMSKA;367
DYDERSKA;367
DZWONNIK;367
GĘBUŚ;367
HOSZOWSKA;367
JURUŚ;367
KAZUBSKA;367
KLEKOWSKA;367
KORPAK;367
KUDLA;367
LUKIANOVA;367
MACUGA;367
MARUSIAK;367
MIŚKÓW;367
ORŁOWICZ;367
SALOMON;367
SENYK;367
SMORAWSKA;367
STELMASZEWSKA;367
STUCHLIK;367
SZKOPIŃSKA;367
ŚCISŁOWICZ;367
TORUŃSKA;367
TVERDOKHLIB;367
TYRAŃSKA;367
USHAKOVA;367
ŻERAŃSKA;367
BERETA;367
BORODZIUK;367
BOROWICKI;367
CIURZYŃSKI;367
FABJAŃSKI;367
FIDELUS;367
GRELAK;367
JARY;367
KOMAROWSKI;367
MACHULEC;367
MAKAROWSKI;367
MURAŃSKI;367
MUZOLF;367
PODRAŻKA;367
RUSU;367
RYCHLAK;367
ZŁOTY;367
GRĘDZIŃSKA;366
GUSTOWSKA;366
JUDYCKA;366
KAPKOWSKA;366
KARDYNAŁ;366
KASICKA;366
PRYTULA;366
WESZKA;366
WĘDRYCHOWICZ;366
WIOSNA;366
WOŚKOWIAK;366
BIKOWSKI;366
BOJKE;366
BUSZMAN;366
CZAPP;366
DACEWICZ;366
FIDO;366
GOŚCICKI;366
KIMAK;366
KLUZEK;366
KNOPP;366
KOLAT;366
KONOWALSKI;366
KRUPCZAK;366
MIELECKI;366
NADZIEJA;366
PURTAK;366
SMAJDOR;366
STACHNIUK;366
STOSZEK;366
SURY;366
SZCZYKUTOWICZ;366
WRONIECKI;366
CIEMNIEWSKA;365
CIURZYŃSKA;365
GARBOŚ;365
GRZEGORZEWICZ;365
ŁAZAREWICZ;365
MIKIEWICZ;365
SROKOWSKA;365
SZUSTAKIEWICZ;365
ZARAŃSKA;365
ANDRYSZAK;365
ASZTEMBORSKI;365
BOKOTA;365
BRYSZEWSKI;365
BRZYCHCY;365
CIECHOWSKI;365
DYONIZIAK;365
FERT;365
GEMBARA;365
GIEREJ;365
HARAF;365
JUDYCKI;365
KOŁODZIEJCZUK;365
KURDEK;365
ROGALEWICZ;365
SKOPEK;365
STEGLIŃSKI;365
SZTURC;365
WIETECKI;365
WYRWIŃSKI;365
ANIOŁKOWSKA;364
DEGÓRSKA;364
DRAPIŃSKA;364
GAWEŁEK;364
GOCŁOWSKA;364
KERNER;364
KUROWICKA;364
MAŚLANA;364
RABSZTYN;364
ROSE;364
SĘDZICKA;364
ŚLĄSKA;364
TRĄBIŃSKA;364
WRONISZEWSKA;364
AGACIŃSKI;364
CHODOR;364
CIERZNIAK;364
CWYL;364
CZECZOT;364
CZERKAS;364
DRAPIŃSKI;364
GBIORCZYK;364
GIERCZYK;364
GOLENIEWSKI;364
GOŁY;364
GUSTOWSKI;364
HRYNIEWIECKI;364
JAWOSZEK;364
KANDULSKI;364
KUNAT;364
LEWAŃCZYK;364
NACZYŃSKI;364
PĘK;364
POWALSKI;364
ROCKI;364
RUDKO;364
RYCOMBEL;364
RYDZKOWSKI;364
RZEMEK;364
SUDÓŁ;364
ŚWIACKI;364
WALIŁKO;364
WITASZCZYK;364
WYSOGLĄD;364
BEYER;363
BOLIŃSKA;363
BRONAKOWSKA;363
CZESZEJKO;363
DEMIANENKO;363
DZIEWIĄTKOWSKA;363
FAFIŃSKA;363
GOSTOMCZYK;363
HOLECZEK;363
KAZANIECKA;363
KONSTANTYNOWICZ;363
KROGULSKA;363
MANSFELD;363
NOSIADEK;363
PANDER;363
PRZYMUSZAŁA;363
USTYMENKO;363
BARAŃCZYK;363
BELINA;363
GRZELAKOWSKI;363
JACIUBEK;363
JĘDRUSZEK;363
KAZAK;363
KORNASZEWSKI;363
KOTUS;363
KRUŻYŃSKI;363
MALĄG;363
MORGAŚ;363
PACUSZKA;363
PIEKARNIAK;363
PIKULIK;363
POCHMARA;363
PUŚCIAN;363
PYTLARCZYK;363
STELMASZEWSKI;363
SZCZYPIÓR;363
TITOV;363
WARDECKI;363
WOJDALSKI;363
ŻYCZKOWSKI;363
ARANOWSKA;362
BARTOSZYŃSKA;362
CZYŻOWICZ;362
FRANZ;362
KANIUKA;362
KHARCHUK;362
MALIKOWSKA;362
MOTYCZYŃSKA;362
PRZYSZLAK;362
RAJCHERT;362
SCHILLER;362
SZCZEPOCKA;362
WICHLIŃSKA;362
WODNIOK;362
ZIĘBICKA;362
ZIORA;362
ADASZEWSKI;362
BIEŚ;362
BŁAŻKÓW;362
BURSA;362
DYDERSKI;362
DZIEMBOWSKI;362
EWIAK;362
GAJOWSKI;362
KASPROWIAK;362
KUBUJ;362
ŁABĘDA;362
PAPIEWSKI;362
PODKALICKI;362
PRĄTNICKI;362
PYSIAK;362
PYZEL;362
SHCHUR;362
STĘPNICKI;362
SZARANIEC;362
TELKA;362
BŁESZYŃSKA;361
DRĄŻEWSKA;361
GAŁKIEWICZ;361
KLAR;361
KORDASZEWSKA;361
LEWKOWSKA;361
MAKSYMIAK;361
NACZYŃSKA;361
NĘCKA;361
PODKOWIŃSKA;361
RAU;361
REINERT;361
SUWARA;361
WALUGA;361
WRĄBEL;361
ZYGMAŃSKA;361
BERGIEL;361
BIGDA;361
BŁACHOWIAK;361
CEMBALA;361
DOLIWA;361
DORYNEK;361
DRATWIŃSKI;361
DZIECIĄTKOWSKI;361
DZIEWIĄTKOWSKI;361
GADAWSKI;361
GARGOL;361
GRĘBSKI;361
GROSIAK;361
GRUBSKI;361
HOLKA;361
HOŁODY;361
JADOWSKI;361
JANDURA;361
JURGIEL;361
KLEKOWSKI;361
MACUDZIŃSKI;361
MARCYNIUK;361
MICIAK;361
MUNTEANU;361
PODOLEC;361
PUSZCZ;361
RADKA;361
SAVKA;361
SEROWIK;361
SKROBOL;361
SNELA;361
TRONT;361
ŻARÓW;361
CIEPŁOWSKA;360
DURKIEWICZ;360
FIBICH;360
GAJO;360
GĘDŁEK;360
HAŁOŃ;360
KLAMAN;360
KOLSKA;360
KOZEK;360
OKRASZEWSKA;360
PAWLETA;360
SUCHARZEWSKA;360
WILHELM;360
WYDMAŃSKA;360
ARANOWSKI;360
BARNOWSKI;360
BODZEK;360
BRONIECKI;360
CHOI;360
CIEMNIEWSKI;360
GAS;360
GOŃDA;360
HOSZOWSKI;360
KADŁUBEK;360
MACIEJ;360
PACZUŁA;360
SAVYTSKYI;360
SIEPKA;360
STARZYCKI;360
SYSAK;360
WALDON;360
WĘGIEREK;360
ANDERSSON;359
DZIUBAŁTOWSKA;359
HAVRYSH;359
JUSIAK;359
KUBISZTAL;359
LIPIECKA;359
MARCHLIK;359
MARUCHA;359
MERCHUT;359
PIETKUN;359
POLNA;359
PURA;359
RYDZKOWSKA;359
SEGET;359
ŚMIERZCHALSKA;359
WIECZYŃSKA;359
BURZYK;359
CHYŻYŃSKI;359
GALWAS;359
HEMMERLING;359
JARMUŁ;359
JOBDA;359
KANTEK;359
KRYPCZYK;359
KRZYCH;359
LEWKOWSKI;359
MANIEWSKI;359
MIERZWICKI;359
MIETŁA;359
MINKOWSKI;359
MŚCICHOWSKI;359
MYDŁO;359
PASZKE;359
PIEŃCZYKOWSKI;359
PONDEL;359
SAŁBUT;359
SĘKTAS;359
SKONIECKI;359
SZYKOWNY;359
UCHAŃSKI;359
WASYLÓW;359
WIATRZYK;359
ZAGAJA;359
ŻEMŁA;359
ŻYLAK;359
BEDNARKIEWICZ;358
GRĄBCZEWSKA;358
GRZĄDKA;358
HANSEN;358
KOMAROWSKA;358
KOPYTOWSKA;358
KRUŻYŃSKA;358
ŁUŻYŃSKA;358
MARKUS;358
MIETELSKA;358
PARDELA;358
PIELUŻEK;358
RYMARSKA;358
SAMOILOVA;358
STAFIEJ;358
SULEJEWSKA;358
SYNOWIECKA;358
SZRAJBER;358
WRONIECKA;358
AFANASIEV;358
ANDRYSZCZAK;358
BISEWSKI;358
BRYJAK;358
CHARĘZA;358
CHODZIŃSKI;358
DYMECKI;358
DZIENDZIEL;358
DZIUBAŁTOWSKI;358
JĘDRASZAK;358
KARMAŃSKI;358
KASZAK;358
KORYTKO;358
KULASZEWSKI;358
LICHOSIK;358
LURKA;358
MALIKOWSKI;358
MIĄSKOWSKI;358
MUSAEV;358
OLCHOWY;358
POLIS;358
POLOWY;358
RUTANA;358
RZADKIEWICZ;358
SKOKOWSKI;358
SROCZYK;358
STANULEWICZ;358
USZKO;358
WIECZYŃSKI;358
YUSUPOV;358
ZAMIARA;358
ŻOŁDAK;358
BEŁTOWSKA;357
CHYŻYŃSKA;357
GLOMB;357
GNIDA;357
GOCZOŁ;357
GROCHOT;357
HILLER;357
KOCHANIEC;357
LEŚNICZAK;357
PTASZKOWSKA;357
REMBECKA;357
SYGNOWSKA;357
SZYMANIEC;357
UCHAŃSKA;357
WAŚCIŃSKA;357
WITASIK;357
BASARA;357
BEDYŃSKI;357
CIAPAŁA;357
CZAPRACKI;357
DZIADOŃ;357
GARBALA;357
GOJNY;357
KAJEWSKI;357
KOTWA;357
OŁOWSKI;357
ORZOŁEK;357
PACIEJ;357
RECZKO;357
RUPNIEWSKI;357
SOWIK;357
WILKOŁEK;357
BANASZCZAK;356
BERNER;356
BREZA;356
DADACZ;356
JANUSIEWICZ;356
KAMUDA;356
KATOLIK;356
KILICHOWSKA;356
KÖNIG;356
KRYLOVA;356
KUKWA;356
NAZARCHUK;356
NIWA;356
NYC;356
PĘKACZ;356
PIELECKA;356
PRZEPIÓRKOWSKA;356
REDER;356
REKUS;356
SKRZYDŁO;356
SŁABIK;356
WARDECKA;356
WILGOCKA;356
WÓJKOWSKA;356
BRZUCHACZ;356
CIEĆKA;356
CIURAJ;356
CYL;356
ĆWIKLAK;356
DARGIEWICZ;356
DOBRAKOWSKI;356
DUKAŁA;356
DYRKA;356
FRELIK;356
HEJMEJ;356
JASZKOWSKI;356
JĘCEK;356
JĘCZMIONKA;356
JUNIK;356
KALINIAK;356
KALIUZHNYI;356
LORENT;356
LUBSZCZYK;356
OSYPIUK;356
PALCZYŃSKI;356
PATRZYKĄT;356
PIETRUSZCZAK;356
PUCYK;356
RYCAJ;356
SKWERES;356
STASZCZUK;356
WRONISZEWSKI;356
ZELENT;356
DUNAJEWSKA;355
FIRLA;355
FRANCHUK;355
KARCZMARSKA;355
MICZKA;355
POWAŁOWSKA;355
PUCHOWSKA;355
SEMRAU;355
SKALNA;355
STAŃCO;355
SYMONENKO;355
SZUBART;355
TRETIAKOVA;355
ZAGÓROWSKA;355
ANIOŁKOWSKI;355
BOŻYM;355
BRONIARCZYK;355
CIĄŻYŃSKI;355
GRASZA;355
JAMRÓG;355
KOBALCZYK;355
KRZYŻAN;355
KUŻDŻAŁ;355
LEGUT;355
LESIECKI;355
LICZBIŃSKI;355
LISZKOWSKI;355
LITKE;355
LITWICKI;355
ŁĘPICKI;355
ŁYSIEŃ;355
MUKHA;355
NAROWSKI;355
OTFINOWSKI;355
PIJEWSKI;355
PROTASIEWICZ;355
PUDZIANOWSKI;355
RACHAŃSKI;355
SZWAJDA;355
TEMPSKI;355
WIELOWSKI;355
ZAGÓROWSKI;355
ZGŁOBICKI;355
ŻACZKIEWICZ;355
BENSZ;354
DOBIESZ;354
DRYJAŃSKA;354
DUCZYŃSKA;354
MIROSŁAWSKA;354
MŁODZIKOWSKA;354
NIEMIER;354
NOWATKOWSKA;354
ODROBIŃSKA;354
ORLOVSKA;354
OSSOLIŃSKA;354
PIERZGALSKA;354
PROCYK;354
PROKSA;354
ROSŁOŃ;354
ROSS;354
SZUBRYT;354
TRONINA;354
TYTARENKO;354
WYKROTA;354
BOGIEL;354
DRAGUN;354
DULIAN;354
GRABCZYŃSKI;354
KLAMANN;354
KONIARZ;354
KORFEL;354
MUCHARSKI;354
OGAZA;354
OSIEJ;354
PATRO;354
PODKOWIŃSKI;354
POŁUBIŃSKI;354
PTASZKOWSKI;354
RUBAK;354
SIEKACZ;354
SZCZEPOCKI;354
SZRAMOWSKI;354
WEIS;354
ZEMBRZYCKI;354
BIELOVA;353
HENDEL;353
JASIUKIEWICZ;353
KLECZYŃSKA;353
KOCIMSKA;353
KORETSKA;353
KRZACZKOWSKA;353
KRZYWKOWSKA;353
RABSKA;353
RĄCZKIEWICZ;353
STYPIŃSKA;353
ŚWITKOWSKA;353
TSARUK;353
WELTROWSKA;353
WTULICH;353
WUDARSKA;353
FABISZ;353
GĘBAL;353
GRACZKOWSKI;353
JASIENIECKI;353
JECHNA;353
KRZYSZCZUK;353
MULKA;353
MURIAS;353
OGAR;353
RÓWNY;353
RYTELEWSKI;353
RZEPLIŃSKI;353
SIJKA;353
SPYT;353
TERLETSKYI;353
WAŁCZYK;353
WANKE;353
WIECHNIK;353
BOJANOWICZ;352
GASPEROWICZ;352
GOLENIEWSKA;352
GRZELAKOWSKA;352
HYS;352
JERZYKOWSKA;352
JĘKOT;352
LEWCZYK;352
LUDWIŃSKA;352
MAKSELON;352
MERES;352
MOKRZYŃSKA;352
PŁOCHARSKA;352
RACHAŃSKA;352
SIEKAŃSKA;352
SKYBA;352
SZACHTA;352
SZAFRANIAK;352
DMYTRIIEV;352
GRUDKOWSKI;352
IREK;352
JANASZKIEWICZ;352
KĘDZIORSKI;352
KLAMECKI;352
KOTOV;352
KRZYŻYŃSKI;352
LACHMAN;352
MAJDZIŃSKI;352
MAKSYMOV;352
MOCZEK;352
MUŚ;352
OBREMSKI;352
PIENIEK;352
PONIEWOZIK;352
PUTOWSKI;352
PYTLEWSKI;352
RUDŹ;352
RZESZÓTKO;352
SAVIN;352
SEGIET;352
SMYKA;352
SZCZESZEK;352
TUMIŁOWICZ;352
ZAKOWICZ;352
ALIEVA;351
DOBRAKOWSKA;351
ERNEST;351
FENGLER;351
HUSIEVA;351
KURZACZ;351
MINKOWSKA;351
PAWSKA;351
PODSTAWA;351
SMOLSKA;351
SYDOROVA;351
VORONOVA;351
WIKLIŃSKA;351
BARZYCKI;351
BEBEL;351
BOLIŃSKI;351
DANILOV;351
DOBRAS;351
DZIADAK;351
GACZOŁ;351
GŁOWINKOWSKI;351
GROCHOWICZ;351
GROMOWSKI;351
GUBA;351
HALEMBA;351
HISZPAŃSKI;351
JAGUSZ;351
KĘDZIERAWSKI;351
KŁOSZEWSKI;351
ŁATACZ;351
MIAZIO;351
MOTYCZYŃSKI;351
NIECKULA;351
NIEDOJADŁO;351
PAWSKI;351
PEĆ;351
PĘCHERZEWSKI;351
PRZERADZKI;351
SZCZYPCZYK;351
SZPURA;351
TRZASKOMA;351
WICZYŃSKI;351
ZIĘBICKI;351
BAJEROWSKA;350
BUCHACZ;350
CIĄŻYŃSKA;350
CIESIŃSKA;350
DAROSZEWSKA;350
HARKUSHA;350
KANKOWSKA;350
MIKOWSKA;350
PIEŃCZYKOWSKA;350
PIJEWSKA;350
PŁECHA;350
PSHENYCHNA;350
SEREDIUK;350
STĘPNICKA;350
SZCZYPA;350
TELESZ;350
UKRAINETS;350
BARTOSZYŃSKI;350
DANCEWICZ;350
DĄBROWIECKI;350
JOŃCZY;350
KOCIMSKI;350
KROPIELNICKI;350
KULBICKI;350
LĘCZNAR;350
LITTWIN;350
MACIAŁEK;350
MEUS;350
MIENTUS;350
MROZIEWICZ;350
MURDZEK;350
NAGADOWSKI;350
POPARDOWSKI;350
RINGWELSKI;350
ROBAKIEWICZ;350
SZCZEŚNIEWSKI;350
SZMID;350
SZPILSKI;350
TATARSKI;350
TURLIŃSKI;350
WALAK;350
WIERNY;350
ASZTEMBORSKA;349
BLUKACZ;349
CAR;349
CIEŚLUKOWSKA;349
CZOCH;349
DURAJCZYK;349
FIAŁEK;349
GRUSZKOWSKA;349
IDKOWIAK;349
JASIENIECKA;349
KLAJN;349
KOCIUBIŃSKA;349
LIGUS;349
LYTVYNCHUK;349
MENZEL;349
MIELEC;349
NIDECKA;349
REJOWSKA;349
ROPELEWSKA;349
SZCZEŚNIEWSKA;349
TAYLOR;349
BURKOWSKI;349
CHŁOPIK;349
DEREWOŃKO;349
DUŃSKI;349
FELCZYŃSKI;349
FIRMANTY;349
GLOC;349
JARCZOK;349
KAWCZAK;349
KOTRYS;349
KWAPICH;349
LURANC;349
ŁOTOCKI;349
NAWALANIEC;349
NIDECKI;349
OKRASZEWSKI;349
OPACH;349
OWSIANIK;349
RYBACZEK;349
RYNIEC;349
SACEWICZ;349
SŁOWICKI;349
SOLKA;349
SPRYSZYŃSKI;349
WAĆKOWSKI;349
WAŁECKI;349
WRZODAK;349
ZEGAREK;349
BOROVSKA;348
CHUPRYNA;348
CYGAŃSKA;348
DURMAJ;348
GRADECKA;348
HERZYK;348
HOROSZKIEWICZ;348
JAŚNIAK;348
KAMPKA;348
ŁĘSKA;348
MIĄSKOWSKA;348
OLEKSIIENKO;348
PYTLEWSKA;348
RÓŻEWSKA;348
SIEMIENIAK;348
SKLIAR;348
YUDINA;348
ŻAGLEWSKA;348
BIALIC;348
BISZCZANIK;348
BRALEWSKI;348
DULKO;348
DUPLAGA;348
DZITKOWSKI;348
GORYSZEWSKI;348
GRIGORYAN;348
GRUSZKIEWICZ;348
GUJA;348
LEPICH;348
LIPIAK;348
MAŁCZAK;348
MEGER;348
MŁODZIKOWSKI;348
OCZOŚ;348
OKARMA;348
PAWELAK;348
PRZYBYTEK;348
ROTUSKI;348
SALETRA;348
SULEJEWSKI;348
SURDYKA;348
SZKLANNY;348
ŚWIĄTECKI;348
TASIOR;348
WICHLIŃSKI;348
WIELGÓRSKI;348
ZGLINICKI;348
BAZIAK;347
CHERKASHYNA;347
CICHON;347
DENYSOVA;347
DUBOVA;347
DUŃSKA;347
GAWINEK;347
GĄGOROWSKA;347
GNIEWKOWSKA;347
GRUDKOWSKA;347
GWARDYS;347
JEDLIKOWSKA;347
KLAMECKA;347
KOPYDŁOWSKA;347
NECHYPORENKO;347
PELLOWSKA;347
PŁOSZYŃSKA;347
PUTOWSKA;347
SERWICKA;347
SPIŻEWSKA;347
SYCZEWSKA;347
TEMPSKA;347
WARAKOMSKA;347
WARDĘCKA;347
BEŁTOWSKI;347
BROCHOCKI;347
DUNAJEWSKI;347
GŁODZIK;347
GMIŃSKI;347
GOMULSKI;347
GRAMS;347
GRYBEL;347
KORDEL;347
KURAL;347
MOSIEJ;347
OBLIZAJEK;347
OKRASIŃSKI;347
PAK;347
PERYT;347
PRASAŁ;347
PUTON;347
RUSTAMOV;347
SARZAŁA;347
SMOLSKI;347
SPRENGEL;347
STĄPOREK;347
STĘPLOWSKI;347
TEKLIŃSKI;347
UBYCH;347
WOJDAŁA;347
BANACKA;346
BEBAK;346
CICHEWICZ;346
CZAPRACKA;346
DZIEMBOWSKA;346
GRZEGÓRSKA;346
JARMOLIŃSKA;346
KLATT;346
KOLIADA;346
KUCH;346
LESIECKA;346
ŁOPATOWSKA;346
MACISZEWSKA;346
MAIBORODA;346
MORHUN;346
NIEMCZYCKA;346
ORDAK;346
PILŚNIAK;346
PRZERADZKA;346
ROZHKO;346
RUDAŚ;346
WAWRYSZUK;346
WYROZUMSKA;346
YUSHCHENKO;346
ZAKOŚCIELNA;346
BYKOV;346
CZAMARA;346
CZUBERNAT;346
DŁUBAŁA;346
DOLSKI;346
GRALEC;346
HARACZ;346
KORBAN;346
KOZACZKA;346
KOZIAR;346
KRYSZTOFIK;346
KRYSZTOFOWICZ;346
MASTAJ;346
MAZANOWSKI;346
PAPKA;346
PUCHTA;346
RZESZOTEK;346
SARKOWICZ;346
SARNICKI;346
SIEKLICKI;346
SMYRAK;346
SZCZEPARA;346
SZPILKA;346
TYRAŃSKI;346
WARAKOMSKI;346
BALCERSKA;345
BASIUK;345
BROCHOCKA;345
BUJOCZEK;345
CHAMERSKA;345
GÁBOR;345
GUZIOR;345
HERKT;345
JARZOMBEK;345
KROCZYŃSKA;345
KULBICKA;345
LEMPA;345
OKONEK;345
OSTROWICKA;345
PISARKIEWICZ;345
PRZELIORZ;345
PUZIK;345
ROSAK;345
STRZEMECKA;345
SZRAMOWSKA;345
ŚWIERZEWSKA;345
TOMANA;345
VDOVYCHENKO;345
ZNYK;345
AMBROZIEWICZ;345
BINIAK;345
CHOMICZEWSKI;345
ĆWIOK;345
DOMASZK;345
DUSZEŃKO;345
DZIADUCH;345
DZIAŁEK;345
GILOWSKI;345
GOJTOWSKI;345
GRYSZKO;345
GWIZD;345
KAŁASKA;345
KOPIECKI;345
KORDOS;345
KRAWCEWICZ;345
KUCHNOWSKI;345
LEBIECKI;345
LIŻEWSKI;345
MIELEWSKI;345
NOGALA;345
OBŁĄK;345
OSKWAREK;345
PLINTA;345
PYCIA;345
RADOSZEWSKI;345
SMOŁUCH;345
SMYRNOV;345
SYPOSZ;345
TYSZER;345
BRUDNIAK;344
DZIEMIDOWICZ;344
DZIRBA;344
JARZĄBKOWSKA;344
KNYSH;344
LOZOVA;344
MORZYŃSKA;344
SOBOCKA;344
TOMICA;344
WITTEK;344
ZĄBKOWSKA;344
ANUSIEWICZ;344
BRDAK;344
CICHACKI;344
CIUĆKA;344
DZIÓBEK;344
FELDMAN;344
GORZAŁA;344
GRABIA;344
GRADECKI;344
GRUŹLEWSKI;344
HABAS;344
JACHIMEK;344
KANKOWSKI;344
KŁAPUT;344
KŁYŻ;344
KOŹLAREK;344
KUCHNIA;344
KWICZALA;344
MIETELSKI;344
ODZIEMCZYK;344
OMELAŃCZUK;344
PONICKI;344
SAŁAJ;344
SAŁKOWSKI;344
SEKUNDA;344
SZYGENDA;344
WYDMAŃSKI;344
WYTRWAŁ;344
ZYWERT;344
BARCHAŃSKA;343
BODNARCHUK;343
BYK;343
DREWS;343
KLEPCZAREK;343
KOSTIV;343
LANKIEWICZ;343
LESYK;343
MOSTOVA;343
MUSIŃSKA;343
SIMLAT;343
SOBUCKA;343
SOWADA;343
SPRYSZYŃSKA;343
STĘPOWSKA;343
ŚWIĘTONIOWSKA;343
TERESIŃSKA;343
ZMARZŁA;343
ABRAMSKI;343
BALCERSKI;343
BĘBAS;343
DYBCIO;343
FEDORCZUK;343
FERDYNUS;343
GAŁUS;343
GORCZYCKI;343
JARZĄBKOWSKI;343
KIEĆ;343
KOCIUBIŃSKI;343
KUŹDUB;343
MASARCZYK;343
MIKOWSKI;343
NIKONIUK;343
NOSOWSKI;343
NOŻYŃSKI;343
ODROBIŃSKI;343
PADIASEK;343
PLACHA;343
PŁOSZYŃSKI;343
POŁATYŃSKI;343
PRZYBEK;343
PTACH;343
REMBECKI;343
ROZWAŁKA;343
SĄCZEK;343
SĘDKOWSKI;343
STRAMSKI;343
STRZEMECKI;343
STRZEŻEK;343
WOJDAN;343
WRODARCZYK;343
WYRĘBEK;343
ZIEWIEC;343
AGATOWSKA;342
BORODINA;342
KOENIG;342
LASSAK;342
LISOVSKA;342
LYSKO;342
MATUSEK;342
MIĄZEK;342
SADOVSKA;342
STUDENCKA;342
TROCHOWSKA;342
TUKAJ;342
WASIELA;342
ZWARDOŃ;342
BALCAREK;342
BEDA;342
BELNIAK;342
BIESZK;342
BUNIOWSKI;342
CHOJKA;342
CNOTA;342
GARSZTKA;342
GOLECKI;342
GRYGLAS;342
HANULA;342
HAUKE;342
JAŚNIEWICZ;342
KICZKA;342
KIERUZEL;342
KLAPA;342
KOCHALSKI;342
MAJDER;342
MALYI;342
MITKO;342
ORAMUS;342
PACZEŚ;342
PLESIŃSKI;342
PUCHOWSKI;342
RAFAŁOWICZ;342
SKÓRZYŃSKI;342
SOBONIAK;342
STOŃ;342
SZESZUŁA;342
SZULTA;342
TOMPOROWSKI;342
TOTA;342
TURBAK;342
WILCZKOWSKI;342
WYROZUMSKI;342
ZĄBKOWSKI;342
BARYCKA;341
BUDYNEK;341
CHAJĘCKA;341
CHOLEWICKA;341
CIESIOŁKIEWICZ;341
CZAKON;341
DIDUKH;341
GRUBSKA;341
GUMUŁKA;341
GZOWSKA;341
KOBER;341
KUCZKO;341
MIŚTAL;341
NAROWSKA;341
ORDA;341
PALCZYŃSKA;341
PRUSKO;341
RAJEWICZ;341
SZAFRON;341
SZNAPKA;341
WALCZYNA;341
AHMAD;341
BRYSIAK;341
BZDYRA;341
ĆWIKLIK;341
DRAMIŃSKI;341
FOKT;341
GRZMIL;341
HO?NG;341
IRACKI;341
KOROLOV;341
KOSZTYŁA;341
KOŹLUK;341
KRZEWINA;341
LEGIEĆ;341
LULEWICZ;341
MACHCIŃSKI;341
MACISZEWSKI;341
MOSEK;341
PRYCIAK;341
PUZOŃ;341
STOLARCZUK;341
SZKÓŁKA;341
TARACHA;341
TUROS;341
ULENBERG;341
BENISZ;340
BOHUN;340
CIECHACKA;340
DEINEKA;340
FILUSZ;340
GARDECKA;340
GORYSZEWSKA;340
GREGOR;340
JACHYMEK;340
JANOSKA;340
KANIAK;340
KOMORNICKA;340
KOTLIAR;340
KRAJKA;340
KROPIELNICKA;340
OTFINOWSKA;340
PFEIFER;340
PODLEJSKA;340
REIZER;340
RUSINOWICZ;340
RYZNER;340
STEFANISZYN;340
STEGLIŃSKA;340
STELMASZEK;340
UCHACZ;340
BŁOCHOWIAK;340
BRACISZEWSKI;340
BURKACKI;340
CHAIKOVSKYI;340
DYDYNA;340
GAJDOWSKI;340
KASPROWSKI;340
KUSIOR;340
KYSELOV;340
LODZIŃSKI;340
ŁĘSKI;340
MATERNOWSKI;340
NAZIM;340
RZYSKI;340
SPIŻEWSKI;340
STANNY;340
SZKUTA;340
WADECKI;340
ŻERAŃSKI;340
BIENIASZEWSKA;339
BURCHACKA;339
CIBIS;339
FLORIAŃCZYK;339
GIBOWSKA;339
GMIŃSKA;339
HAJTO;339
KEMPCZYŃSKA;339
KIERAS;339
MATYLA;339
PASZEWSKA;339
RYTELEWSKA;339
SKRYPKA;339
SMORCZEWSKA;339
STOKOWIEC;339
WIELGÓRSKA;339
ANKLEWICZ;339
BRATKO;339
DOBRODZIEJ;339
FOREMNY;339
GOSZCZYCKI;339
GZOWSKI;339
KIEŁCZYŃSKI;339
KURANTOWICZ;339
KUROWICKI;339
KWIATOSZ;339
LISZKIEWICZ;339
ŁOBOS;339
ŁOSIK;339
ŁUKASZCZUK;339
MATWIEJ;339
OLENDEREK;339
OLIŃSKI;339
OSTATEK;339
PARZNIEWSKI;339
PĘDZISZ;339
PIPCZYŃSKI;339
REUT;339
RUKAT;339
SZECÓWKA;339
ŚRODOŃ;339
ŚWIECZAK;339
TERESIŃSKI;339
WARDĘCKI;339
ZAKOŚCIELNY;339
BORAL;338
BORSZCZ;338
CIMEK;338
FUNK;338
GODZIEK;338
GRACZKOWSKA;338
IGNACZEWSKA;338
JADOWSKA;338
JASZEK;338
KANDULSKA;338
KARWAŃSKA;338
ŁAGAN;338
MUCHARSKA;338
OBAJTEK;338
SALSKA;338
SIWOŃ;338
SOPIŃSKA;338
SYBILSKA;338
SZPILSKA;338
WOJTACZKA;338
ADRYCH;338
BARYŁKA;338
BATYCKI;338
BRZUSZEK;338
CHAJĘCKI;338
CHODOREK;338
CYMERYS;338
DĄDELA;338
DOMINOWSKI;338
DZIEL;338
DZIEPAK;338
JÓŹWIAKOWSKI;338
KAPSA;338
KURZEPA;338
LAL;338
LIMANÓWKA;338
LIZAKOWSKI;338
MACHOCKI;338
MAMET;338
MANTAJ;338
NOWOTNIAK;338
OSAJDA;338
PERTEK;338
PIGŁOWSKI;338
POLACZYK;338
RZEWNICKI;338
SAŁĘGA;338
SKORACKI;338
SOCHAN;338
STUDENCKI;338
SZMANIA;338
SZOSTAKOWSKI;338
TAFELSKI;338
WISEŁKA;338
WYPART;338
BADZIAK;337
BIBIK;337
DITTRICH;337
DZIECIĄTKOWSKA;337
GADAWSKA;337
GIZICKA;337
GROMOWSKA;337
GRUŹLEWSKA;337
HRYTSAI;337
KACHAN;337
KOZUBOWSKA;337
KUCHERIAVA;337
MAKSIMIUK;337
NAGADOWSKA;337
PSZONAK;337
RZEWNICKA;337
SALIŃSKA;337
SLIUSAR;337
SOŚNIERZ;337
SZYMACHA;337
TRAFAS;337
TURNIAK;337
WOJTUSIAK;337
WYPIJEWSKA;337
ŻYCZYŃSKA;337
ALBRYCHT;337
BARCHAŃSKI;337
CZOSNEK;337
DZIARSKI;337
GAJEWICZ;337
GIELEC;337
GLINA;337
GÓRNOWICZ;337
GRUBECKI;337
GRUDNIK;337
JARMOLIŃSKI;337
JONAS;337
KOPYŚ;337
KRZYWKOWSKI;337
LASZCZKOWSKI;337
LASZKOWSKI;337
ŁUCZKO;337
MAKAREVICH;337
NIEMCZYCKI;337
PAVLYSHYN;337
PELLOWSKI;337
PIELOCH;337
PORCZYK;337
RATOWSKI;337
SATOŁA;337
SHAH;337
SOBOCKI;337
SUSŁO;337
WIĘCKOWICZ;337
WILKIEWICZ;337
ZIENIUK;337
ZIMECKI;337
BORGOSZ;336
BRYTAN;336
CHODYNA;336
CZAPOR;336
DZIEMBA;336
GRĘBSKA;336
IGLIŃSKA;336
JAROTA;336
JUROWSKA;336
KORZYCKA;336
KURLAPSKA;336
KWAŚNICA;336
LICZBIŃSKA;336
OKRASIŃSKA;336
PACZEŚNA;336
POŁATYŃSKA;336
RADGOWSKA;336
SASIELA;336
STEMPNIEWICZ;336
SZOSTAKOWSKA;336
ŚWIĄTECKA;336
TURZAŃSKA;336
WĘGLICKA;336
ZAPAŁOWSKA;336
BĄCAL;336
BIEGA;336
BŁASZKÓW;336
BYRTEK;336
CIECIELĄG;336
DESZCZYŃSKI;336
FABICH;336
GEMBALCZYK;336
GOŁACKI;336
JEDUT;336
JURASIK;336
KAJKA;336
KRASNOPOLSKI;336
KRIGER;336
KROT;336
ŁABIAK;336
MAŚNICA;336
MERMER;336
MIELESZKO;336
PETELSKI;336
PICHLAK;336
POMIAN;336
SZALBOT;336
SZOFER;336
WĘGLICKI;336
ZARAŃSKI;336
BASARAB;335
DERENGOWSKA;335
KARLAK;335
MELERSKA;335
MOLDOVAN;335
PACZESNA;335
REMISZ;335
SĘDKOWSKA;335
SKÓRZYŃSKA;335
SZTABIŃSKA;335
TRACH;335
TRUSKOLASKA;335
BACZKOWSKI;335
BEGER;335
BŁESZYŃSKI;335
BRYG;335
CZECZKO;335
GARDECKI;335
IZYDOREK;335
JAKUSZ;335
JAMROZIAK;335
JASIECKI;335
JEDLIKOWSKI;335
KĘCIK;335
KOBIEROWSKI;335
KUCAL;335
LICHY;335
MACHEL;335
MARCZYKOWSKI;335
MATŁOKA;335
MICHURA;335
PAŃKA;335
PAZURA;335
RATUSZNIAK;335
ROMEL;335
ROMIK;335
SKWIERCZ;335
SOBIERSKI;335
SOWUL;335
SYNOWIECKI;335
SZCZUPAKOWSKI;335
TULEJ;335
WÓDZ;335
WYCZYŃSKI;335
ZAGATA;335
ZAPAŁOWSKI;335
ZGUTKA;335
ŻYCZYŃSKI;335
ABRAMSKA;334
AGACIŃSKA;334
BUDYTA;334
BURKOWSKA;334
CYMBALISTA;334
CZYPIONKA;334
DERBICH;334
DOMINOWSKA;334
DRAMIŃSKA;334
FIŁONOWICZ;334
KACPURA;334
KISIAŁA;334
KOBIEROWSKA;334
KOŁOS;334
PETELSKA;334
PLESIŃSKA;334
PRĄTNICKA;334
PRUSZAK;334
WAĆKOWSKA;334
WALESIAK;334
WODARCZYK;334
BISKUPEK;334
BONOWICZ;334
FEDER;334
FOJUT;334
JARACZEWSKI;334
KATRA;334
KAZLOU;334
KEMPCZYŃSKI;334
KŁYŚ;334
KOŁOCZEK;334
KROCZYŃSKI;334
KWAŚNIEWICZ;334
KYĆ;334
MAGDZIAREK;334
MATYKIEWICZ;334
OSTROWICKI;334
PAŁOSZ;334
PILIS;334
SYCZEWSKI;334
TABERSKI;334
TARASZKA;334
TĘCZAR;334
WIDZIŃSKI;334
WIKIEŁ;334
WIKLIŃSKI;334
WOŁOWIK;334
WYLEŻOŁ;334
DZITKOWSKA;333
GLINIAK;333
IGNACY;333
JĘDROCHA;333
KARDASH;333
KULASZEWSKA;333
PINTAL;333
PIPCZYŃSKA;333
PISKOZUB;333
PYSARENKO;333
RADOCHOŃSKA;333
REVA;333
SERHIEIEVA;333
VOROBEI;333
WAŁECKA;333
WESELAK;333
WOJCIŃSKA;333
ZAŃKO;333
ZIMECKA;333
ANIOŁEK;333
BAZAK;333
CHLASTA;333
CZAPLEJEWICZ;333
DOLOT;333
FITUCH;333
GARDAS;333
GARLEJ;333
KAŁMUK;333
KLOZA;333
KRÓLICZEK;333
KRZYSTANEK;333
LABA;333
MANDRELA;333
MELKOWSKI;333
MOREL;333
MOZOL;333
NIEDUŻAK;333
ORZELSKI;333
PAJESTKA;333
PSUJEK;333
RABSKI;333
SOBERA;333
STRZĄBAŁA;333
ŚWIERZBIŃSKI;333
TOCHA;333
TUMIŃSKI;333
WENDERLICH;333
WYBRANOWSKI;333
ZAGROBA;333
BALCEROWICZ;332
BIEDRAWA;332
BUCHOWIECKA;332
CZERNIA;332
HALINIAK;332
JARZĘBAK;332
JOCHEMCZYK;332
KĘDZIERAWSKA;332
KIPER;332
KOLAŃCZYK;332
KUCHNOWSKA;332
ŁEPECKA;332
ŁĘPICKA;332
MACEWICZ;332
MURASZKO;332
OLIŃSKA;332
PETRYSZYN;332
SKONECKA;332
SKORACKA;332
TURKOT;332
VASYLEVSKA;332
VOZNA;332
WIDZIŃSKA;332
BACHTA;332
BARYCKI;332
DYKIEL;332
GROCHOLEWSKI;332
GROTA;332
GURDZIEL;332
JAMIOŁ;332
KARCZMARSKI;332
KHOMA;332
KLICKI;332
KLIMZA;332
KURLAPSKI;332
KUŹMIAK;332
LEMIECH;332
LENDZIOSZEK;332
NAWIEŚNIAK;332
NOSKOWICZ;332
OGRODNICZAK;332
OPĘCHOWSKI;332
PADULA;332
SZARLEJ;332
SZROMEK;332
WIĘCASZEK;332
WITKOŚ;332
BARNOWSKA;331
BIKOWSKA;331
BRALEWSKA;331
DECOWSKA;331
DEMYDENKO;331
FEDYNA;331
GABRYELSKA;331
JAKIELASZEK;331
KAJKOWSKA;331
KASPROWSKA;331
KIŻEWSKA;331
KŁOSZEWSKA;331
KONONIUK;331
MIŚTAK;331
PRUDŁO;331
TREPKOWSKA;331
WICHERT;331
ZAWOJSKA;331
ARTEMIUK;331
BICKI;331
BOJEK;331
DANAJ;331
DAŃDA;331
DEKOWSKI;331
DREWCZYŃSKI;331
FALARZ;331
GOCŁOWSKI;331
HARMATA;331
HORWAT;331
HUZARSKI;331
KAPEL;331
KIPKA;331
KLEMENTOWSKI;331
KUKLEWSKI;331
KURYS;331
KWARCIANY;331
LIK;331
MATYSZCZYK;331
OPIŁKA;331
PLECH;331
PORZYCKI;331
PYRCZ;331
RADZYMIŃSKI;331
RĘBOWSKI;331
SKRZYSZOWSKI;331
STERCZEWSKI;331
SZPARAGA;331
TURZAŃSKI;331
WOJTKÓW;331
WÓDKOWSKI;331
WROTNIAK;331
ZABOLOTNYI;331
BOSACKA;330
DZIARNOWSKA;330
GAJDOWSKA;330
KLEMENTOWSKA;330
KRASOVSKA;330
MAŁACZEK;330
MOSKALIUK;330
NECHYPORUK;330
RUPNIEWSKA;330
STACHLEWSKA;330
TABERSKA;330
WĄGIEL;330
WIELOWSKA;330
WYCZYŃSKA;330
ZDZIECHOWSKA;330
BIENIASZEWSKI;330
CEBAN;330
CHODOWIEC;330
DAŚKO;330
GAGAT;330
GZELLA;330
JASKÓŁOWSKI;330
JUROWSKI;330
KIŻEWSKI;330
KLECZYŃSKI;330
KORSZEŃ;330
LIPKO;330
PAZUR;330
PIESIO;330
RADOJEWSKI;330
SZCZURKO;330
TANDECKI;330
WIĘSYK;330
WODYK;330
ZATYLNY;330
GARDZIELEWSKA;329
GŁOWINKOWSKA;329
GRABCZYŃSKA;329
GURDEK;329
JOJKO;329
KILIJAŃSKA;329
KLENIEWSKA;329
MACUDZIŃSKA;329
MAZANOWSKA;329
MĄDROWSKA;329
RADZYMIŃSKA;329
SKORA;329
SOKOLIK;329
SZOJDA;329
TEKLIŃSKA;329
WALENDA;329
ALIEKSIEIEV;329
BACHORZ;329
BALCERZYK;329
CHABASIŃSKI;329
CYGANOWSKI;329
DOMURAT;329
FIERKA;329
HUĆ;329
KIECZKA;329
KOMAROV;329
KONDEK;329
KOPYDŁOWSKI;329
LACKOWSKI;329
LIPIECKI;329
LOTKO;329
NIŹNIK;329
OKRĘGLICKI;329
OLEKSYN;329
ONOSZKO;329
ONYSZKO;329
RYNG;329
SKONECKI;329
SZAFLIK;329
SZTABIŃSKI;329
SZUDY;329
SZYDLAK;329
WIESZOŁEK;329
WOŹNICZAK;329
WULCZYŃSKI;329
BARTUZI;328
BERNAD;328
DOBRANOWSKA;328
ETMAŃSKA;328
GOLECKA;328
HUDYMA;328
KAJEWSKA;328
KASOWSKA;328
KOZYRSKA;328
MĘCINA;328
POMASKA;328
PONICKA;328
PUDZIANOWSKA;328
RACZKO;328
RINGWELSKA;328
SKRZYPSKA;328
TOMKIEL;328
TUMIŃSKA;328
WASĄG;328
ZIACH;328
ABRAMOV;328
CHODÓR;328
CHROBOCIŃSKI;328
CIERPIKOWSKI;328
CYNIAK;328
CZARNUCH;328
DOMBROVSKYI;328
DUNAT;328
FRĄCEK;328
GADAJ;328
GRZĘDZICKI;328
HERC;328
KAPUT;328
KASOWSKI;328
KASS;328
KLAUZA;328
KOĆ;328
KOPERWAS;328
KOŹMA;328
ŁUPKOWSKI;328
NARWOJSZ;328
ORGANEK;328
OŚWIECIŃSKI;328
PAPLIŃSKI;328
PODGÓRNI;328
PONDO;328
PRZYBORSKI;328
RADOCHOŃSKI;328
RYCHLEWICZ;328
SAŁAMACHA;328
SERWICKI;328
STACHLEWSKI;328
STANKOWIAK;328
STĘPOWSKI;328
SZRETER;328
ŚWIDA;328
TARASIŃSKI;328
TYSZECKI;328
WSZĘDYBYŁ;328
WYPASEK;328
ZALESIŃSKI;328
ŻERDZIŃSKI;328
ANDERSON;327
BAŚCIK;327
CICHACKA;327
CZERMIŃSKA;327
DURASIEWICZ;327
JASIECKA;327
JELITO;327
KRZACZEK;327
KRZYWIEC;327
LACKOWSKA;327
ŁOSKOT;327
OLEJNICKA;327
PACUT;327
PECZYŃSKA;327
SZAST;327
TYSZECKA;327
WALAWENDER;327
WŁODARKIEWICZ;327
ZIEMKOWSKA;327
BIADACZ;327
CETNAR;327
CIEPŁOWSKI;327
DOLNIAK;327
DZIEMIAN;327
HELUSZKA;327
KARPAŁA;327
KLEJ;327
KOMANIECKI;327
KOZUBOWSKI;327
KRĘT;327
KUSZNERUK;327
LELEŃ;327
ŁAZAR;327
MARTYŃSKI;327
MOLICKI;327
MOSZ;327
OGŁOZA;327
PODLASZEWSKI;327
PROTAS;327
PRZEPIÓRKOWSKI;327
ROPELEWSKI;327
RZESZOT;327
SERBA;327
SOŁTYSIŃSKI;327
STABLA;327
ANDRUSIEWICZ;326
BARTOL;326
BISEWSKA;326
BRONDER;326
BURLAKA;326
DOLSKA;326
DUTCHAK;326
GROSMAN;326
KISTER;326
NESTEROVA;326
PĘCHERZEWSKA;326
RADAJEWSKA;326
RZEPLIŃSKA;326
SEMENCHUK;326
SOŁTYSIŃSKA;326
STYKOWSKA;326
SZEJNA;326
WAROT;326
ŻARNECKA;326
BEDRA;326
BIBER;326
BONIEK;326
BUCHOWIECKI;326
CIECIERA;326
DZIEMIŃSKI;326
GODAWA;326
KAZAŁA;326
KUCIO;326
LIGAJ;326
MOC;326
MODRAK;326
MROZICKI;326
PALUSZCZAK;326
PATAN;326
PŁOTEK;326
PUSZKA;326
RADŁO;326
RÓŻEWSKI;326
SŁABOSZEWSKI;326
SZLAGOR;326
TAFLIŃSKI;326
TROJAŃSKI;326
TRZYBIŃSKI;326
TUMIDAJEWICZ;326
UCHTO;326
WYSOWSKI;326
ANDRUSZEWSKA;325
BĘDZIŃSKA;325
BOSA;325
BRUCH;325
FIKS;325
GRELEWICZ;325
HORDEJUK;325
HRYSHKO;325
ISMAILOVA;325
JARACZEWSKA;325
KANECKA;325
KIŃSKA;325
KRYZHANIVSKA;325
KUDEŁKO;325
LIAKH;325
LYTOVCHENKO;325
MARKEVYCH;325
METERA;325
MICUŁA;325
MOSIICHUK;325
MOSLER;325
NIEMIROWSKA;325
PARKA;325
PFEIFFER;325
PORZYCKA;325
POTULSKA;325
PURWIN;325
RADCHUK;325
RĘBOWSKA;325
RYTYCH;325
STAROSTECKA;325
SUROWIAK;325
ZYŚKO;325
BALAK;325
BRAK;325
GĘBCZYK;325
GIERŁOWSKI;325
GRĄCZEWSKI;325
GWOŹDZIK;325
HAŁAJ;325
ISAIEV;325
JEMIELITY;325
JERZYKOWSKI;325
JEZIAK;325
KANECKI;325
KIERPIEC;325
KIMLA;325
KROGULSKI;325
KUPRACZ;325
KURSZEWSKI;325
KUSZTELAK;325
MELERSKI;325
MUSIELSKI;325
PIASKOWY;325
PRUSS;325
STANIECKI;325
STYPIŃSKI;325
STYSIAK;325
SZABLAK;325
ADAMECZEK;324
BAWOR;324
BYRDY;324
CHRÓSZCZ;324
GOŁOSZ;324
HULA;324
IVANYTSKA;324
JASZKOWSKA;324
JONDA;324
KANABUS;324
KARBOWA;324
KIEŁCZYŃSKA;324
KRANZ;324
KURSZEWSKA;324
MACHCIŃSKA;324
MAJDZIŃSKA;324
OBERSKA;324
OSIPOVA;324
PAJĘCKA;324
PINKAS;324
PŁASKA;324
RAJWA;324
RYCYK;324
YEMELIANOVA;324
BAŁAGA;324
BOCH;324
BRASZKA;324
CIARA;324
CWAJNA;324
CZERNIEWICZ;324
DUŹNIAK;324
DYŚKO;324
FILO;324
GABRYELSKI;324
HASSAN;324
IGNACZEWSKI;324
KAWIORSKI;324
KLIZA;324
LAS;324
ŁUCIUK;324
MALESZYK;324
MĄDROWSKI;324
NIESIOŁOWSKI;324
ONAK;324
SKIBOWSKI;324
SKRĘTOWSKI;324
SZARSZEWSKI;324
ŚCISŁO;324
TEODORCZUK;324
TOCZYŁOWSKI;324
WARDYN;324
BACZKOWSKA;323
BARYLAK;323
DUBIELECKA;323
EWERT;323
HAŁUSZCZAK;323
HORN;323
IRACKA;323
JAWOROWICZ;323
KREJA;323
KRZYŚ;323
LEŃSKA;323
MANDRYK;323
PANDEL;323
PODHORODECKA;323
POWAGA;323
RINK;323
STĘŻYCKA;323
STRACHOTA;323
SZTYBER;323
WIELEMBOREK;323
YASINSKA;323
ZDUŃCZUK;323
ABRAHAM;323
ALAMA;323
BABCZYŃSKI;323
BANKIEWICZ;323
BAWOLSKI;323
BORYSZEWSKI;323
CYCOŃ;323
CZĘPIŃSKI;323
DOBCZYŃSKI;323
FEDOTOV;323
IBRAHIM;323
KARWAŃSKI;323
KISIOŁEK;323
KRAK;323
KRZEŚLAK;323
KURLETO;323
MATAK;323
MIROTA;323
PIĘKNY;323
PINKOSZ;323
PŁOCH;323
PŁOCHA;323
PORA;323
RONOWICZ;323
RYNGWELSKI;323
SZCZUTKOWSKI;323
TYCZKOWSKI;323
TYLSKI;323
UTNIK;323
ZAZULA;323
ZIEMIAN;323
AFFEK;322
BABCZYŃSKA;322
BENKE;322
BORCZYŃSKA;322
CZĘSTOCHOWSKA;322
DZIAŁACH;322
GASZKA;322
GILOWSKA;322
GOMULSKA;322
GROCHOLEWSKA;322
GRUBECKA;322
GURSKA;322
HURKO;322
JASKÓŁOWSKA;322
KOPIECKA;322
KUKLEWSKA;322
LUTOWSKA;322
ŁABIŃSKA;322
MENDREK;322
PANUFNIK;322
PARZNIEWSKA;322
ROST;322
RZETELSKA;322
SIRA;322
SZCZUTKOWSKA;322
ŚWIERZ;322
TOCZYŁOWSKA;322
TULIŃSKA;322
ZNISZCZOŁ;322
BOCHIŃSKI;322
CHAJEWSKI;322
CZYŻO;322
DAJCZAK;322
DYBKOWSKI;322
GAJER;322
GARBICZ;322
GASZYŃSKI;322
GAWIOR;322
GĘDEK;322
GUGUŁA;322
HUTNY;322
JÓSKOWSKI;322
JUSZCZYSZYN;322
KAVALCHUK;322
KOVALYK;322
KUCAŁA;322
KULCHYTSKYI;322
KURS;322
LEDZIŃSKI;322
ŁOPACIUK;322
MARTOWICZ;322
MĄCZEWSKI;322
MOLCHANOV;322
NOVIKAU;322
PILNY;322
PORZUCZEK;322
POTAPOV;322
RADGOWSKI;322
RUSS;322
SALSKI;322
SETLA;322
STĂNESCU;322
STAWNY;322
ŚWINOGA;322
WYCHOWAŁEK;322
ZIEMKOWSKI;322
ZWARYCZ;322
BÖHM;321
DREWCZYŃSKA;321
DROŻDŻEWSKA;321
GASZYŃSKA;321
GOŚCICKA;321
JÓŹWIAKOWSKA;321
KALASHNYK;321
KOCHALSKA;321
LITWICKA;321
ŁUĆ;321
MOLICKA;321
MROZICKA;321
NIEBIESZCZAŃSKA;321
PIGŁOWSKA;321
REZNICHENKO;321
ROMANKO;321
SHULIAK;321
SKRZYSZOWSKA;321
STERCZEWSKA;321
WAJMAN;321
ZBYSZYŃSKA;321
BIELESZ;321
CZAPIŃSKI;321
DERENGOWSKI;321
GAJDAMOWICZ;321
GIBOWSKI;321
GRZEBALSKI;321
HACZYK;321
JACHEĆ;321
JAKSIK;321
JENDRZEJCZAK;321
JURANEK;321
KALIŚ;321
KARWICKI;321
KAWALER;321
KUĆMA;321
KURZYNOGA;321
LAMPKOWSKI;321
LEONOV;321
MACUDA;321
MINOR;321
MORZYŃSKI;321
MYSIAKOWSKI;321
PANIC;321
PIECHULA;321
POSIADAŁA;321
RZEPNIEWSKI;321
SAKS;321
SASAL;321
STARCZYK;321
ŚLADEWSKI;321
WĘGLORZ;321
WÓJKOWSKI;321
WRÓBLEWICZ;321
ZIEJEWSKI;321
BEZPALKO;320
BIELENDA;320
BIRIUKOVA;320
CEMPEL;320
CUDNIK;320
DEMEL;320
DOMASZEWICZ;320
FRYZ;320
GARBACZEWSKA;320
GUZEWICZ;320
HABEL;320
JAKIMIEC;320
MANIEWSKA;320
MIDOR;320
MIŁOWSKA;320
MŚCICHOWSKA;320
MURAŃSKA;320
OBREMSKA;320
OŚWIECIŃSKA;320
PARYŻ;320
PLEWNIAK;320
RADZIEJ;320
RATOWSKA;320
SAŁKOWSKA;320
SKARBIŃSKA;320
SKIBOWSKA;320
SKRZECZYŃSKA;320
SZUBZDA;320
ŚMIAŁOWSKA;320
WADECKA;320
WILCZKOWSKA;320
YUZEPCHUK;320
ZIELENKIEWICZ;320
BEREŻAŃSKI;320
CYLKA;320
DAJNOWSKI;320
DALEKI;320
FARYS;320
GAĆ;320
HATALA;320
HERKA;320
KILIJAŃSKI;320
KORZYCKI;320
KOZARZEWSKI;320
KRZEMIENIEWSKI;320
LEMBICZ;320
MINGE;320
MISTERSKI;320
MŁYNARCZUK;320
OKTABA;320
OPAŁA;320
OTLEWSKI;320
PIEPRZAK;320
SAVITSKYI;320
SKRZECZYŃSKI;320
ŚCIERSKI;320
ŚLIWAKOWSKI;320
TRUSKOLASKI;320
WDZIĘCZNY;320
ZAWOJSKI;320
ZMORZYŃSKI;320
BACHYNSKA;319
BOBKIEWICZ;319
BUKOWIŃSKA;319
BUNIOWSKA;319
FIGUŁA;319
GALLUS;319
IVCHENKO;319
JAKUĆ;319
KAWIORSKA;319
KOMASA;319
KOZACHOK;319
KRAFCZYK;319
KRUPOWICZ;319
KYSIL;319
LIPUT;319
MACHELSKA;319
MARCZYKOWSKA;319
MUSIELSKA;319
NAMYSŁOWSKA;319
POP;319
ROZKOSZ;319
RUDNYTSKA;319
SHEPEL;319
TORUŃ;319
TYLSKA;319
WIETECKA;319
WULCZYŃSKA;319
WYSOWSKA;319
BIAZIK;319
BONKOWSKI;319
COPIJA;319
DŁUŻAK;319
FORYSTEK;319
GARDZIELEWSKI;319
GIERADA;319
JANICZAK;319
KLATA;319
KLEINERT;319
KŁOPOTEK;319
KUCHNA;319
LEŃSKI;319
LUTOWSKI;319
ŁABIŃSKI;319
MACHAŁOWSKI;319
MIĄSEK;319
MOSIONEK;319
NALEŻYTY;319
PAJĘCKI;319
PELIKAN;319
PIENIĄDZ;319
POZIEMSKI;319
ROMANÓW;319
SOBUCKI;319
ŚLĄCZKA;319
ŚWIĘTONIOWSKI;319
WOJCIŃSKI;319
BALOH;318
CZAPIŃSKA;318
CZARZASTA;318
DYBKOWSKA;318
KOSMA;318
LEBIECKA;318
LIPECKA;318
NIEROBISZ;318
PATEJUK;318
POPARDOWSKA;318
ROLSKA;318
RYNGWELSKA;318
SIEKLICKA;318
SPAŁA;318
SZARSZEWSKA;318
WICZYŃSKA;318
ZBROIŃSKA;318
ZGŁOBICKA;318
ARAK;318
BŁĄD;318
BORYŚ;318
BOSACKI;318
BROSZKO;318
DROŻDŻEWSKI;318
DZIERLA;318
GNIEWKOWSKI;318
GONCERZ;318
KADŁUCZKA;318
KALISIEWICZ;318
KIERNOZEK;318
KOBRYN;318
LELIŃSKI;318
MURAWA;318
OLENDZKI;318
PARCHAŃSKI;318
PŁASZCZYK;318
POTERAŁA;318
PRANDZIOCH;318
ROGUS;318
ROZMYSŁOWSKI;318
RUBASZEWSKI;318
RUDKA;318
SKARBIŃSKI;318
SZCZECHOWIAK;318
ŚRAMA;318
WOŁODKO;318
ZWOLAN;318
ŻURAWIŃSKI;318
CHMAJ;317
DAJNOWSKA;317
GABER;317
GORGOSZ;317
KÜHN;317
ŁAKOMIAK;317
MACHOCKA;317
MACIEJASZ;317
MARTYŃSKA;317
MĄCZEWSKA;317
NAJGEBAUER;317
PRZYBORSKA;317
STRAMSKA;317
TESLENKO;317
YAREMA;317
YAROSH;317
ŻERDZIŃSKA;317
ANDREIEV;317
BŁOTNICKI;317
BOKUNIEWICZ;317
BRUDZ;317
CEREMUGA;317
CHAUDHARY;317
CHOMCZYK;317
CIELEBĄK;317
CIURKO;317
DAS;317
DECOWSKI;317
DOPART;317
DYNEK;317
ETMAŃSKI;317
GNAŚ;317
GORNOWICZ;317
HURYN;317
HUTEK;317
JACHYRA;317
KAWSKI;317
KOKOWICZ;317
KUBIEŃ;317
KUNDZICZ;317
LEBEDIEV;317
ŁEPECKI;317
ŁUKIEWICZ;317
MOŁOŃ;317
PARCHETA;317
PIEPRZ;317
PONIEWAŻ;317
REDLIŃSKI;317
SZALATY;317
WDOWSKI;317
ZABDYR;317
ŻYTKIEWICZ;317
BEGIER;316
BURIAN;316
BURKACKA;316
CHYZH;316
DADOS;316
FRAJ;316
GOJTOWSKA;316
HONTAR;316
KACHMAR;316
KISIL;316
KOMAJDA;316
NAJDUCH;316
NIEMCZYŃSKA;316
ORZEŁOWSKA;316
PALAMAR;316
PAPLIŃSKA;316
RESZEL;316
RONOWSKA;316
RZĄŻEWSKA;316
RZEPNIEWSKA;316
SALAK;316
SIEMKO;316
STECZKO;316
SZALENIEC;316
TARASIŃSKA;316
TROJAŃSKA;316
TSYBULSKA;316
WANKIEWICZ;316
WARTALSKA;316
ZIMON;316
BAŁDOWSKI;316
BĄBIK;316
BĄBKA;316
BERNECKI;316
BRUSIŁO;316
BUKOWY;316
CHEŁKOWSKI;316
CUDEK;316
CZEKIERDA;316
DRAWC;316
DUBIELECKI;316
FUJAK;316
GALEJ;316
GIGOŃ;316
GNIŁKA;316
GRADZIŃSKI;316
HAVRYLOV;316
KAJKOWSKI;316
KIEŁBOWSKI;316
KIŃSKI;316
KŁAPACZ;316
KOCAN;316
LEONARCZYK;316
LEWNA;316
LUBOŃ;316
MALTSEV;316
MARZYŃSKI;316
MEJZA;316
MYŚLIWY;316
OJDANA;316
ONYSZKIEWICZ;316
POKORNY;316
POLEWACZYK;316
POLEWCZYK;316
POMASKI;316
POTULSKI;316
ROŻKO;316
RZADKOSZ;316
RZETELSKI;316
SOBIŚ;316
STAROSTECKI;316
STODOLAK;316
SUTUŁA;316
SZYŁAK;316
TALACHA;316
TOMSKI;316
USTASZEWSKI;316
WYMYSŁOWSKI;316
ZATYKA;316
ZAWROTNIAK;316
ZĄBCZYK;316
ZBUCKI;316
ARASIMOWICZ;315
ATAMANIUK;315
BIARDA;315
BRACIK;315
CABAŃSKA;315
CYGANOWSKA;315
FILIPPOVA;315
KOPICKA;315
KOSIEWICZ;315
KOSOŃ;315
KRZEMIENIEWSKA;315
KUCHERUK;315
LUBOMSKA;315
MASIAREK;315
NADER;315
NIESIOŁOWSKA;315
NOVITSKA;315
NOŻYŃSKA;315
RESZKOWSKA;315
VELYKA;315
WYBRAŃSKA;315
ZALESIŃSKA;315
ZBUCKA;315
ADWENT;315
BIELAN;315
CYNAR;315
CZĄSTKA;315
CZŁAPA;315
FIRLUS;315
GAŁGAN;315
GESEK;315
GURSKI;315
KIJO;315
KLEDZIK;315
KLUNDER;315
KUCABA;315
LEWARTOWSKI;315
LIDWIN;315
ŁYDZIŃSKI;315
MALKOWSKI;315
NAGUSZEWSKI;315
NOWALSKI;315
OBROŚLAK;315
OCHOŃSKI;315
OGIERMAN;315
POLEWIAK;315
PRĘGOWSKI;315
RYCHŁY;315
SKROBAŁA;315
SZPONDER;315
WUJCZAK;315
ZBYSZYŃSKI;315
ZOWCZAK;315
BABICH;314
BATYCKA;314
BIZEWSKA;314
BŁOTNICKA;314
DONETS;314
FELCZYŃSKA;314
FLEJSZAR;314
GOŁACKA;314
GOŁOS;314
HROMOVA;314
JĘDRYSEK;314
JUDZIŃSKA;314
KIELISZCZYK;314
KRIL;314
ODACHOWSKA;314
POŁUBIŃSKA;314
POPLAVSKA;314
PORWOLIK;314
RECLIK;314
SAKHNO;314
SKRĘTOWSKA;314
SŁOWICKA;314
TAFELSKA;314
TANDECKA;314
TRĘBSKA;314
WARDOWSKA;314
WYŻGA;314
YARMOLIUK;314
BONIN;314
CABAK;314
CHILICKI;314
ĆWIELĄG;314
DULNY;314
DZIARNOWSKI;314
FILATOV;314
GARNEK;314
HARAS;314
HUSEYNOV;314
JASKUŁOWSKI;314
KLEPEK;314
KONOPELSKI;314
KOWALICKI;314
KUDAS;314
LEŃCZOWSKI;314
NIESYTO;314
OBERSKI;314
OPRZĄDEK;314
PARYLAK;314
POTORSKI;314
PYRCZAK;314
SMOKOWSKI;314
ŚNIADECKI;314
ŚREDNIAWA;314
TARWACKI;314
WARDOWSKI;314
WARIAS;314
WIECHECKI;314
WISZNIOWSKI;314
WŁUDYKA;314
WOŁEJKO;314
ZAMOROWSKI;314
ŻELEZIK;314
BARTOŁD;313
BILOUSOVA;313
BRYGIER;313
CZACH;313
DANKO;313
DUTKO;313
FABIŃSKA;313
GIERŁOWSKA;313
LIZAKOWSKA;313
MACHAŁOWSKA;313
MICHOWSKA;313
NIKODEMSKA;313
PIENTKA;313
POLONIS;313
RAUBO;313
SAFRONOVA;313
SPERKA;313
STANIECKA;313
STĘPLOWSKA;313
STRUPIECHOWSKA;313
SZWAJNOCH;313
WYBRANOWSKA;313
YEFIMOVA;313
YEROMENKO;313
BĘDZIŃSKI;313
BOCIĄGA;313
BRZEZINSKI;313
BUJAKIEWICZ;313
CHRAPKIEWICZ;313
DZIEŃ;313
FREDA;313
GAWĘDZKI;313
GUPTA;313
JACASZEK;313
JAKSA;313
JAKUBSKI;313
KROPACZ;313
KRZYŻOSIAK;313
KUBUS;313
LIPECKI;313
ŁĘTOCHA;313
MARTUSZEWSKI;313
MIKITIUK;313
MIŁASZEWSKI;313
NAMYSŁOWSKI;313
NERKOWSKI;313
OBIREK;313
PURCZYŃSKI;313
RAUS;313
ROGUSZCZAK;313
ROŻNIATA;313
SIROCKI;313
STERNICZUK;313
SZKIŁĄDŹ;313
ŚLEDZIONA;313
ŚMIAŁOWSKI;313
ŚNIEĆ;313
TYMICKI;313
UDDIN;313
WEJER;313
WIANKOWSKI;313
WOJTANEK;313
ZHAO;313
BĄKOWICZ;312
CHRÓŚCICKA;312
DOLINA;312
DONAT;312
DRESLER;312
FALENTA;312
FRYT;312
GORCZYCKA;312
IRZYKOWSKA;312
JEZIORO;312
KAZUBOWSKA;312
KIEL;312
KIELER;312
LIMANOWSKA;312
MALKOWSKA;312
MARECIK;312
NIKULINA;312
OSIPIAK;312
PIVEN;312
ROTUSKA;312
SAUER;312
SZWECH;312
ŚWIERZBIŃSKA;312
TIUTIUNNYK;312
TRACHUK;312
TRAFALSKA;312
TSURKAN;312
TYMICKA;312
WIĄCZEK;312
ZIELONA;312
BABIARCZYK;312
BARANIUK;312
BOBYK;312
BORCZYŃSKI;312
BYLEWSKI;312
CICHOSZEWSKI;312
FAJER;312
GORLEWSKI;312
KAMIEŃ;312
KOPICKI;312
KUCHNIO;312
KUROŚ;312
LIWAK;312
MIAH;312
OCIESA;312
OSIADŁY;312
PISKUŁA;312
RADAJEWSKI;312
SEBZDA;312
SMAGIEŁ;312
STANGRECIAK;312
STANKE;312
STĘŻYCKI;312
STRAUS;312
SULKA;312
TRZASKALSKI;312
WOJCIUCH;312
BURCHART;311
CHOROSZEWSKA;311
CICHOSZEWSKA;311
DYMON;311
FRANUS;311
HOŁOWIŃSKA;311
KONIUSZEWSKA;311
KORFANTY;311
LELIŃSKA;311
OBERC;311
PASTERSKA;311
RADZIMOWSKA;311
SZYKOWNA;311
WIENCH;311
WITOSŁAWSKA;311
WŁOCZEWSKA;311
ZAJDLER;311
BRYSKA;311
DONOCIK;311
HRYCAJ;311
HUNEK;311
JASZTAL;311
KOKOSZKIEWICZ;311
ŁADOSZ;311
MACHELSKI;311
MICHOWSKI;311
NIECIKOWSKI;311
ORAWSKI;311
PAŁDYNA;311
RACHUBIŃSKI;311
RECZYŃSKI;311
RESZKOWSKI;311
SKWARK;311
SŁODZIŃSKI;311
TKACHOV;311
TRYTEK;311
WRAŻEŃ;311
ZEMSTA;311
ŻARNECKI;311
ATAMANCHUK;310
BACHURSKA;310
BRZOSTOWICZ;310
BUCHCIK;310
BUJARA;310
CHABIŃSKA;310
CHEREVKO;310
DYTŁOW;310
GOLASZ;310
GOSZCZYCKA;310
JASIULEWICZ;310
JENSEN;310
KOLOMOIETS;310
KRAKOWIECKA;310
LASZCZKOWSKA;310
MATYJEWICZ;310
MUSIATOWICZ;310
NAGUSZEWSKA;310
OSYPENKO;310
PIESTRAK;310
PRĘGOWSKA;310
PUSZKO;310
SOBIERSKA;310
SZARAFIŃSKA;310
ŚLIWAKOWSKA;310
TERCZYŃSKA;310
WIESZCZEK;310
WISZNIOWSKA;310
ZADĘCKA;310
ALAM;310
BADACZEWSKI;310
BECMER;310
BIZEWSKI;310
BOCHRA;310
CHOLEWICKI;310
CHYBIŃSKI;310
CIELEŃ;310
CZERWIENIEC;310
FIGIELA;310
ILKIV;310
JĄDER;310
KOMORNICKI;310
KRAKOWIECKI;310
KRZYWORZEKA;310
LADRA;310
LEDER;310
LISOVYI;310
LIWSKI;310
MACIEJA;310
MAGDOŃ;310
MOSZKOWICZ;310
NAGRABA;310
NOGACKI;310
OĆWIEJA;310
ODZIMEK;310
RADZIAK;310
SAŁACH;310
SCHODOWSKI;310
SOSULSKI;310
STRĘKOWSKI;310
SUPEL;310
ŚWIĄTONIOWSKI;310
ŚWIRK;310
TOMKOWSKI;310
TRUSIEWICZ;310
TRYK;310
TURYK;310
WARTACZ;310
ZIEMIANIN;310
ZŁOTUCHA;310
ANISIMOVA;309
BOBREK;309
BOCHIŃSKA;309
BOŻEJEWICZ;309
CHLEBNA;309
DROZDOVA;309
GRZĘDZICKA;309
KARAS;309
KASIAN;309
KLICKA;309
KOSZUTA;309
KUSOWSKA;309
LODZIŃSKA;309
ŁYSZKIEWICZ;309
RADZIMIRSKA;309
SMEJDA;309
SOBIERAŃSKA;309
VYNOHRADOVA;309
ŻERKOWSKA;309
BASIEWICZ;309
BIELAWNY;309
BOCIAŃSKI;309
BUL;309
DOROSIŃSKI;309
GOSZKA;309
KACPROWSKI;309
MELA;309
NIEBIESZCZAŃSKI;309
PALCZAK;309
PASTERSKI;309
PROCHOTA;309
RYMSZA;309
SEREDYN;309
SIEMIEŃSKI;309
SZAŁECKI;309
TREPKOWSKI;309
TRĘBSKI;309
WAŚKOWIAK;309
WIECHETEK;309
WYPIJEWSKI;309
ZYSKA;309
BATKIEWICZ;308
BERNECKA;308
BONKOWSKA;308
BRACKA;308
CHLEBOSZ;308
CZEMPIEL;308
DOMASZEWSKA;308
DRAGA;308
DZIARSKA;308
HRYHORCHUK;308
HYLIŃSKA;308
KONECZNA;308
KULYNYCH;308
LANGOSZ;308
LARA;308
MRUGACZ;308
MUDRA;308
RYSAK;308
SAREK;308
SWADŹBA;308
SZCZUPAKOWSKA;308
ŚMIECIŃSKA;308
ULFIG;308
YAKUBOVSKA;308
ZAMOROWSKA;308
ZARACH;308
ZDROJKOWSKA;308
ZGANIACZ;308
BALAWAJDER;308
BAŁABUCH;308
BENKOWSKI;308
BINDAS;308
BORCZUCH;308
CEPA;308
CIOŁKO;308
CZOPOR;308
GÓRAS;308
HAJKOWSKI;308
HALEK;308
IRZYKOWSKI;308
KOLARSKI;308
KOPTA;308
KULECZKA;308
ŁADNO;308
MOHAMED;308
MUZALEWSKI;308
MYCKA;308
NAWORSKI;308
PĘDZIŃSKI;308
PIERSIAK;308
PIERŚCIONEK;308
RACHTAN;308
SARAMAK;308
SKITEK;308
SOPALA;308
STANIOS;308
SYBILSKI;308
WARCHOLIŃSKI;308
WYDRO;308
WYLOT;308
ALIIEVA;307
BIELIAIEVA;307
BLUM;307
BOHDZIEWICZ;307
BORYSZEWSKA;307
CHMIELA;307
CHROBOCIŃSKA;307
CZARTORYSKA;307
DEDA;307
DOBCZYŃSKA;307
EICHLER;307
GAJOWA;307
GORLEWSKA;307
HELBIN;307
JASKUŁOWSKA;307
KONDRATIEVA;307
KOWALICKA;307
KRYBUS;307
KURZELA;307
MILCZEWSKA;307
MOGIELSKA;307
NIECIKOWSKA;307
NIEDZIELAK;307
OBOLEWICZ;307
ORZELSKA;307
RODEK;307
ROGIEWICZ;307
SOSULSKA;307
STEFANKO;307
SZAŁOWSKA;307
TURLIŃSKA;307
WOJCIK;307
WOJDYLAK;307
YANKOVSKA;307
ŻEREK;307
BAŁUSZYŃSKI;307
BROLA;307
CHABIŃSKI;307
CIĘSZCZYK;307
DETKO;307
DOMASIK;307
DWORSKI;307
DZIOBEK;307
FURS;307
KALEJA;307
KAZUBOWSKI;307
KOSUT;307
KOZIMOR;307
KRZYWY;307
KURMAN;307
LERKA;307
MAGULSKI;307
MANCEWICZ;307
MANELSKI;307
MELNYKOV;307
MIRON;307
NAUMOV;307
OSET;307
PALKOWSKI;307
POWĘZKA;307
POŻYCZKA;307
ROCZEŃ;307
RONOWSKI;307
SALAMOŃSKI;307
SMOLIN;307
STAWIANY;307
SZCZYREK;307
SZWAJKA;307
TRYTKO;307
VORONIN;307
WŁOSZCZYŃSKI;307
YADAV;307
YE;307
ZADĘCKI;307
BIERNACZYK;306
BROMIRSKA;306
BUBACZ;306
CHEREDNICHENKO;306
CHERKASOVA;306
CZARDYBON;306
DYCZEK;306
GRANICA;306
GRĄDALSKA;306
HONISZ;306
JONEK;306
KALASHNIKOVA;306
KALUPA;306
KLIMOVA;306
KOTER;306
KUPREWICZ;306
MAMCHUR;306
MORITZ;306
MYRONCHUK;306
NOWALSKA;306
OBERDA;306
ORAWSKA;306
PIDDUBNA;306
PRUCHNIAK;306
RULKA;306
SALAMOŃSKA;306
SARNICKA;306
ŚWICA;306
TERECH;306
WIECHECKA;306
WILSON;306
WYŻLIC;306
ANDRUSZEWSKI;306
BAGAN;306
BIELASZKA;306
BOCK;306
BODZON;306
BRELA;306
BRODZKI;306
BUJNAROWSKI;306
CZORNIK;306
DUZIAK;306
FALANA;306
FROSZTĘGA;306
GIELNIAK;306
GRYCUK;306
GURTOWSKI;306
KIC;306
KLENIEWSKI;306
KLIMALA;306
KŁAPTOCZ;306
KOLANKIEWICZ;306
KOSTYŁA;306
LUZAR;306
MASEŁKO;306
NAPIERACZ;306
PAWLISZAK;306
RUZIK;306
RZĄŻEWSKI;306
SASIM;306
STRUGACZ;306
STRYJAK;306
SZTURO;306
SZYJKOWSKI;306
TABOREK;306
TULIN;306
WANDTKE;306
WĘDZICHA;306
ZYBERT;306
BADZIĄG;305
BAWOLSKA;305
BAZARNIK;305
CHEŁKOWSKA;305
CHOMICZEWSKA;305
CZAPLARSKA;305
FINK;305
GAWĘDZKA;305
JANULEWICZ;305
KIEŁBOWSKA;305
KORBIEL;305
LALEWICZ;305
MALYSHEVA;305
MARONA;305
OLENDZKA;305
OŁOWSKA;305
PACZÓSKA;305
ROZENEK;305
SAFONOVA;305
SMYREK;305
SZYJKOWSKA;305
ŚCIERSKA;305
WIDELSKA;305
BRYNIAK;305
CHRÓŚCICKI;305
CIEPAŁ;305
CZEPCZOR;305
DZIADOWIEC;305
GARWOL;305
GRZYMEK;305
HOŁOWIŃSKI;305
HUSSAIN;305
JERMAK;305
KAKIETEK;305
KITKA;305
KITLAS;305
KLUCH;305
KOŁTOWSKI;305
KOMÓR;305
LETKI;305
MORDAKA;305
PASTERCZYK;305
PIECZKOWSKI;305
RACIS;305
ROLSKI;305
ŚMIECIŃSKI;305
ŚPICA;305
TOROŃCZAK;305
TRUSIAK;305
TULIŃSKI;305
BOGUSZEWICZ;304
ERDMAN;304
FEDIUK;304
GASTOŁ;304
GŁOWANIA;304
KOZARZEWSKA;304
ŁABANOWSKA;304
ŁĄCZEK;304
MATHEA;304
MIROŃSKA;304
PATERSKA;304
PLACKOWSKA;304
POZIEMSKA;304
PUSZCZEWICZ;304
REDLIŃSKA;304
STACHAŃCZYK;304
SVYSTUN;304
ŚLOSARCZYK;304
TYRNA;304
WALĘCKA;304
WYMYSŁOWSKA;304
ZAPŁATA;304
BETCHER;304
CHOCHOŁEK;304
CHODORSKI;304
DĘBECKI;304
DIAKOWSKI;304
DOMSKI;304
GLIWKA;304
GŁĄBIK;304
GORAUS;304
HOMONCIK;304
HYLIŃSKI;304
IGLIŃSKI;304
JABCOŃ;304
KALISZAN;304
KAMODA;304
KOMOŃ;304
KRZESZOWIAK;304
KUPIECKI;304
LESICZKA;304
MAJOCH;304
NAGI;304
PĄK;304
PODLIŃSKI;304
PODWIKA;304
POŹDZIK;304
PRĘDOTA;304
STYKOWSKI;304
TAMIOŁA;304
WILISOWSKI;304
BARTNIAK;303
BRAŚ;303
BRODZKA;303
GARNYS;303
GRYCZAN;303
HARTWIG;303
HORBACZEWSKA;303
JESIOTR;303
JURUSIK;303
KOLARSKA;303
KORPIK;303
LECYK;303
MARZYŃSKA;303
PIECZKOWSKA;303
PODLASZEWSKA;303
SAJAK;303
STACEWICZ;303
STAŃCZYKOWSKA;303
STRZEMIŃSKA;303
SZYMIEC;303
TAFLIŃSKA;303
WĘGLARCZYK;303
WOLTER;303
ZAHORSKA;303
ZARÓWNA;303
ŻEJMO;303
CISKI;303
CYRANOWSKI;303
CZMOCH;303
FARYNIARZ;303
FASTYN;303
FIUTAK;303
GARBAS;303
GWAREK;303
HODUR;303
KAFARA;303
KANDYBA;303
KIMEL;303
KNUTH;303
KORPOWSKI;303
KOSTKIEWICZ;303
ORZEŁOWSKI;303
PICZ;303
POLICHA;303
PRZYTOCKI;303
RADAWIEC;303
SAMSONOWICZ;303
SŁUPIANEK;303
STAROSZCZYK;303
STAWARCZYK;303
SYDOROV;303
SZAJNOWSKI;303
TROJNACKI;303
WALĘCKI;303
YAKOVLEV;303
ZDZIECHOWSKI;303
ŻELEK;303
ŻYRA;303
AGACIAK;302
BOMBIK;302
BRZYCKA;302
CHABASIŃSKA;302
DEPUTAT;302
DESZCZYŃSKA;302
FREJLICH;302
HLADUN;302
ILKÓW;302
JACHYMIAK;302
JAKUBSKA;302
KAPTURKIEWICZ;302
KOSZEL;302
ŁUBIARZ;302
MILARSKA;302
NITSCHKE;302
OLESZAK;302
OSTRÓWKA;302
PADEREWSKA;302
PROSKURA;302
RECHNIO;302
ROSNER;302
SENDEK;302
SIERAK;302
STRYSZOWSKA;302
SZAJNOWSKA;302
TYCZKOWSKA;302
UŚCINOWICZ;302
YABLONSKA;302
ZABOST;302
BRZANA;302
BRZYCKI;302
CETNARSKI;302
CHUDYK;302
DYCZEWSKI;302
FRODYMA;302
GARBACZEWSKI;302
IDZIASZEK;302
KOLIS;302
KOWZAN;302
KUZERA;302
MIRZEJEWSKI;302
MLONEK;302
PATERKA;302
PAWĘZKA;302
POPIELEWSKI;302
RADUCKI;302
SPRYSAK;302
SZUMLAS;302
SZYSZ;302
WAWRZEŃ;302
WIELGOMAS;302
WOŁODKIEWICZ;302
ZAJFERT;302
ZALISZ;302
ZEP;302
BADEK;301
BOCHENKO;301
HORBUNOVA;301
JANASZAK;301
JOHANSSON;301
KRZYNÓWEK;301
KUBARA;301
MIŁASZEWSKA;301
MISTERSKA;301
NAROJCZYK;301
NGUYEN THI;301
PAKHOMOVA;301
RADZIMIŃSKA;301
RUNO;301
SAVELIEVA;301
SIROCKA;301
STAWNA;301
STOPCZYK;301
ŚNIADECKA;301
TOMKOWSKA;301
TOMSKA;301
TYKHONOVA;301
WÓDKOWSKA;301
ŻOŁĘDZIEWSKA;301
BAKAJ;301
BUJNICKI;301
CEBRAT;301
CHLEBOWICZ;301
DADURA;301
DUBIELA;301
HASIK;301
KONDZIOR;301
KROMSKI;301
KSIĄDZ;301
KUBSIK;301
KULEWICZ;301
MARCJAN;301
MILARSKI;301
MOGIELSKI;301
MURZA;301
NASTULA;301
ODACHOWSKI;301
PADYKUŁA;301
PRZYGOŃSKI;301
RADZIMIRSKI;301
SAWALA;301
SEKŚCIŃSKI;301
SIEWIOR;301
SMYŁA;301
SPERA;301
STRYSZOWSKI;301
SZCZODRY;301
SZCZYTOWSKI;301
WENT;301
WŁUSEK;301
WYBRAŃSKI;301
BEZKOROVAINA;300
DYKTA;300
HARTWICH;300
KAMYSZ;300
KULINICH;300
LOTOTSKA;300
MARTUSZEWSKA;300
PALKOWSKA;300
ROTH;300
TENDERA;300
WIĘZOWSKA;300
ZABAGŁO;300
ALBECKI;300
BRZOZOWIEC;300
CZĘSTOCHOWSKI;300
DETMER;300
FLASZYŃSKI;300
GĘBCZYŃSKI;300
GOŁOJUCH;300
GRABDA;300
GRYCZON;300
HANSLIK;300
JARSKI;300
KONKOLEWSKI;300
KOSIÓR;300
KUBARSKI;300
KUCIĘBA;300
KUSAJ;300
ŁADZIŃSKI;300
MALUGA;300
MIJAL;300
MIJALSKI;300
MURANOWICZ;300
NARTOWICZ;300
NORKOWSKI;300
NOWOCIŃSKI;300
OBIDOWSKI;300
PADEREWSKI;300
PEKSA;300
ROSŁOŃSKI;300
RUDKIEWICZ;300
SŁODKIEWICZ;300
SZKURŁAT;300
SZUMIGAJ;300
TAJAK;300
ZARADZKI;300
ZARZEKA;300
ZDROJKOWSKI;300
ZIEMLEWSKI;300
ZMUDA TRZEBIATOWSKI;300
BEREŻAŃSKA;299
BŁAZIK;299
DANYLCHUK;299
DEKOWSKA;299
DĘBECKA;299
DOBROSZEK;299
HEJNAR;299
HERING;299
HODUREK;299
KUDRIAVTSEVA;299
KUŹNIACKA;299
LUCIŃSKA;299
MACHEJ;299
MARTSENIUK;299
MIELEWSKA;299
OTLEWSKA;299
PASTUKH;299
PŁUCIENNICZAK;299
POTORSKA;299
PRZYGOŃSKA;299
SAŁAŃSKA;299
ŚWIĄTONIOWSKA;299
TROJNACKA;299
USYK;299
ZALEWA;299
BLAJER;299
CHAŁUPCZAK;299
CZERMIŃSKI;299
HOVHANNISYAN;299
HRYŃ;299
JARYSZ;299
KARBARZ;299
KLEPADŁO;299
KLUZIAK;299
KOSESKI;299
KUZMICH;299
LAMPKA;299
ŁĄPIEŚ;299
MILCZEWSKI;299
NAWOROL;299
OLEJNICKI;299
OSIEWAŁA;299
PARADZIŃSKI;299
PIOTR;299
PLACKOWSKI;299
PODHORODECKI;299
POWIERZA;299
PSTRĄG;299
RADZIMOWSKI;299
ROGOŚ;299
RYBAKIEWICZ;299
SALWOWSKI;299
SARNIK;299
SZARAFIŃSKI;299
TELENGA;299
TRAFALSKI;299
TRYBULEC;299
URGACZ;299
WENSIERSKI;299
WOŁOSZCZAK;299
BURBA;298
CIĄGŁO;298
GRĄCZEWSKA;298
GREBER;298
JAZOWSKA;298
KLUŹNIAK;298
KŁONICA;298
KORDULA;298
KORDYŚ;298
LAMPKOWSKA;298
MAKOVETSKA;298
MYSIAKOWSKA;298
NABOŻNA;298
OKRĘGLICKA;298
OPĘCHOWSKA;298
PALARZ;298
PARZUCHOWSKA;298
PESZEK;298
PRACKA;298
RACHUBIŃSKA;298
SKUBIK;298
SŁABOSZEWSKA;298
SŁODZIŃSKA;298
SYCHTA;298
WENDLAND;298
ZMUDA TRZEBIATOWSKA;298
ZYCHLA;298
BABRAJ;298
BERLIK;298
ĆWIĘKAŁA;298
DOLA;298
DOMALIK;298
DORAU;298
FABIŃSKI;298
GÓRNICZ;298
GROCHLA;298
GRYGORCZUK;298
HYŁA;298
JUDZIŃSKI;298
KARKULA;298
KAŚKÓW;298
KIELESIŃSKI;298
KROMKA;298
LIBISZEWSKI;298
ŁOBEJKO;298
MANICKI;298
MAZELA;298
MLAK;298
NATORSKI;298
PAKOWSKI;298
PRZYSUCHA;298
RECŁAW;298
SAFIN;298
SAŁAŃSKI;298
SEPIOŁO;298
SKÓRNICKI;298
STRUPIECHOWSKI;298
SYJUD;298
ŚPIEWOK;298
TARSA;298
WĄSIEL;298
WOJTACHNIO;298
ZARADNY;298
ZIEMBLA;298
ZUCHORA;298
AKSONOVA;297
BAŁDOWSKA;297
DALEKA;297
DOBRYCHŁOP;297
HAJDUCZEK;297
JACHURA;297
KORPOWSKA;297
KUBAJ;297
LENZ;297
ŁAGA;297
MATERSKA;297
MORAWIECKA;297
NAGŁA;297
NOWOCIŃSKA;297
PAŚNICKA;297
POTYKA;297
SOBAS;297
STASIUKIEWICZ;297
SZCZYTOWSKA;297
TYLUTKA;297
WIDENKA;297
BARBACHOWSKI;297
BIERYT;297
BRODALA;297
BZOWY;297
CZUBALA;297
DOMAROS;297
GAWOREK;297
GOŁYŹNIAK;297
GRĄDALSKI;297
KITEL;297
KLUCZKOWSKI;297
KŁOSKOWSKI;297
KOKOSZKO;297
KONIKOWSKI;297
KRAMARSKI;297
KROMER;297
KUCHARCZAK;297
KURUC;297
ŁOCHOWICZ;297
MARZĘDA;297
MATERLA;297
MATOSEK;297
MROSZCZYK;297
NIKODEMSKI;297
NOGŁY;297
PRZYWECKI;297
ROLEWICZ;297
RYZIŃSKI;297
SAŁYGA;297
SENDER;297
SMYCZ;297
SOBIERAŃSKI;297
STROJECKI;297
SZWEDEK;297
TRĄBSKI;297
WARCHULSKI;297
ZŁOMAŃCZUK;297
ŻOŁNIEREK;297
ALBINIAK;296
ANDRUSHCHENKO;296
BARBACHOWSKA;296
BASSA;296
BEŃKO;296
BONECKA;296
CZAPCZYK;296
CZYSZ;296
GAWEŁCZYK;296
GRADZIŃSKA;296
HAAS;296
HRYNCHUK;296
HRYSZKO;296
JACYNA;296
KARPINSKA;296
KONOPNICKA;296
LEDZIŃSKA;296
LIWSKA;296
ŁOMŻA;296
ŁUKASIŃSKA;296
MAJEROWICZ;296
MOSTOWIK;296
NERKOWSKA;296
OLSZAR;296
PŁACHCIŃSKA;296
RABIŃSKA;296
ROMANOVSKA;296
ŚNIEGULA;296
TURBAŃSKA;296
WDOWSKA;296
ZGLINICKA;296
ANDREJUK;296
BATYRA;296
BICZYK;296
BROCIEK;296
BUCHAŁA;296
BUKOWIŃSKI;296
BZURA;296
CHOROSZEWSKI;296
CORA;296
DANILCZYK;296
DYMEL;296
GERUS;296
HARĘZA;296
ILCZYSZYN;296
KARPUS;296
KUSZCZAK;296
ŁYCZYWEK;296
MATEŃKA;296
MIŁOWSKI;296
PATOŃ;296
PĘZIOŁ;296
PRUGAR;296
REJENT;296
SMAGOWSKI;296
STABRAWA;296
SYROCKI;296
WIDELSKI;296
WILCZURA;296
WLEKLIŃSKI;296
WOLANOWSKI;296
WYWROT;296
ZIENTAL;296
ZOWADA;296
ŻÓŁTY;296
ŻYMŁA;296
BIOLIK;295
CHORZEWSKA;295
DIAKOWSKA;295
GROMSKA;295
GRZEBALSKA;295
KOMANIECKA;295
KUPIECKA;295
MAGULSKA;295
OZIMKIEWICZ;295
PLEWIK;295
PODCZASKA;295
RAJTER;295
ROZALSKA;295
STOLIARCHUK;295
TOKARCHUK;295
TUROWICZ;295
TYSKA;295
USTASZEWSKA;295
WIELICKA;295
WITOMSKA;295
ZIEMLEWSKA;295
ZYGMANOWSKA;295
ATŁAS;295
BEŁDOWSKI;295
CICHOREK;295
DENDYS;295
DRUŻBA;295
GAJC;295
GAWDA;295
GNATEK;295
KANADYS;295
KAWIK;295
KCIUK;295
KOCZYK;295
KORGOL;295
KUCHARUK;295
ŁUKASIŃSKI;295
MACHYNIA;295
MALLEK;295
MAZIARSKI;295
MIELCARSKI;295
MROZEWSKI;295
PABJAN;295
PAŚNICKI;295
POLNIAK;295
PRACKI;295
PYSKŁO;295
RYBCZAK;295
RYBNIK;295
SEŃ;295
SIĄKAŁA;295
SREBRO;295
SUJAK;295
SUPRYN;295
TOŁPA;295
WALENTEK;295
ZBROIŃSKI;295
ZELENSKYI;295
BAZYL;294
BOCIAŃSKA;294
CIECHAN;294
CZĘPIŃSKA;294
DANYLCHENKO;294
DOBRZYNIECKA;294
FLOR;294
GURTOWSKA;294
JANDY;294
JUDASZ;294
KAUR;294
KĘDZIORSKA;294
KOLESIŃSKA;294
KONOPELSKA;294
KOSTINA;294
KOVALEVSKA;294
LENAR;294
LUBIK;294
MATYGA;294
OCHOŃSKA;294
OLEJKO;294
PARADZIŃSKA;294
RAJKIEWICZ;294
RÓWNA;294
RÓŻNICKA;294
SZWARCZEWSKA;294
SZWEDZIŃSKA;294
SZYPURA;294
TOPORKIEWICZ;294
TRZYBIŃSKA;294
UŁANOWSKA;294
WIANKOWSKA;294
ZARECKA;294
ZATYLNA;294
ANDRULEWICZ;294
BALWIERZ;294
BUZAŁA;294
CZESZEJKO-SOCHACKI;294
DOMASZEWSKI;294
GAJTKOWSKI;294
GAŁADYK;294
GIBASZEK;294
GIERMEK;294
GOTOWAŁA;294
HALASZ;294
HUBKA;294
KINA;294
KOPACZYŃSKI;294
LUCIŃSKI;294
ŁASEK;294
NIEMIROWSKI;294
NIKULIN;294
PARFIENIUK;294
PUCZYŁOWSKI;294
SŁUŻAŁEK;294
SPOSÓB;294
STRÓŻAK;294
SZABAŁA;294
ŚNIADACH;294
ŚWIDRAK;294
TAJCHMAN;294
ARGASIŃSKA;293
BRZEZINSKA;293
CHMIELIK;293
DULAT;293
DZIEMIŃSKA;293
FRYDRYK;293
HASSA;293
JERUZAL;293
KARLIK;293
KOSTETSKA;293
KOZIURA;293
KRAJCZYŃSKA;293
KRZYWANIA;293
KURPIOS;293
LEŃCZOWSKA;293
MACIKOWSKA;293
MANICKA;293
PROCHERA;293
PROTSYK;293
PURCZYŃSKA;293
SENDAL;293
SIEMIEŃSKA;293
SKAŁBANIA;293
STYPCZYŃSKA;293
SZELĄŻEK;293
TURLEJSKA;293
WIRSKA;293
WLOKA;293
WOŹNIACKA;293
ZAVADSKA;293
ZEMBROWSKA;293
ŻUROMSKA;293
BIERŁA;293
CERAJEWSKI;293
CHWAST;293
DRABICKI;293
DROŃ;293
EJDYS;293
GRZEGORY;293
HERBUŚ;293
JUNAK;293
KAROLKIEWICZ;293
KORBUS;293
KORYCZAN;293
KOŚ;293
KROTOWSKI;293
KURT;293
MIĘDLAR;293
MITAL;293
MOTOWIDŁO;293
NOVYTSKYI;293
ODZIOMEK;293
OŚCIŁOWSKI;293
PACZÓSKI;293
PASZCZYK;293
PUSTUŁ;293
SPENDEL;293
STRZAŁEK;293
SZUSTKIEWICZ;293
TAŁAŁAJ;293
TENDERENDA;293
WOLDAN;293
WOŹNIACKI;293
WROTEK;293
ZDRADA;293
DYC;292
GĘBCZYŃSKA;292
GÓRNIEWICZ;292
GRYCZYŃSKA;292
HUDZ;292
JARSKA;292
KACPROWSKA;292
KARWICKA;292
KIELESIŃSKA;292
KOLASKA;292
KOPACZYŃSKA;292
ŁUCZYSZYN;292
MAZIARSKA;292
MELKOWSKA;292
PRZYSIECKA;292
RUSIŁOWICZ;292
UBA;292
WENSIERSKA;292
ZARADZKA;292
ANTOSZCZYSZYN;292
BACHÓRZ;292
CAO;292
CIAPUTA;292
CICHAWA;292
CZARTORYSKI;292
FAJDEK;292
FURMANIK;292
GBUREK;292
GÓRCZEWSKI;292
KLIMOVICH;292
KONIUSZEWSKI;292
KUSOWSKI;292
LUBISZEWSKI;292
ŁABANOWSKI;292
MAJOWICZ;292
MARCULA;292
MIROŃSKI;292
NAGAJ;292
NIEMCZURA;292
OSMAŁEK;292
PARMA;292
PĘCHERZ;292
PIEKIELNY;292
PRZYWOŹNY;292
PULIKOWSKI;292
RAMA;292
STYPCZYŃSKI;292
SZOCIK;292
SZYLER;292
SZYNKARUK;292
V?;292
WALKÓW;292
ZAVHORODNII;292
ŻABIK;292
ŻYGŁOWICZ;292
CHOBOT;291
CHOCIEJ;291
CHODORSKA;291
CHRANIUK;291
DOLEŻYCH;291
DOWGIAŁŁO;291
DUBOVYK;291
DWORSKA;291
DZIDOWSKA;291
FALGOWSKA;291
FLONT;291
FRYCA;291
GAN;291
GAWRYSZCZAK;291
GŁĘBICKA;291
GORA;291
GOŚLIŃSKA;291
GUŹDZIOŁ;291
HOROSZ;291
KHOLOD;291
KONOPCZYŃSKA;291
KUBARSKA;291
KUDUK;291
LASZKOWSKA;291
OKSENIUK;291
OLBRICH;291
OŚCIŁOWSKA;291
PARFENIUK;291
PATRZYK;291
PIECKA;291
SAFIAN;291
SPUREK;291
STASZKÓW;291
TOMPOROWSKA;291
TREMBECKA;291
WDZIĘCZNA;291
WOJTYLAK;291
YATSIUK;291
YEFIMENKO;291
ŻUŁAWSKA;291
ALEKSIUK;291
ARCIUCH;291
BADEŃSKI;291
BOCZARSKI;291
BOLIMOWSKI;291
CHWIST;291
CUDO;291
DYKIER;291
DZIĘBOWSKI;291
FRYDRYSIAK;291
GOLAS;291
HEPNER;291
KACZAŁA;291
KOGUCIUK;291
KOMADA;291
KOSZUT;291
KOZYRSKI;291
LAWRENC;291
MORDEL;291
MOSTOWY;291
MŚCISZ;291
NOWOSADZKI;291
ONISZK;291
PABIJAN;291
PRZYKLENK;291
REC;291
ROLEWSKI;291
SKRZYP;291
STAŃCZYKOWSKI;291
STREICH;291
SZMAJDZIŃSKI;291
TRUŚ;291
WACHOWIEC;291
WIRSKI;291
WOJTUŚ;291
WRÓTNIAK;291
WYŻGOŁ;291
ZABIEGAŁA;291
ZARECKI;291
ZBOCH;291
CZESZEJKO-SOCHACKA;290
DREJA;290
GRASZKA;290
GROMELSKA;290
JASIELSKA;290
JĄKALSKA;290
KLOCHKO;290
KOCIKOWSKA;290
KRYMSKA;290
LIŻEWSKA;290
MALKIEWICZ;290
MATWIEJUK;290
MATYJEK;290
MYKHAILOVSKA;290
NESTER;290
PETRYNA;290
PODLIŃSKA;290
POSZYTEK;290
POTERALSKA;290
ROLEWSKA;290
ROSZCZAK;290
SIEKIERZYŃSKA;290
SKAKUN;290
SOREK;290
SZCZĄCHOR;290
ŚLADEWSKA;290
TUBACKA;290
WALOTEK;290
WIDYŃSKA;290
WOLANOWSKA;290
ANIELSKI;290
DOSTATNI;290
DROSZCZ;290
DUDUŚ;290
FLISAK;290
FORC;290
GOTOWIEC;290
GROMSKI;290
GUTEK;290
KAZIENKO;290
KHOMYN;290
KIKOSICKI;290
LECHOCKI;290
NOLBERT;290
PACUŁT;290
PATALON;290
PATERSKI;290
ROJKOWSKI;290
RUSSEK;290
RYDZAK;290
SKRABURSKI;290
SZTWIERTNIA;290
UCIECHOWSKI;290
WAŁASZEWSKI;290
WEWIÓR;290
WÓJCIUK;290
WRYCZA;290
WRZESZCZYŃSKI;290
ZASUŃ;290
ZYGMANOWSKI;290
ŻERKOWSKI;290
BRONKOWSKA;289
CHWIEJCZAK;289
FABIANOWICZ;289
FESHCHENKO;289
GEBEL;289
HALYTSKA;289
KAWSKA;289
KONKOLEWSKA;289
KRAMARSKA;289
KRZYSTECZKO;289
LAPRUS;289
LUŚNIA;289
MELNIKOVA;289
MIŃKOWSKA;289
PRÓSZYŃSKA;289
SPIVAK;289
SZKAŁUBA;289
TROFIMOVA;289
TRUSH;289
WERWIŃSKA;289
WLEKLIŃSKA;289
ŻULIŃSKA;289
ŻURAWIŃSKA;289
BARTNICZAK;289
BARTULA;289
BUJEK;289
CHRUŚCIK;289
DEPKA;289
DRYGIEL;289
GRÓDEK;289
KOCIKOWSKI;289
KONOPCZYŃSKI;289
KUBIEC;289
LUBASIŃSKI;289
MATERSKI;289
MITRUS;289
MOSIO;289
PIONTKOWSKI;289
POKRZYWIŃSKI;289
RADZIMIŃSKI;289
ROZALSKI;289
STYKA;289
SZEGDA;289
TADAJEWSKI;289
TETZLAFF;289
TRACZEWSKI;289
TURLEJSKI;289
WALKO;289
WARTALSKI;289
WASYLIK;289
WĄSICKI;289
ŻUŁAWSKI;289
CHORĄGWICKA;288
DULIBAN;288
HRYC;288
KANALOSH;288
KARECKA;288
LIPINSKA;288
MAMZER;288
MIJALSKA;288
NATORSKA;288
NAWORSKA;288
PLASZCZYK;288
POPŁOŃSKA;288
PUCZYŁOWSKA;288
SAVCHYN;288
STEMPKOWSKA;288
SZAŁECKA;288
SZUBER;288
TARNAVSKA;288
TISHCHENKO;288
TRYNIECKA;288
WERKOWSKA;288
WILKOŃSKA;288
BACHURSKI;288
BLAT;288
BŁOCKI;288
BRACKI;288
BULICZ;288
DMYTRIV;288
DZIURKOWSKI;288
FILIPPOV;288
GMAJ;288
GWOREK;288
HUBAR;288
IGNACAK;288
KARNIA;288
KAVALIOU;288
LATOCH;288
LICHACZ;288
MAKS;288
MANDZIAK;288
MĄSIOR;288
MYKA;288
NIEKURZAK;288
NYLEC;288
OSZCZĘDA;288
PALICHLEB;288
PRÓSZYŃSKI;288
PRZETACZNIK;288
RATKIEWICZ;288
RÓŻNICKI;288
RUPA;288
SMALARZ;288
STRADOWSKI;288
STRĘCIWILK;288
SURDACKI;288
TREMBECKI;288
WIELICKI;288
ŻUROMSKI;288
ARABSKA;287
BLADA;287
BUJNICKA;287
CERAJEWSKA;287
GRABICKA;287
KOLAN;287
KOŁTOWSKA;287
KROTOWSKA;287
LAZAROWICZ;287
LENCZOWSKA;287
LUBASZEWSKA;287
MARKIV;287
MERKEL;287
MUSZALIK;287
PACŁAWSKA;287
PRZYTOCKA;287
PULIKOWSKA;287
RUBASZEWSKA;287
SABUDA;287
SKUTELA;287
SOLOCH;287
TELECKA;287
WĄSICKA;287
ZŁOTA;287
ATAMAN;287
BURZAK;287
CIERPIOŁ;287
CYGA;287
CZAPLARSKI;287
DERBIN;287
DOROTA;287
DZIERZĘCKI;287
ELŻBIECIAK;287
FILUŚ;287
GANO;287
GĄTAREK;287
GORGOLEWSKI;287
GRZEBINOGA;287
HERMA;287
JESIONKA;287
KOLBUS;287
KRASOVSKYI;287
KULKOWSKI;287
LIMANOWSKI;287
MACIOCH;287
MAROZ;287
MATAN;287
MIĘTEK;287
MOCHA;287
NASIADKO;287
OLEJARSKI;287
OWSIK;287
PABIAŃCZYK;287
PAS;287
PAWLISZ;287
POPŁOŃSKI;287
PUTRA;287
REJCZAK;287
SAJNA;287
SŁUPCZYŃSKI;287
WANIEWSKI;287
WASYLISZYN;287
BICKA;286
BŁAŚ;286
CHILICKA;286
CYLKOWSKA;286
GOŁĘBSKA;286
HAJDUCZENIA;286
HUMENNA;286
KASHUBA;286
KLUKA;286
KOSIACKA;286
KREZYMON;286
KRĘŻAŁEK;286
MENDERA;286
MIETLICKA;286
NOGACKA;286
OPOZDA;286
OSÓBKA;286
PREISS;286
PYDYN;286
RECZYŃSKA;286
SAJDOK;286
SOBIŃSKA;286
SZCZYRBOWSKA;286
SZMAJDZIŃSKA;286
ZUBKOVA;286
ASMAN;286
BARSZCZYK;286
BARTELIK;286
BRZEZINKA;286
CZUBAŁA;286
DELIMATA;286
FORMICKI;286
FUNDAMENT;286
GIŻEWSKI;286
GNIEWOSZ;286
GRZEGORZ;286
JANICA;286
JANYGA;286
KOLESIŃSKI;286
KOPERNIAK;286
KOROŚ;286
KORULCZYK;286
KOTAŃSKI;286
KOTOŃSKI;286
KOTWAS;286
KUDLEK;286
KURYLAK;286
LEDA;286
LUBOMSKI;286
LYTVYNOV;286
MIETLICKI;286
MIŃKOWSKI;286
MORYSON;286
NALEWAJ;286
OTOLIŃSKI;286
POGRZEBA;286
PUCHALA;286
PUKACZ;286
SADZIKOWSKI;286
SĘDZIKOWSKI;286
SKARŻYCKI;286
STARSZAK;286
STROMECKI;286
SZOBER;286
TEPEREK;286
TESSMER;286
URA;286
ZAWIERTA;286
BŁOCKA;285
BOGATEK;285
CZARSKA;285
FIUTOWSKA;285
GRONOWICZ;285
JERZYŃSKA;285
KUKHARCHUK;285
LUTSIV;285
NAGIEL;285
OLESIUK;285
PIESZCZEK;285
PIETRUCH;285
POKRZYWIŃSKA;285
RABCZUK;285
RYSZAWA;285
SEKŚCIŃSKA;285
SZATANEK;285
ŚLEZIONA;285
UCIECHOWSKA;285
WAIS;285
WOJCIESKA;285
ZMORZYŃSKA;285
ARAŹNY;285
BUNDYRA;285
BURCON;285
CHAŁUPNIK;285
CHORZEWSKI;285
CZERCZAK;285
DZIELSKI;285
FECKO;285
FERDEK;285
FRYSZTAK;285
GŁADYŚ;285
GNIEDZIEJKO;285
GOŁĘBSKI;285
GRAJKO;285
GRZEŚKO;285
HORBACZEWSKI;285
KAŁKOWSKI;285
KAZLOUSKI;285
KOŚMIŃSKI;285
KULCZEWSKI;285
LESZKOWICZ;285
LUBASZEWSKI;285
LUBIAK;285
LUTRZYKOWSKI;285
ŁADNY;285
ŁĘKAWA;285
MARASEK;285
MISIORNY;285
MOSIĄDZ;285
MOSÓR;285
NIEMCZYŃSKI;285
NIEWDANA;285
PACUK;285
PIOSEK;285
PLESKACZ;285
POLESZCZUK;285
SALIK;285
SARGSYAN;285
SIEKIERZYŃSKI;285
STRZEMIŃSKI;285
SUGALSKI;285
SZAŁOWSKI;285
ŚMIERTKA;285
TWARDAWA;285
VASYLYK;285
VOZNYI;285
WABNIC;285
ZAWIŚLAN;285
ZAWRZYKRAJ;285
ZDYBAŁ;285
ZHUKOVSKYI;285
ZIOBROŃ;285
ARAŹNA;284
BADACH;284
BROGOWSKA;284
BUŁKOWSKA;284
CHUB;284
CIERPIKOWSKA;284
DROSZCZAK;284
DYBCZAK;284
GORAJSKA;284
GUCIA;284
KRZACZYŃSKA;284
LIBISZEWSKA;284
LUBISZEWSKA;284
MIELCARSKA;284
NAJWER;284
PĘDZIŃSKA;284
PIELORZ;284
PILORZ;284
RESZKO;284
RYNIAK;284
SADZIKOWSKA;284
SHEVCHYK;284
SOKOLENKO;284
STASIEWSKA;284
SZLOSEK;284
WŁOSZCZYŃSKA;284
ZAWADOWSKA;284
BASKA;284
BICHTA;284
BUKO;284
CZUPER;284
DACIUK;284
DARDA;284
DEĆ;284
DESPERAK;284
DYKOWSKI;284
DZIENNIK;284
FIGACZ;284
GAŁYSA;284
GUGA;284
HAŃDEREK;284
IZBIŃSKI;284
JANOSIK;284
KARECKI;284
KSIĄŻAK;284
KUROŃ;284
KUSZA;284
KUŹNIACKI;284
LAMA;284
PEŁECH;284
POŁASKI;284
RYDZIŃSKI;284
SADKO;284
STOIAN;284
SZLESZYŃSKI;284
ŚLEPECKI;284
WEŁPA;284
WOŁCZAŃSKI;284
YERMAKOV;284
BADACZEWSKA;283
BENKOWSKA;283
BIELAWNA;283
DACKA;283
DURCZYŃSKA;283
GOCŁAWSKA;283
HARAT;283
JÓSKOWSKA;283
KALCZYŃSKA;283
KĄTNIK;283
KLAT;283
MINISZEWSKA;283
MOJECKA;283
PARCHAŃSKA;283
PIÓR;283
PŁOCIŃSKA;283
SCHODOWSKA;283
SKUBA;283
STRADOWSKA;283
SZATON;283
ŚCIBIOREK;283
ŚNIADA;283
ADHIKARI;283
AYDIN;283
BARTOSZCZE;283
BŁAŻKIEWICZ;283
BORECZEK;283
CAŁUSIŃSKI;283
CENA;283
CHORĄGWICKI;283
CZARSKI;283
DALEWSKI;283
DIMITROV;283
DORABIAŁA;283
DURCZYŃSKI;283
FORYCKI;283
FUSIARZ;283
GRABLEWSKI;283
GULIK;283
HASIOR;283
JEGLIŃSKI;283
JERZYŃSKI;283
KLYM;283
KONERT;283
KORONOWSKI;283
KORYTEK;283
KRAJCZYŃSKI;283
KURAK;283
KUSZKA;283
LIPIARZ;283
LIPTAK;283
MACYSZYN;283
MESZKA;283
MICHAŚ;283
ORDOWSKI;283
OSIPOV;283
PIONK;283
POLIWKA;283
POROS;283
PRZEWODOWSKI;283
RABIŃSKI;283
SADOVYI;283
SAMOJLUK;283
SAWIAK;283
SKWIOT;283
STOJECKI;283
TERCZYŃSKI;283
VERBYTSKYI;283
WASIUTA;283
ZBIEĆ;283
ZDUNKIEWICZ;283
ANIELSKA;282
BANASZYŃSKA;282
CETNARSKA;282
DRELICHOWSKA;282
DUDYCZ;282
DYCZEWSKA;282
DYKOWSKA;282
GAWDZIK;282
GERMAN;282
INGIELEWICZ;282
KADUK;282
KELM;282
KORDECZKA;282
KORONOWSKA;282
KUCZER;282
LYMAR;282
ŁAGUNA;282
ŁUPKOWSKA;282
MOCHALSKA;282
MOZGA;282
NIEDWOROK;282
NISIEWICZ;282
OBACZ;282
OSINIAK;282
PADUSZYŃSKA;282
PETTKE;282
RADZIUK;282
RYDZIŃSKA;282
SAPOTA;282
SCHÄFER;282
STOJECKA;282
ŚLEPECKA;282
TARWACKA;282
WALENCZAK;282
WAŁASZEWSKA;282
WIDEŁKA;282
WŁUDARCZYK;282
WYROZĘBSKA;282
ZADOROZHNIA;282
ŻAREK;282
AMBROSZCZYK;282
CHAMOT;282
CHELIŃSKI;282
CIUREJ;282
CURZYDŁO;282
DOMASZCZYŃSKI;282
FEDORIV;282
GORAJSKI;282
HEJNOWSKI;282
JASIELSKI;282
JĘDRKOWIAK;282
KARMAN;282
KOCZERA;282
KORBAS;282
KOSIACKI;282
KROPISZ;282
KROŚNICKI;282
KRZACZYŃSKI;282
KRZYŻYK;282
MAŁYJUREK;282
MILAN;282
MONDRY;282
NABRDALIK;282
NAPŁOSZEK;282
NATKOWSKI;282
NYCZKA;282
PIREK;282
PŁACHCIŃSKI;282
PRZYCZYNA;282
PUTYRA;282
REDOSZ;282
SITNICKI;282
STASIEWSKI;282
STEMPKOWSKI;282
STĘPNIOWSKI;282
STRZESAK;282
WERESKI;282
WOROBIEC;282
ZHOU;282
ZYRA;282
BARYSZ;281
BROCZKOWSKA;281
CYRANEK;281
DONCHENKO;281
DYDEK;281
FARBANIEC;281
GORGOLEWSKA;281
GORYCKA;281
GRUBER;281
HOLOVCHENKO;281
JESIONKOWSKA;281
KALSKA;281
KIEŁKIEWICZ;281
LARINA;281
LIBEREK;281
MIRZEJEWSKA;281
NECHAI;281
ONISHCHUK;281
PAKOWSKA;281
RESSEL;281
ROIK;281
ROLIRAD;281
SKARŻYCKA;281
STEPEK;281
SYNYTSIA;281
SYROCKA;281
WERESKA;281
ALEKSIEIEV;281
BIERZYŃSKI;281
CEJROWSKI;281
CHUCHRA;281
DĘGA;281
GBURCZYK;281
GINDA;281
GLOMBIK;281
GŁĘBICKI;281
GOLIAN;281
KAŃCZUGOWSKI;281
KORYCIAK;281
KOŚCIECHA;281
KSIĘŻARCZYK;281
KULASIŃSKI;281
KUMÓR;281
KURCZYNA;281
KUŹNIAREK;281
LEWCZAK;281
MACIKOWSKI;281
MAKUCHOWSKI;281
MAMCZUR;281
MEDOŃ;281
MILAS;281
MODRZYK;281
NOSKO;281
OLISZEWSKI;281
PANCER;281
PASIUK;281
PIERZYNA;281
PITUCHA;281
PYKAŁO;281
SŁODOWY;281
STOLZ;281
SYCHA;281
SZUDRA;281
SZWAST;281
TIETZ;281
WALOS;281
WĄSIEWSKI;281
WITOSŁAWSKI;281
WOŁOSZKA;281
ADASZYŃSKA;280
ANDRUSHKO;280
CHABIERA;280
CHAJEWSKA;280
DZIURKOWSKA;280
EWALD;280
GOLASIŃSKA;280
HORNIAK;280
KARDACZ;280
KORSUN;280
KWITOWSKA;280
LYSA;280
ŁADZIŃSKA;280
MALAKHOVA;280
NORKOWSKA;280
NOWOSADZKA;280
OBIDOWSKA;280
PŁOŃCZAK;280
PRZYWECKA;280
SKRABURSKA;280
TRACZEWSKA;280
TYBORSKA;280
WASILCZYK;280
WĘCŁAWIAK;280
WINCZURA;280
ZARADNA;280
BENDOWSKI;280
BONECKI;280
BÓJKO;280
BROMIRSKI;280
BRONKOWSKI;280
BUŁKOWSKI;280
CELAREK;280
CYDEJKO;280
GARDOŃ;280
GAZDOWICZ;280
GĄSZCZYK;280
GĘŚLA;280
GLIBOWSKI;280
GŁASZCZKA;280
HOPA;280
JAZOWSKI;280
KAŁOWSKI;280
KOSTUJ;280
KOŚNY;280
KRAMKOWSKI;280
KRUTUL;280
KUDAJ;280
KUZARA;280
LUDWA;280
MATIAS;280
MICHALECKI;280
OKLIŃSKI;280
PAŁUBA;280
PARZUCHOWSKI;280
PARZYBUT;280
PASTEWSKI;280
PŁOTKOWIAK;280
PUSZKARSKI;280
PUSZKIEWICZ;280
ROLLA;280
RURA;280
SAŁASIŃSKI;280
SARGA;280
SMAKOWSKI;280
STASICKI;280
SUSZ;280
ŚMIELAK;280
TRZÓPEK;280
URAM;280
WIDYŃSKI;280
WIERZYCKI;280
WOIŃSKI;280
WÓJCIŃSKI;280
ZHU;280
ŻEGOTA;280
ŻMUDZIN;280
BIEDAK;279
BROLL;279
BUGAJCZYK;279
CICHARSKA;279
CISKA;279
DEHTIAROVA;279
FRANOSZ;279
FRYDRYCHOWSKA;279
GLIBOWSKA;279
HENSEL;279
HYŻA;279
JUŹWIAK;279
KANAFA;279
KIRYK;279
KOŚLACZ;279
KROMSKA;279
ŁYDZIŃSKA;279
MUZALEWSKA;279
PANOWICZ;279
PATYŃSKA;279
POĆWIARDOWSKA;279
PRZYSTALSKA;279
ROZHKOVA;279
SŁUPCZYŃSKA;279
TORKA;279
WOIŃSKA;279
ZIELNIK;279
BARCSA;279
BRZEZIK;279
CIUREJA;279
CZECHURA;279
DERUCKI;279
DZIURAWIEC;279
FEDOROWSKI;279
GEMBICKI;279
GIERLICKI;279
GREGUŁA;279
GRYCZEWSKI;279
GRZEGORZYCA;279
IMIANOWSKI;279
IWAŃCZAK;279
KLIMASARA;279
KOJRO;279
KOZDROWSKI;279
MAŚLONA;279
MATYJASIAK;279
MIZERNY;279
MOLCZYK;279
OJCZYK;279
PAWICKI;279
PRYCZEK;279
PRYGA;279
ROBACZYŃSKI;279
SAFAROV;279
STATECZNY;279
SZABLICKI;279
SZMAŃDA;279
SZUTKO;279
SZWEDZIŃSKI;279
SZWOCH;279
SZYK;279
URTNOWSKI;279
ŻOŁĘDZIEWSKI;279
DALMATA;278
DYDUŁA;278
GODOWSKA;278
GOTKOWSKA;278
HENKEL;278
IMIEŁOWSKA;278
JERZEWSKA;278
KACZMARZ;278
KAŁKOWSKA;278
KIKOSICKA;278
KONDAS;278
KRAFT;278
KWITEK;278
ŁAWNIK;278
NILSSON;278
NOWALIŃSKA;278
OTOLIŃSKA;278
PRZEWODOWSKA;278
REDKA;278
ROSŁOŃSKA;278
SINGER;278
SKOTAK;278
SOLIK;278
TADEUSZ;278
TAMA;278
URBAS;278
WĄGRODZKA;278
WĄTOREK;278
ZHURAVSKA;278
BRYZIK;278
CABAŃSKI;278
CIOTUCHA;278
CYLKOWSKI;278
GIENIEC;278
GŁUSZKOWSKI;278
GOTKOWSKI;278
IMIEŁOWSKI;278
JAKIELSKI;278
KLAS;278
KOŁOSIŃSKI;278
KONOPNICKI;278
KUTYŁOWSKI;278
ŁAZORCZYK;278
ŁĘGA;278
MOKWIŃSKI;278
MRUCZEK;278
MUSZAK;278
NAWŁOKA;278
ODWAŻNY;278
PAWELCZAK;278
PĘSKI;278
PIASTOWSKI;278
POPKOWSKI;278
PYRTEK;278
SIENIUĆ;278
SOLAWA;278
SULEIMANOV;278
SZAŁĘGA;278
SZWAGIERCZAK;278
TOPOROWICZ;278
TURBAŃSKI;278
TYRA;278
WAKULUK;278
WALASIAK;278
WALĘDZIAK;278
WATRAK;278
WEJNER;278
WILGUCKI;278
WOJCIESKI;278
WOŁOSIUK;278
ZWIEWKA;278
ADAMENKO;277
BUJNAROWSKA;277
BYLEWSKA;277
DANIELCZAK;277
DRABICKA;277
DRZEWUCKA;277
DULA;277
GÓRCZEWSKA;277
GRUCELA;277
GRYCZEWSKA;277
GRYZIK;277
HORNOWSKA;277
IVASIUK;277
JON;277
KOŚMIŃSKA;277
KUCHYNSKA;277
LEWARTOWSKA;277
PŁAZIŃSKA;277
RUDIUK;277
SURDACKA;277
TRELKA;277
URTNOWSKA;277
WIELEBSKA;277
WILISOWSKA;277
WOŁOSZYŃSKA;277
YEMETS;277
ZASŁONA;277
ŻARNOCH;277
ŻUKROWSKA;277
ANGIELSKI;277
BUDAK;277
CELKA;277
CZORNY;277
DALKOWSKI;277
FIGLUS;277
GAŁĘCKI;277
GĄSIŃSKI;277
GOLEMO;277
GOMOLA;277
GROMELSKI;277
JĄKALSKI;277
KIECANA;277
KLUPA;277
KOCIĘDA;277
KORNOWSKI;277
KRAKOWIAN;277
KUBACZKA;277
KULIKOV;277
ŁĘPA;277
ŁUCARZ;277
MIANOWANY;277
MISTERKIEWICZ;277
MŁODZIEJEWSKI;277
MSTOWSKI;277
NOWALIŃSKI;277
OCHNICKI;277
ORZŁOWSKI;277
PARCIAK;277
PIPKA;277
POCHWATKA;277
POĆWIARDOWSKI;277
PODDĘBNIAK;277
RUŁKA;277
SOŁYGA;277
SUŚ;277
SZLAS;277
TYBURCY;277
TYMECKI;277
ULANICKI;277
WĘSEK;277
WORONA;277
BOLIMOWSKA;276
CZEMBOR;276
DZIERZĘCKA;276
DZIURDA;276
FLASZYŃSKA;276
GORYŃSKA;276
GRELOWSKA;276
GRYNKIEWICZ;276
HAPON;276
HORBACHOVA;276
JARZEMBSKA;276
KOŁOSIŃSKA;276
KUGLER;276
LOBANOVA;276
MOSIEK;276
NOSOWICZ;276
PIETURA;276
ROSIECKA;276
SALWOWSKA;276
SHYIAN;276
SKLIAROVA;276
SOVA;276
TOMASHEVSKA;276
WILSKA;276
BAUZA;276
CINAL;276
CIUCHTA;276
CZANIECKI;276
DŁUGAJ;276
FALGOWSKI;276
HNATÓW;276
JANOWIEC;276
KALCZYŃSKI;276
KARKI;276
KASIARZ;276
KOKHAN;276
KONTOWICZ;276
KRYJOM;276
KRZYSZTOFOWICZ;276
LAMIK;276
LATOSZEWSKI;276
ŁASZCZYCH;276
MADUZIA;276
MARKOCKI;276
MICHUŁKA;276
POSKROBKO;276
PROCHOT;276
ROSADZIŃSKI;276
RYŻ;276
SOCHALSKI;276
STRYCHARCZYK;276
SZALACHA;276
SZCZUKOCKI;276
TUBACKI;276
TYLAK;276
WAJSZCZYK;276
WARPECHOWSKI;276
WĄSAK;276
WIELEBSKI;276
WŁOCZEWSKI;276
ZAGAWA;276
ZAMBROWSKI;276
ZWIERZYKOWSKI;276
CHIBOWSKA;275
CHRUSTEK;275
CHYBIŃSKA;275
DERUCKA;275
DRAŻBA;275
FILIPIŃSKA;275
FLAKOWSKA;275
GIELNIK;275
HAJDAMOWICZ;275
HILDEBRAND;275
JAKIELSKA;275
JEZUSEK;275
KRAMKOWSKA;275
KRAUZOWICZ;275
KROSNY;275
KRYSPIN;275
MACIĄGA;275
MAKAL;275
MARKOCKA;275
ORZEŁEK;275
PIŁKOWSKA;275
SAMCHUK;275
SZLACHCIKOWSKA;275
TOCHOWICZ;275
TRZCINKA;275
WAPIŃSKA;275
WRZESZCZYŃSKA;275
ZACHCIAŁ;275
BIERYŁO;275
BISZCZAK;275
BLASZKE;275
BRAKONIECKI;275
BRYCZKOWSKI;275
CHIBOWSKI;275
CIEBIERA;275
CUR;275
DONDALSKI;275
GELASHVILI;275
GOCAŁ;275
JASIURKOWSKI;275
KABOT;275
KOTAŚ;275
KOZAL;275
KSZCZOT;275
LUDKIEWICZ;275
ŁYSZCZEK;275
MOSKA;275
NOWOCIN;275
OSOBA;275
OSZAJCA;275
PEC;275
PECZYŃSKI;275
PNIOK;275
POPIELEC;275
PORCZAK;275
PSHENYCHNYI;275
RETERSKI;275
RUPAR;275
RYSZAWY;275
SŁOWAKIEWICZ;275
SOBIŃSKI;275
SZAKIEL;275
SZYMKO;275
TRUSZKIEWICZ;275
USHAKOV;275
ZASUWA;275
ŻELEŹNIK;275
BIERZYŃSKA;274
BIŃCZYCKA;274
CIEPIELOWSKA;274
FEDOROWSKA;274
FURGOŁ;274
GĄSIŃSKA;274
HAJKOWSKA;274
JELSKA;274
KHOKHLOVA;274
KIREJCZYK;274
KONONOVA;274
KONOP;274
KOTOŃSKA;274
KULCZEWSKA;274
LAVRYK;274
MALYNOVSKA;274
OMASTA;274
PATALONG;274
PIASNA;274
PLURA;274
PRZYBYŁKA;274
ROJKOWSKA;274
SMOKOWSKA;274
STEBELSKA;274
WACOWSKA;274
WIORA;274
ZIEJEWSKA;274
BAŁUK;274
BARSZCZOWSKI;274
BIERÓWKA;274
BINIAŚ;274
BYTNIEWSKI;274
CEGIEŁA;274
CHEŁMOWSKI;274
CHODARA;274
CUPRYŚ;274
DERELA;274
DUPLICKI;274
FLAKOWSKI;274
GAŃCZARCZYK;274
GRABALSKI;274
HIRNIAK;274
JACHIM;274
JUŚ;274
KNUROWSKI;274
KOSTRZ;274
KRACZEK;274
KRALKA;274
KURCZABA;274
KURKUS;274
MĄCZNIK;274
MĘDRZAK;274
NIECHAJ;274
OSTAŃSKI;274
OTOROWSKI;274
OZIMINA;274
PRZYSIECKI;274
PRZYSTALSKI;274
PUŁTORAK;274
PYZIO;274
RAMOS;274
ROGOWIEC;274
ROZLACH;274
RÓŻ;274
RZEMPOŁUCH;274
SERWOTKA;274
SZARKOWICZ;274
TYLKO;274
WACEK;274
WIĘZOWSKI;274
WITOMSKI;274
WYSIECKI;274
ŻELEWSKI;274
BENDOWSKA;273
BETLIŃSKA;273
BOCZARSKA;273
CHELIŃSKA;273
DOMSKA;273
DOSTATNIA;273
FIJAS;273
GROCKA;273
HUTA;273
JÓZEFCZUK;273
KANAK;273
KAPLITA;273
KŁACZYŃSKA;273
KOPCZAK;273
KORNOWSKA;273
KRAMAR;273
LUBER;273
MALIBORSKA;273
MICHALECKA;273
MORKOWSKA;273
MRZYK;273
ORDOWSKA;273
PODOLECKA;273
POHORILA;273
SKÓRNICKA;273
SODEL;273
STRĘKOWSKA;273
TELĄŻKA;273
ULBRYCH;273
VEREMCHUK;273
WIERCIAK;273
WIERZYCKA;273
WIEWIÓROWSKA;273
ZUIEVA;273
ZWOLENIK;273
ARGASIŃSKI;273
ARMATOWSKI;273
ARSLAN;273
BARAŃCZUK;273
BASZKIEWICZ;273
BRZYSZCZ;273
DOBRZYNIECKI;273
FILAROWSKI;273
GARCZARCZYK;273
GORYŃSKI;273
HALUPCZOK;273
HAŁADAJ;273
HOBOT;273
HORNOWSKI;273
JARZEMBSKI;273
JOSKOWSKI;273
KOLORZ;273
KOPCIK;273
MAKHMUDOV;273
MODRAS;273
MORDZAK;273
OBAL;273
PŁAZIŃSKI;273
PRZEŹDZIAK;273
PUSTKOWSKI;273
ROMBEL;273
RUMIANOWSKI;273
SŁABIAK;273
TROCHONOWICZ;273
VORONOV;273
WILKUS;273
ZACNY;273
ZAMĘCKI;273
ZEMBROWSKI;273
BŁASIŃSKA;272
CISZ;272
DZIELIŃSKA;272
FLAKIEWICZ;272
GERKE;272
IZBIŃSKA;272
JASINOWSKA;272
KĄDZIELAWA;272
KOSESKA;272
LASS;272
LEBIEDŹ;272
MARYŃCZAK;272
MSTOWSKA;272
MYRTA;272
ONISK;272
OSTAŃSKA;272
PELIŃSKA;272
PIONTKOWSKA;272
PODLASIAK;272
REZNIK;272
SHYLO;272
SZAMBURSKA;272
TARCHAŁA;272
TYŃSKA;272
ULANICKA;272
WAWRZON;272
WĘC;272
ŻELEWSKA;272
CIEŻ;272
DERYLAK;272
FIGAJ;272
FILOCHA;272
GIŁKA;272
GŁOMB;272
GONDZIK;272
HURSKYI;272
JAKUS;272
JELSKI;272
KIKUT;272
KORPAS;272
KOZEL;272
KOŻYCZKOWSKI;272
KRYZHANIVSKYI;272
KUCAJ;272
LASSOTA;272
LAU;272
LENCZOWSKI;272
ŁYSKAWKA;272
MACHOLA;272
MIKUTA;272
OCZKOŚ;272
PĄCZKA;272
PIGOŃ;272
PIJET;272
PISANKO;272
PRYBA;272
PURTA;272
REMBIASZ;272
ROICKI;272
RYPIEŃ;272
SKROBAN;272
SOBESTO;272
STĄSIEK;272
SZAMBURSKI;272
SZMULEWICZ;272
SZYNSZECKI;272
TETKOWSKI;272
TOMZA;272
TRZESZCZKOWSKI;272
TURAŁA;272
WĘCŁAWIK;272
WÓŁKIEWICZ;272
ZDZIENICKI;272
ŻURAWICKI;272
ŻYŚKO;272
AKSAMITOWSKA;271
CEJROWSKA;271
DANIELCZUK;271
DZIURKA;271
FORYCKA;271
JABŁKOWSKA;271
JEGLIŃSKA;271
KOCLĘGA;271
MICHORCZYK;271
OKRUTA;271
ORNATOWSKA;271
OSTACHOWSKA;271
PACER;271
POPIELEWSKA;271
PREDKO;271
SŁUŻEWSKA;271
SMALCERZ;271
SOLTYS;271
STASZAŁEK;271
STELMASZCZUK;271
STĘPNIOWSKA;271
STROMECKA;271
SUGALSKA;271
SUPRUNIUK;271
SZLESZYŃSKA;271
SZWICHTENBERG;271
TADAJEWSKA;271
TRZASKALSKA;271
WACHEL;271
WARCHULSKA;271
WOLSZTYNIAK;271
WOŁOWCZYK;271
BUI;271
CHOCZAJ;271
DRACHAL;271
GRAJCZYK;271
IMBIEROWICZ;271
JAKOWSKI;271
KACZMAROWSKI;271
KAZAKOV;271
KĄSEK;271
KOŃCZYŃSKI;271
KOPRAS;271
KORBANEK;271
KUCHERIAVYI;271
LESSNAU;271
MAGUDA;271
MAJSNER;271
MISZCZYŃSKI;271
MITKOWSKI;271
MOJECKI;271
MORAWIECKI;271
MORZYK;271
NALEWAJKA;271
PATYŃSKI;271
PAZUREK;271
PITAK;271
PODOSEK;271
RĘDZIKOWSKI;271
SIWIECKI;271
ŚLĘCZEK;271
ŚLIWAK;271
ŚMIGOWSKI;271
ŚWIŚ;271
TAUBE;271
TYTOŃ;271
WERKOWSKI;271
WERWIŃSKI;271
ZEZULA;271
CHODYRA;270
FOSZCZ;270
HACIA;270
HÜBNER;270
KAJZAR;270
KATAFIASZ;270
KORZENIEC;270
KOVACH;270
LUCHKO;270
MICEWICZ;270
MOCZAŁA;270
MOKWIŃSKA;270
PASTEWSKA;270
PAWICKA;270
PIASTOWSKA;270
PUSTKOWSKA;270
RADUCKA;270
RYFKA;270
SHERSTIUK;270
SMAGOWSKA;270
SOBKA;270
STRZEBOŃSKA;270
SZAJA;270
TETKOWSKA;270
USZOK;270
ADASZYŃSKI;270
BACHLEDA;270
BERKA;270
BOŻĘCKI;270
BURANDT;270
BURDZIAK;270
CERAZY;270
CHRYCZYK;270
CIEMAŁA;270
DANIK;270
DŁUGASZEK;270
DRYGAŚ;270
FIETKO;270
FOTEK;270
GALANTY;270
GEPPERT;270
GOLASIŃSKI;270
GONTA;270
GRECH;270
HAWROT;270
JUDKA;270
JURECZKA;270
KHADKA;270
KIEŁT;270
KNYCHAŁA;270
KOPERKIEWICZ;270
KORBIK;270
LOTKOWSKI;270
LUKIANOV;270
ŁYDUCH;270
MACHAJEWSKI;270
MARDYŁA;270
MROZIAK;270
OPIEKA;270
ORGANISTA;270
PIEKOSZEWSKI;270
PRZĘCZEK;270
PYCZEK;270
RECKI;270
ROZWÓD;270
SECH;270
SIUDUT;270
SURDY;270
SZAŁWIŃSKI;270
SZMYDT;270
SZOMA;270
SZPAKOWICZ;270
ŚCIANA;270
ŚWIĄĆ;270
ULAŃSKI;270
WIJATKOWSKI;270
ZAJAS;270
ZDRENKA;270
ZNANIECKI;270
AKHMEDOVA;269
BEŁDOWSKA;269
BERGIER;269
BYTNIEWSKA;269
DERWISZ;269
GŁUSZKOWSKA;269
GROMULSKA;269
HARTMANN;269
HERASYMOVA;269
JACUŃSKA;269
JĘDRYSZCZAK;269
KOMARNYTSKA;269
KUŹNAR;269
KWARCIANA;269
LATOSZEWSKA;269
LIASHUK;269
LIUBCHENKO;269
LOZYNSKA;269
LUTRZYKOWSKA;269
MAKUCHOWSKA;269
MAZURUK;269
MISIORNA;269
MISIOWIEC;269
MISIUDA;269
MITKOWSKA;269
NYCEK;269
RECKA;269
ROBACZYŃSKA;269
ROZMYSŁOWSKA;269
SIELEWICZ;269
SIEŃCZAK;269
SIERPOWSKA;269
SOBÓR;269
WANIEWSKA;269
ZIELAK;269
ZOLOTAROVA;269
BIELATOWICZ;269
CECHOWSKI;269
CHADRYŚ;269
CHAŁUBIŃSKI;269
DMYTRYSHYN;269
DRACH;269
DZIADYK;269
KASZCZYSZYN;269
KOMENDERA;269
KORWEL;269
KOŹLICKI;269
MINISZEWSKI;269
MÓŁKA;269
PASTURCZAK;269
PEK;269
PIELOK;269
PILCZUK;269
PIONKA;269
PLIŚ;269
RACHUTA;269
ROSIECKI;269
RÓŻYC;269
RZEPIELA;269
SĘDROWSKI;269
SHARIPOV;269
SIERPOWSKI;269
SMUS;269
STOBIERSKI;269
SZCZYRBOWSKI;269
WAPIŃSKI;269
WASZYŃSKI;269
ŻEREBIEC;269
ŻMUDA-TRZEBIATOWSKI;269
BADEŃSKA;268
BIAŁOTA;268
BRAKONIECKA;268
CZYREK;268
DAHLKE;268
FARYŃSKA;268
GUDYKA;268
HALUSHKA;268
HOLOVINA;268
HUNKO;268
JAROCHA;268
KISZKIEL;268
KONIKOWSKA;268
KOPERTOWSKA;268
KROŚNICKA;268
KUPC;268
MANELSKA;268
NALEŻYTA;268
OLESIK;268
PERLIKOWSKA;268
PILOT;268
POŁASKA;268
RYŻEWSKA;268
SAŁASIŃSKA;268
SEEMANN;268
SKRĘTA;268
STANGRET;268
STEPANIAK;268
TARASZEWSKA;268
TYBOR;268
VOROBETS;268
WALDOWSKA;268
WOŁCZAŃSKA;268
ZDZIENICKA;268
ZGLENICKA;268
ZJAWIN;268
ZUBENKO;268
ŻMUDA-TRZEBIATOWSKA;268
BRENK;268
CZERWIAK;268
DRELICHOWSKI;268
DUCHNA;268
DZIATKIEWICZ;268
DZIDOWSKI;268
DZIOCH;268
GACOŃ;268
GRYCZYŃSKI;268
JERZEWSKI;268
KAMZOL;268
KLĘSK;268
KNASIAK;268
KONSTANCIAK;268
KOTEWICZ;268
KRYGIEL;268
KUCHNO;268
KUTKIEWICZ;268
LYSYI;268
ŁANOSZKA;268
ŁOPUCH;268
MINGA;268
MORKOWSKI;268
MULIK;268
NIDZGORSKI;268
PERLIKOWSKI;268
PONETA;268
PUZON;268
RÓWIŃSKI;268
RŻYSKO;268
SERWATA;268
SIEPAK;268
SZADURSKI;268
SZPINDA;268
SZPROCH;268
TARASZEWSKI;268
WAŁKUSKI;268
WIEWIÓROWSKI;268
WILKOŃSKI;268
WIWATOWSKI;268
WROTNY;268
ZBOIŃSKI;268
ANDERSZ;267
CAŁUSIŃSKA;267
GABRYSZ;267
GAŁECZKA;267
GBURZYŃSKA;267
GRABALSKA;267
HARABIN;267
KŁAPKOWSKA;267
KŁOSKOWSKA;267
KOLCZYK;267
KUNCE;267
LASZCZKA;267
LITVIN;267
LOHVYNENKO;267
MACHAJEWSKA;267
MAŃKIEWICZ;267
PIĘKNA;267
PIONKE;267
PSONKA;267
RYBCZYK;267
TŁUŚCIK;267
VITKOVSKA;267
WASILCZUK;267
WENCKA;267
BEŃ;267
BERGMANN;267
BŁASZCZYSZYN;267
BROGOWSKI;267
BURDEK;267
CHERKASHYN;267
CHLASTAWA;267
DANAK;267
DOMARUS;267
DRZEWUCKI;267
DUBROWSKI;267
DURAŁ;267
GIBUŁA;267
GRALEWICZ;267
JADCZUK;267
JAHNS;267
JUJKA;267
KRENZ;267
LEWY;267
ŁOBACZEWSKI;267
MAJDANIK;267
MAŁKUS;267
MULICA;267
NASIADEK;267
NIWCZYK;267
PALEWICZ;267
PELIŃSKI;267
PIELAS;267
SALO;267
SAPUŁA;267
SOTEK;267
STARCZYŃSKI;267
SZAŁACH;267
TYBORSKI;267
WRZALIK;267
WRZECIONO;267
ŻULIŃSKI;267
AST;266
BRZEGOWA;266
DANYLOVA;266
DYCZKA;266
GRZĄDZIELA;266
KLECZKA;266
KLUCZNIOK;266
KOSZARSKA;266
KRYSZCZYŃSKA;266
MOZER;266
NIDZGORSKA;266
PALENGA;266
POPANDA;266
POPKOWSKA;266
POSPIESZYŃSKA;266
RATAJEK;266
RYBALKA;266
SIPOWICZ;266
SIWIECKA;266
STASICKA;266
SZAŁWIŃSKA;266
SZTYK;266
TRZESZCZKOWSKA;266
WARCHOLIŃSKA;266
WIJATKOWSKA;266
ZAMĘCKA;266
ZDAŃSKA;266
ŻURAWIECKA;266
AKSAMITOWSKI;266
BOROVSKYI;266
CIURLA;266
DOLAT;266
FIUTOWSKI;266
GOGOLIŃSKI;266
KALSKI;266
KAPLA;266
KIERASIŃSKI;266
KILJANEK;266
KLEPUSZEWSKI;266
KONDERAK;266
KOTEK;266
KUCZBORSKI;266
KULASZA;266
KULBAT;266
MACHULSKI;266
MIŁOSEK;266
OGAREK;266
OSTACHOWSKI;266
OWCA;266
PALMA;266
PEŁSZYK;266
PIEKIELNIAK;266
PISZCZAŁKA;266
POLIANSKYI;266
PRAJZNER;266
PRUCHNIEWICZ;266
PRZYBECKI;266
RADNY;266
RUSZEWSKI;266
SENDEREK;266
SHCHERBA;266
STEFAŃCZUK;266
SZTACHELSKI;266
TROSKA;266
WAJNERT;266
ZABRZESKI;266
ZAWROTNY;266
ZBIJOWSKI;266
BAC;265
BAŁUSZYŃSKA;265
BARTŁOMIEJCZAK;265
BRESKA;265
CIESZEWSKA;265
CYRANOWSKA;265
DURKALEC;265
ENGLERT;265
FORMICKA;265
HRYN;265
KALWAT;265
KULICZKOWSKA;265
LESZCZEWSKA;265
NAVROTSKA;265
OLBERT;265
PISKUN;265
POLLOK;265
SMARZYŃSKA;265
SOBIESZCZUK;265
SPALIŃSKA;265
SZOCIŃSKA;265
ŚRON;265
UBERMAN;265
WĄSIEWSKA;265
WIERZCHUCKA;265
ZBOIŃSKA;265
CHMARZYŃSKI;265
CICHARSKI;265
CZERNIELEWSKI;265
DADAK;265
FALACIŃSKI;265
FRYMARK;265
GANCZAR;265
GĄGOL;265
GŁĄBIŃSKI;265
GROCKI;265
GROMULSKI;265
HOJNACKI;265
JAGUSZTYN;265
KIJANOWSKI;265
KORWEK;265
KRZYWOSZ;265
LUDIAN;265
ŁAPKIEWICZ;265
MATUK;265
MICHLEWICZ;265
MIKULEWICZ;265
PAŃTAK;265
PĘKACKI;265
POJAWA;265
RAJS;265
RECZUCH;265
REZNER;265
SIEJEK;265
SMOŁUCHA;265
SZARAFIN;265
SZLACHETKO;265
TYŃSKI;265
ZAGAŃCZYK;265
ZIEBURA;265
BOJKOWSKA;264
CHAŁUBIŃSKA;264
DAROŃ;264
DASZCZYK;264
FELIGA;264
GAGO;264
GERULA;264
GOCEL;264
HADRIAN;264
KILJAŃCZYK;264
KŁOŚ;264
KOCZOR;264
KOŹLICKA;264
KURYŁEK;264
LIBERKOWSKA;264
LIBNER;264
MAŁASIEWICZ;264
MAŻEWSKA;264
MISIĄG;264
MYKYTYN;264
OLEWICZ;264
OLSZOWIEC;264
PAMIĘTA;264
PĘSKA;264
PIECHÓWKA;264
POPENDA;264
PSYK;264
SKAKUJ;264
STROJECKA;264
WENDERSKA;264
WĘGIELSKA;264
WYTRYKOWSKA;264
ZABRZESKA;264
ZHDANOVA;264
ZIĘTALA;264
BORYCHOWSKI;264
BRAMBOR;264
CICHUTA;264
CIOMBOR;264
DEMIR;264
DYBIZBAŃSKI;264
DYKYI;264
GIELATA;264
GNOIŃSKI;264
GOLDBERG;264
GOLUBSKI;264
HOFFA;264
KAFTAN;264
KONIAREK;264
KRUSZYK;264
KUKLEWICZ;264
LIBERKOWSKI;264
ŁACHETA;264
MAREKWICA;264
MUSKUS;264
PARYŁA;264
PENKAŁA;264
PŁOSZCZYCA;264
PODKOWSKI;264
ROCHALSKI;264
RYŃ;264
TAMBOR;264
TELECKI;264
WAJSZCZUK;264
WALDOWSKI;264
WASZEWSKI;264
WILSKI;264
WOŁOSZYŃSKI;264
WZIĘTEK;264
ŻÓŁCIŃSKI;264
BOBRUK;263
BODZIAK;263
BORYCHOWSKA;263
BRANECKA;263
BUHAIOVA;263
DALEWSKA;263
DASZUTA;263
DOŁOWA;263
DUBANIEWICZ;263
DYMCZYK;263
DZIĘBOWSKA;263
GRANOSIK;263
HUTSULIAK;263
KAZIMIEROWICZ;263
KIERZNIKIEWICZ;263
KLUCZKOWSKA;263
KOWYNIA;263
KRYSTYNIAK;263
LEDNIOWSKA;263
LUBASIŃSKA;263
ŁUBIAN;263
MACHACZKA;263
MAMCARCZYK;263
MANIURA;263
MANUSZEWSKA;263
MERSKA;263
METRYKA;263
MOCZKOWSKA;263
PROTSIUK;263
REIMUS;263
RUBACH;263
SAWINA;263
SĘDZIKOWSKA;263
SOBOLIEVA;263
SYPKO;263
ŚWIATŁA;263
ŚWIĄTNICKA;263
ZŁOCKA;263
ŻURAWICKA;263
BECHTA;263
BREJ;263
BUCHCIC;263
BUDASZ;263
CHABINIAK;263
CIĄPAŁA;263
DERLETA;263
DYTKOWSKI;263
DZIUB;263
FARYŃSKI;263
GIERLAK;263
GRZECZKA;263
GULAN;263
HRABOVSKYI;263
JABŁKOWSKI;263
JASIÓWKA;263
JĘDRASZCZAK;263
JĘDRUSZAK;263
JOCZ;263
KADULA;263
KALFAS;263
KILIŚ;263
LEGAWIEC;263
LEPIARCZYK;263
LUBAK;263
MAMEDOVI;263
MATLĄG;263
MAŻEWSKI;263
MICOR;263
MISZ;263
MOCZKOWSKI;263
MYSZYŃSKI;263
OKUŃ;263
OTT;263
PEROŃ;263
PIĄTYSZEK;263
PODKOŚCIELNY;263
POMIANEK;263
POTERALSKI;263
SALETNIK;263
SMUK;263
SPALIŃSKI;263
STRZEBOŃSKI;263
SZOCIŃSKI;263
SZYLLER;263
SZYPOWSKI;263
TRYKACZ;263
TRYNIECKI;263
TYDA;263
WEŁNIC;263
YEFREMOV;263
ZDAŃSKI;263
ZIEZIULA;263
ZMARZLIK;263
ZNÓJ;263
BER;262
BREITKOPF;262
DIDUCH;262
DOBRZYKOWSKA;262
DOVHAL;262
FALANDYSZ;262
GIŻEWSKA;262
GWOŹDZIEWICZ;262
HALKINA;262
HNATIV;262
HOLOVATA;262
HUZ;262
JAMROŻ;262
JOŃCZAK;262
KOŁTUNOWICZ;262
LECHOCKA;262
MASSALSKA;262
MUZYCHUK;262
OGRODZIŃSKA;262
OKLIŃSKA;262
ORZŁOWSKA;262
OTTA;262
PRZEDNOWEK;262
ROTTER;262
RYZIŃSKA;262
SARAD;262
SHAMRAI;262
STĘŻAŁA;262
STOROZHENKO;262
WILDE;262
ZORYCHTA;262
ŻOCH;262
BĄKAŁA;262
BUŁAWSKI;262
CEBOTARI;262
CIEPIELOWSKI;262
CZADO;262
DALKE;262
DENYSOV;262
DĘBOWCZYK;262
DO;262
DZIASEK;262
DZIEDZICZAK;262
DZIELIŃSKI;262
DZIUBICH;262
GALASIŃSKI;262
GĘSTWA;262
HAMELA;262
HARENDARZ;262
HOLONA;262
IDZIOR;262
KALITKA;262
KESLER;262
KLARECKI;262
KOLBERG;262
KOŁUCKI;262
KONDRAS;262
KOPUT;262
KUCHARCZUK;262
KUTARBA;262
KWITOWSKI;262
LALA;262
MANUSZEWSKI;262
MAŚLANKOWSKI;262
MILNER;262
NASIEROWSKI;262
NOS;262
OGRODNICZUK;262
OPIŁA;262
PABISZ;262
PACŁAWSKI;262
PIĄSTKA;262
PIŁKOWSKI;262
POGROSZEWSKI;262
PORADZISZ;262
PORAZIŃSKI;262
RODZOCH;262
RULEWSKI;262
SIEPSIAK;262
SPORNY;262
STACHERSKI;262
ŚWIERSKI;262
UŁANOWSKI;262
WAWRZYKOWSKI;262
CIMAŁA;261
DOMOGAŁA;261
DONAJ;261
FEDCHENKO;261
FERUŚ;261
FIRKOWSKA;261
GIERLICKA;261
GOŁOMBEK;261
GRONOSTAJSKA;261
HAIDAI;261
HILL;261
HUMIĘCKA;261
JACHIMSKA;261
JUCHIMIUK;261
KONTNA;261
KULAKOVA;261
LAUBE;261
LUDYGA;261
MAGNOWSKA;261
PERUCKA;261
PIEKOSZEWSKA;261
PLENZLER;261
POGROSZEWSKA;261
ROKICIŃSKA;261
ROŻNIATOWSKA;261
STRILETS;261
TADRZAK;261
TRĄBSKA;261
TRUSEWICZ;261
TUŹNIK;261
WASZYŃSKA;261
WYSIECKA;261
ALEKSIEJCZUK;261
BACIOR;261
BALASA;261
BERCZYŃSKI;261
BUGA;261
BURLIŃSKI;261
CZURAK;261
DĘBCZYŃSKI;261
DOPKE;261
DRABOWICZ;261
DYLEWICZ;261
GRAMATYKA;261
KARELUS;261
KLASIŃSKI;261
KLEMBA;261
KOLUCH;261
KOSZARSKI;261
KRZYNOWEK;261
KRZYWIECKI;261
KUŻAJ;261
LOLO;261
ŁUSZCZKI;261
MALINOVSKYI;261
MISA;261
MUZYCZUK;261
OSTROPOLSKI;261
OZIMKOWSKI;261
POMIERNY;261
PUKACKI;261
RYCIAK;261
SKRUCH;261
SURMAŃSKI;261
SZKUDLARSKI;261
TROCHIMCZUK;261
TRZUPEK;261
WROCZYŃSKI;261
WYSOPAL;261
ZARODA;261
ALBECKA;260
BUŁAWSKA;260
CZANIECKA;260
DASZYŃSKA;260
DOŁKOWSKA;260
GOLUBSKA;260
HYSKA;260
JAROSZKIEWICZ;260
JUTKIEWICZ;260
KIERCZAK;260
KOLĘDA;260
KOZYR;260
LICKIEWICZ;260
LOTKOWSKA;260
OBOZA;260
PANECKA;260
PATECKA;260
PIETRASIEWICZ;260
PŁASKOCIŃSKA;260
PUCHAŁKA;260
ROŚCISZEWSKA;260
RUSZNICA;260
SABIK;260
SIEKANIEC;260
SMAKOWSKA;260
STOLIAR;260
WODNIAK;260
ZALIWSKA;260
ZYGAN;260
ŻWIREK;260
ANTONKIEWICZ;260
BĄCIK;260
CAPAR;260
CHROŚCICKI;260
CHYL;260
CZAPLAK;260
FOLTYNOWICZ;260
GORZEŃ;260
GRĄDEK;260
GUSS;260
JUCHACZ;260
KICA;260
KORETSKYI;260
LATARSKI;260
LEDNIOWSKI;260
ŁODYGOWSKI;260
ŁOSIN;260
MOGIŁA;260
MORKISZ;260
NADARZYŃSKI;260
NAROŻNIAK;260
OGRODZIŃSKI;260
PIERNIKARCZYK;260
PŁACZKIEWICZ;260
POBORSKI;260
PROCHOŃ;260
RABCZEWSKI;260
RYDUCHOWSKI;260
STAWIAK;260
SUTOWICZ;260
SZYMUŚ;260
TEKIEŃ;260
TYWONEK;260
URYSZEK;260
WARUSZEWSKI;260
WASYL;260
WOJSZ;260
WYRZYKIEWICZ;260
ZIĘĆ;260
ŻUCHLIŃSKI;260
BIERSKA;259
CHALA;259
CHWIŁKOWSKA;259
DOROCIŃSKA;259
DUBROWSKA;259
DUKACZEWSKA;259
DYTKOWSKA;259
FLEISCHER;259
FRANECKA;259
GNOIŃSKA;259
GOŹDZICKA;259
GWIZDOŃ;259
HEJMAN;259
HRYSZKIEWICZ;259
JARONI;259
JASŁOWSKA;259
KARGULEWICZ;259
KAWAŁKOWSKA;259
KIERASIŃSKA;259
KLEPUSZEWSKA;259
KOLECKA;259
KONCZALSKA;259
KRZĄKAŁA;259
KUŚNIERCZYK;259
LATARSKA;259
MALICH;259
MORSKA;259
OLEJARSKA;259
PINKOWICZ;259
PIWKOWSKA;259
POLLAK;259
PROBIERZ;259
SAMUEL;259
SEMCHUK;259
SKURCZYŃSKA;259
SZACOŃ;259
SZCZUKOCKA;259
TATARCZUCH;259
WIEROŃSKA;259
ZIELEŹNIK;259
ZYBER;259
ŻUCHLIŃSKA;259
BIAŁUCHA;259
BODURKA;259
BROJA;259
BUDZIOSZ;259
CHRUŚCIAK;259
DZIEDZIELA;259
FRYDRYCHOWSKI;259
GIEDYK;259
GIERWATOWSKI;259
GORYCKI;259
GURBANOV;259
GUZICKI;259
HALABURDA;259
HARUTYUNYAN;259
JASNY;259
JELONKIEWICZ;259
KAJMOWICZ;259
KLARKOWSKI;259
KOŁDRAS;259
KRYSTIAN;259
MIKOŁAJUK;259
MONICA;259
MURGRABIA;259
NYKA;259
PATECKI;259
PESZYŃSKI;259
PIESIEWICZ;259
RĄCZY;259
REWAJ;259
ROBASZEK;259
RÓŻYŁO;259
SEKULAR;259
SPĘTANY;259
SULIGOWSKI;259
SZAROTA;259
SZCZAPA;259
ŚMIECIUCH;259
ŚWIĄTNICKI;259
TARARUJ;259
TRZEWIK;259
TYTUŁA;259
WIERZCHUCKI;259
WOROBIEJ;259
WUWER;259
ANDRIIEVSKA;258
ANGIELSKA;258
BALSAM;258
CECHOWSKA;258
CIEKOT;258
CYCHOWSKA;258
CZWOJDRAK;258
DWULIT;258
GILNER;258
GRZEJDA;258
JĘDRYCZKO;258
KAŁOWSKA;258
KOŃCZYŃSKA;258
KUJAWKA;258
LAŚKIEWICZ;258
ŁATKOWSKA;258
MROZEWSKA;258
NOŻEWSKA;258
OZIMIŃSKA;258
PARYSZ;258
POLOVA;258
POLOWIEC;258
POŁOWNIAK;258
PRZYŁĘCKA;258
PRZYWOŹNA;258
PYCKA;258
RESHETNIAK;258
ROICKA;258
RZYMKOWSKA;258
SENSKA;258
SZKUDLARSKA;258
SZULTKA;258
TLOŁKA;258
TOMECZEK;258
WAŁKUSKA;258
WOJDAS;258
WOŁOSEWICZ;258
ZAHORODNIA;258
ZWIERNIK;258
BACHMAN;258
BISEK;258
BUCHERT;258
DERESZ;258
DYBUS;258
DZIADZIO;258
GAWLICKI;258
GÓRZ;258
GRABICKI;258
GRETKOWSKI;258
GUDEL;258
KIJKO;258
KOŁAT;258
KRYZHANOVSKYI;258
KRZĄSTEK;258
KUSION;258
KUWIK;258
LESKIV;258
LIESKE;258
MIGOWSKI;258
MILANIAK;258
PĘCEK;258
PIDDUBNYI;258
PIKULIŃSKI;258
PODSIAD;258
ROZMYSŁOWICZ;258
SŁUŻEWSKI;258
SUCHORAB;258
TRZASKAWKA;258
WIGLUSZ;258
WYROZĘBSKI;258
WYSOCZYŃSKI;258
ZAJĘCKI;258
ZAWITKOWSKI;258
BECZAŁA;257
DEMBKOWSKA;257
FURMANIUK;257
GAJTKOWSKA;257
GDAŃSKA;257
GRODOWSKA;257
HABRAJSKA;257
HEJNOWSKA;257
HOJNACKA;257
KIJANOWSKA;257
KONOVALENKO;257
KOZDROWSKA;257
KUŚMIERCZUK;257
KYRYCHUK;257
LEUS;257
ŁOMIŃSKA;257
MAISTRENKO;257
MŁODZIEJEWSKA;257
MULAK;257
OBOJSKA;257
PAJER;257
PAVLIV;257
PERTKIEWICZ;257
RDEST;257
RĘDZIKOWSKA;257
RÓWIŃSKA;257
RURAK;257
STRUTYŃSKA;257
SYTNIK;257
ŚMIGOWSKA;257
WALAWSKA;257
WĘGOROWSKA;257
ZALEVSKA;257
ZWIERZYKOWSKA;257
ŻÓŁCIŃSKA;257
BELING;257
BOLECHOWSKI;257
BOTWINA;257
BURLIGA;257
CHAŁAT;257
CHAŁUPA;257
CZYŻKOWSKI;257
FORCZEK;257
FORTUŃSKI;257
FRYDA;257
FUSIEK;257
GBURZYŃSKI;257
GDAŃSKI;257
GICZEWSKI;257
GMYZ;257
GRĄDZIK;257
HŁADKI;257
JANISZYN;257
KŁACZYŃSKI;257
KŁOBUS;257
KOCELA;257
KOMRAUS;257
KRYSZCZYŃSKI;257
LATUS;257
LISOVSKYI;257
LUTO;257
MOHAMMED;257
NAGLAK;257
PADUSZYŃSKI;257
PAWLATA;257
PERGOŁ;257
PODCZASKI;257
PORUCZNIK;257
PRZERADA;257
RACŁAWSKI;257
RADOM;257
RAWIŃSKI;257
RÓŻEK;257
RŻANY;257
SKABA;257
SPRYSZAK;257
SZCZELINA;257
ŚWIGUT;257
TAUDUL;257
WENDERSKI;257
WERMIŃSKI;257
WESTPHAL;257
ZALIWSKI;257
BOBEREK;256
BRACHMAŃSKA;256
DOROSIŃSKA;256
DYMNICKA;256
FELIKSIK;256
FORTUŃSKA;256
FRÖHLICH;256
GABLER;256
GARDZIŃSKA;256
GAWLICKA;256
JAKUSZEWSKA;256
KAŃCZUGOWSKA;256
KOCEL;256
KRUŻYCKA;256
KUDERSKA;256
KULBAKA;256
KULKOWSKA;256
KUZMA;256
KUŹMIUK;256
ŁODYGOWSKA;256
MACHULSKA;256
MALATYŃSKA;256
MANUSZAK;256
MARCHWIAK;256
NIELSEN;256
OTOROWSKA;256
PAKURA;256
PIEKIELNA;256
PODHAJSKA;256
RIABOVA;256
RULEWSKA;256
SĘDROWSKA;256
SINIECKA;256
SKUCIŃSKA;256
STEPANCHUK;256
SULIGOWSKA;256
SYROTIUK;256
SZABLICKA;256
SZENDERA;256
SZNOBER;256
TRACZYKOWSKA;256
WANECKA;256
WASZEWSKA;256
ZAMBROWSKA;256
ZNANIECKA;256
ZUBRYTSKA;256
ŻMUDKA;256
BANIECKI;256
BATOG;256
BEJDA;256
BIGOSIŃSKI;256
BOSIAK;256
BROCZKOWSKI;256
COPIK;256
CYRZAN;256
DOMORADZKI;256
DRABINA;256
DUDZIUK;256
FOLCIK;256
FRANICA;256
FRANICZEK;256
GOLIMOWSKI;256
JACUŃSKI;256
JANOŚ;256
JASINOWSKI;256
KAPELIŃSKI;256
KAWAŁKOWSKI;256
KONON;256
KONOŃCZUK;256
KORCZAKOWSKI;256
KUBAREK;256
KUŹNIARZ;256
LESZCZEWSKI;256
LUDYNIA;256
ŁOBAZA;256
MATŁOK;256
PARADYSZ;256
PIESYK;256
PISZKO;256
PŁOCIŃSKI;256
PYLYPIV;256
RAMIAN;256
SALEWSKI;256
SIEMIENIAKO;256
SOTOMSKI;256
STEFANYSHYN;256
STRULAK;256
STRUTYŃSKI;256
SUCHARA;256
SZAPIEL;256
SZWANKOWSKI;256
TARABASZ;256
TEMPLIN;256
THIEDE;256
TŁOCZEK;256
TOBICZYK;256
TOR;256
WĘSIORA;256
YU;256
ZAWADOWSKI;256
ZDEBIK;256
BATORY;255
BIŁYK;255
CECH;255
CIELIŃSKA;255
DUKIEWICZ;255
GULBA;255
HAŃCZYK;255
KALMUS;255
KARASIAK;255
KORN;255
KRASNOVA;255
KUSHCH;255
MARCHEWICZ;255
MIECZYŃSKA;255
MILKE;255
MUKHINA;255
NAJDEREK;255
POBORSKA;255
POGAN;255
PRYSHCHEPA;255
PUKAŁA;255
RACHOŃ;255
SALEWSKA;255
SIEGMUND;255
SOLOHUB;255
STACHERSKA;255
SUVOROVA;255
SZMULIK;255
SZYPOWSKA;255
ŚCIGAJ;255
WASILKOWSKA;255
WAWRZYKOWSKA;255
WIŚNIOS;255
ALICKI;255
BRUDER;255
CHĘTKOWSKI;255
DOBRY;255
DZIEMIANKO;255
FIRKOWSKI;255
GANDECKI;255
GODOWSKI;255
GRONOSTAJSKI;255
GRUDKA;255
HARAZIN;255
ISAEV;255
JANUCIK;255
KIECKA;255
KIRSZ;255
KNIAT;255
KOMAREK;255
KOSIERB;255
KOTLĘGA;255
KRUŻYCKI;255
KRZYŚCIAK;255
KUKULAK;255
KVARATSKHELIA;255
LESZCZYSZYN;255
LOTKA;255
LUBCZYK;255
LUPAN;255
ŁUBIK;255
MALIBORSKI;255
MARKULAK;255
MOZGAWA;255
NAWOTKA;255
NIEZBORAŁA;255
PACHUT;255
PEJSKI;255
PIERWOŁA;255
PILAS;255
PIWKOWSKI;255
POPADIUK;255
PYPŁACZ;255
REDEL;255
SAŁACIAK;255
SHYMANSKYI;255
STRZEŚNIEWSKI;255
ŚLIWICKI;255
TROFIMIUK;255
TYMOSIAK;255
WALNIK;255
ZAGOZDON;255
ZBRZEZNY;255
ZENKA;255
ŻUKROWSKI;255
ARMATOWSKA;254
BUŹNIAK;254
CHAŁAS;254
CHARKO;254
CZEPUŁKOWSKA;254
DALKOWSKA;254
DROB;254
DYBIZBAŃSKA;254
ERTEL;254
FURDYNA;254
GADZINOWSKA;254
GULEWICZ;254
JADACKA;254
JĘDRO;254
KNUTELSKA;254
MAŚLANKOWSKA;254
MISZTAK;254
OLEKSYK;254
PLOTNIKOVA;254
PODKOŚCIELNA;254
REKIEL;254
ROGUSZKA;254
SABELA;254
SENDROWSKA;254
TOBERA;254
TRZEPACZ;254
WOSZEK;254
ZAWILSKA;254
ZYGNERSKA;254
BANASZYŃSKI;254
BARBARSKI;254
BETLIŃSKI;254
BŁASIŃSKI;254
BRAJCZEWSKI;254
CERANKA;254
CHARA;254
CHWAŁ;254
CIURKOT;254
DRÓBKA;254
FILIPIEC;254
GAJEC;254
GATNAR;254
GAWLE;254
HLIWA;254
HUMIĘCKI;254
JADACKI;254
KLIKS;254
KOBIERZYŃSKI;254
KOMADOWSKI;254
KOSIN;254
LIPIEŃ;254
ŁOWISZ;254
MACIOS;254
MOŃ;254
MUŁA;254
ORNATOWSKI;254
OSTRYSZ;254
PANOV;254
PAŃCZUK;254
PAŹDZIORKO;254
PODMOKŁY;254
PYRYT;254
SKALNIAK;254
SKOTARSKI;254
SMOSARSKI;254
SONG;254
SUSZCZEWICZ;254
SZYMAŃCZUK;254
ŚWIĘTOSŁAWSKI;254
TUBEK;254
WALĄG;254
WOJARSKI;254
WOLSZA;254
WOROSZYŁO;254
WORYTKO;254
BANIECKA;253
BARSZCZOWSKA;253
BERCZYŃSKA;253
BOGUSIAK;253
BRYCZKOWSKA;253
CHUDAK;253
DORNIAK;253
DOSKOCZ;253
DUDCHENKO;253
DUDNIK;253
GIERWATOWSKA;253
GODOS;253
HARMASH;253
JAKIMCZUK;253
JEREMICZ;253
KACHUR;253
KIEŁKOWICZ;253
KNUROWSKA;253
KORCZAKOWSKA;253
KROKER;253
KSEPKA;253
MARGALSKA;253
MARSZAŁKIEWICZ;253
MENES;253
MISZCZYŃSKA;253
NATKOWSKA;253
OZON;253
PAJĄCZEK;253
PASIEWICZ;253
PIECZKO;253
POLAŃCZYK;253
POLIUKHOVYCH;253
POSADZY;253
PRASOŁ;253
PUSTOVIT;253
RAWIŃSKA;253
SOBCHUK;253
STEINER;253
STRYJSKA;253
SZADURSKA;253
SZOŁTYS;253
TOMALKA;253
WARPECHOWSKA;253
WASAK;253
WELTER;253
WODARZ;253
WREMBEL;253
ZAWITKOWSKA;253
ZIELEWSKA;253
BACHYNSKYI;253
BHANDARI;253
BIELOV;253
BORODIN;253
BORZUCHOWSKI;253
CHRUŚLIŃSKI;253
DOŁKOWSKI;253
FIDYK;253
FRYGA;253
GŁADYSZEWSKI;253
GÓRCZYK;253
GRODOWSKI;253
GWARDECKI;253
HOMEL;253
JALOWSKI;253
KAPANADZE;253
KŁAPKOWSKI;253
KOLECKI;253
KOMPAŁA;253
LASZCZYŃSKI;253
ŁATKOWSKI;253
ŁĄKOWSKI;253
MARUSARZ;253
NOŻEWSKI;253
OSZYWA;253
PALAC;253
PARDEJ;253
PĘGIEL;253
PROCAJŁO;253
RAMIĄCZEK;253
SAŁAPATEK;253
SERMAK;253
SMARZYŃSKI;253
SZLACHCIKOWSKI;253
ŚCIEGIENNY;253
WANECKI;253
WARCZYŃSKI;253
ZARYCKI;253
ZIELEWSKI;253
ŻÓŁTAK;253
ŻYTA;253
BLACHARSKA;252
CIEŚLAKOWSKA;252
HORODYŃSKA;252
JASIURKOWSKA;252
KOKOWSKA;252
KOTAŃSKA;252
KOWALEC;252
KRUSIEWICZ;252
LASIA;252
LEKAN;252
LESZ;252
LETKA;252
LUBOŃSKA;252
MAZERANT;252
MENDELEWSKA;252
MIODUCHOWSKA;252
OSTROPOLSKA;252
PISKAŁA;252
PODULKA;252
RAFALIK;252
ROGOŃ;252
ROSADZIŃSKA;252
ROSTECKA;252
RYNIEWICZ;252
SAMOŁYK;252
SHESTAKOVA;252
SYCHOVA;252
SZAMBORSKA;252
SZEPIELAK;252
TROFYMCHUK;252
WILGUCKA;252
ZARYCKA;252
ANISIMOV;252
BIERSKI;252
BIŁEK;252
BIŃCZYCKI;252
BŁACHUTA;252
BOHUSH;252
CEL;252
CYRWUS;252
DRACZYŃSKI;252
DYBICZ;252
FRANECKI;252
GAPPA;252
GARCZEWSKI;252
GRYSZKA;252
KANAS;252
LARWA;252
LIEBNER;252
LUKASEK;252
ŁAŃCUCKI;252
MAGALSKI;252
MERSKI;252
MIKOŁAJKO;252
MODELEWSKI;252
MYŚKÓW;252
NUSZKIEWICZ;252
PINDUR;252
PŁASZCZYŃSKI;252
POCZTOWSKI;252
PRZEBIERACZ;252
ROCHOWICZ;252
ROGUSZEWSKI;252
SAMBURSKI;252
SEŃKO;252
SMOLNY;252
STAJKOWSKI;252
STELMASIK;252
STRĄG;252
SUCHOROWSKI;252
SZUBERLA;252
TRETIAKOV;252
TRZONEK;252
ZIARKIEWICZ;252
ADAMCHUK;251
ANDRASZ;251
BILINSKA;251
BLASZKA;251
BOŁTRYK;251
BOŻĘCKA;251
CENDROWICZ;251
CZEPEK;251
DANA;251
DOBRUCHOWSKA;251
DRAHAN;251
DROBNIEWSKA;251
FILOCHOWSKA;251
GARCZEWSKA;251
GĄSZCZ;251
GRĄDKOWSKA;251
HRYNKO;251
KACZMAROWSKA;251
KAWICKA;251
KORZYBSKA;251
KOSEL;251
LINDE;251
PALUSZYŃSKA;251
PARCZYŃSKA;251
PRILL;251
PRZYBECKA;251
PRZYŻYCKA;251
PUSZKARSKA;251
RAPCZYŃSKA;251
ROJECKA;251
SEMKO;251
SKORŻA;251
SKOTARCZYK;251
STAFIŃSKA;251
SUCHOROWSKA;251
TOPYŁA;251
WANTULOK;251
ABRATKIEWICZ;251
BEZUBIK;251
BIEDNY;251
BOGUSZYŃSKI;251
CHARKOT;251
CHORĄŻEWSKI;251
DROŻDŻAK;251
DZIEWICKI;251
FĄS;251
GARDZIŃSKI;251
GEMBALA;251
GIEŁDA;251
GIESZCZYK;251
GŁOWIK;251
GNACIŃSKI;251
GNITECKI;251
GORZELA;251
GRABNY;251
HUPA;251
KAK;251
KAŹMIERKIEWICZ;251
KHACHATRYAN;251
KICKI;251
KIELIAN;251
KNUTELSKI;251
LOTOTSKYI;251
ŁAGÓD;251
MIODOWSKI;251
MULAWKA;251
ÖZTÜRK;251
PĘDZIMĄŻ;251
POTAPCZUK;251
PROCHWICZ;251
ROJOWSKI;251
SIPORSKI;251
SKRZAT;251
SOFIŃSKI;251
SPICA;251
SZKATULSKI;251
SZWARACKI;251
SZWARCZEWSKI;251
TABIN;251
WDÓWKA;251
WIEROŃSKI;251
WŁOCHOWICZ;251
YEFIMOV;251
ZADOROŻNY;251
BAŁAZIŃSKA;250
BIJOK;250
BOBROVA;250
BRYKALSKA;250
DĘBCZYŃSKA;250
DZIELSKA;250
GANDECKA;250
GEMBICKA;250
GOGOLIŃSKA;250
GRABLEWSKA;250
GREDKA;250
HABRYKA;250
HAJDO;250
IBROM;250
KISZEL;250
KLARECKA;250
KOŁDEJ;250
KOŁODKO;250
KOMADOWSKA;250
LACHOR;250
LEFIK;250
MODER;250
NEVMERZHYTSKA;250
PAŹDZIERSKA;250
PIETRUK;250
PRÓCHNIEWICZ;250
RYZHKOVA;250
SIWONIA;250
SOTOMSKA;250
STRAUB;250
SZWANKOWSKA;250
TROFYMENKO;250
TRZECIECKA;250
WANDACHOWICZ;250
WITALEC;250
WYSOCZYŃSKA;250
ZABUSKA;250
ZBRZEZNA;250
BACHUL;250
BLACHURA;250
BORTEL;250
CIEŚLAKOWSKI;250
ĆWIĘK;250
DOLAK;250
DROPIŃSKI;250
FILIPIŃSKI;250
GAJKO;250
GARDIAN;250
GERA;250
GNIATKOWSKI;250
GNIECKI;250
GOŚLIŃSKI;250
GRZEGÓRZKO;250
GURBISZ;250
HOLZ;250
HYPKI;250
JANK;250
JASŁOWSKI;250
JEROMINEK;250
JODEŁKA;250
KISŁOWSKI;250
KOKOWSKI;250
KOŁTUŃSKI;250
KOMIN;250
KONDRAK;250
KONDYS;250
KRAJCER;250
KURCEWICZ;250
LEJCZAK;250
ŁAGANOWSKI;250
ŁAJEWSKI;250
ŁAWNICKI;250
MIĄSKIEWICZ;250
MITUŚ;250
MOCHALSKI;250
NGUYEN VAN;250
OLEŃSKI;250
OROŃ;250
PAJDO;250
PERUCKI;250
PIERONEK;250
POJASEK;250
POKRZYWKA;250
PRANCZK;250
RACZYK;250
ROŻNIATOWSKI;250
RYŻAK;250
SAVITSKI;250
SENDERSKI;250
ŚWINARSKI;250
TUŁOWIECKI;250
TYRCHA;250
WĄGRODZKI;250
WIETRAK;250
WOŁKOWYCKI;250
ZACHARZ;250
ZDZIENNICKI;250
ANDRAKA;249
ARSENIUK;249
BLITEK;249
BORZUCHOWSKA;249
BUBAŁA;249
CZYŻKOWSKA;249
DAJEWSKA;249
DOMASZCZYŃSKA;249
DZIEWICKA;249
ERAZMUS;249
FILIPOVA;249
HAŚNIK;249
KĘCKA;249
KOMPANIIETS;249
LAMBERT;249
ŁUSZKIEWICZ;249
ŁYCZBA;249
MANDECKA;249
NADARZYŃSKA;249
ORSKA;249
POBEREZHNA;249
POHREBNIAK;249
PRZYŁUSKA;249
SAŁAJCZYK;249
SENDROWICZ;249
STOBIERSKA;249
SZYNOL;249
TEKIELAK;249
TOMCHUK;249
TORZ;249
TUŃSKA;249
VITIUK;249
WIWATOWSKA;249
WŁOSOWICZ;249
WOJCIESZYŃSKA;249
WÓJCIŃSKA;249
WROCZYŃSKA;249
ŻARNOWIECKA;249
BIJATA;249
BIRIUKOV;249
BRĘK;249
CHLEBUŚ;249
CIEKAŃSKI;249
CZEPUŁKOWSKI;249
DARASZ;249
DYMNICKI;249
FILODA;249
GANCZARSKI;249
GOCŁAWSKI;249
KAROLIK;249
KRZYSZYCHA;249
LIZIK;249
MIKIELSKI;249
MOLASY;249
NOGAJCZYK;249
PACHACZ;249
PAĆKO;249
POTACZAŁA;249
PUKOWNIK;249
SAMOJLIK;249
SIEPIETOWSKI;249
SMOLIS;249
STAFIŃSKI;249
SZLASA;249
SZYPRYT;249
ŚCIESIŃSKI;249
ŚNIECIKOWSKI;249
TETŁAK;249
TOMASZCZUK;249
TSYBULSKYI;249
ULCZOK;249
ULEJCZYK;249
WASIŁEK;249
WERBIŃSKI;249
WINCIOREK;249
WROTECKI;249
WYCISŁO;249
YUDIN;249
ZAGRABSKI;249
ZAGRODNY;249
ZBYRAD;249
BERESKA;248
BIAŁOŃCZYK;248
BIZIOR;248
BURLIŃSKA;248
CEDZIDŁO;248
CIEKAŃSKA;248
DAMASZK;248
DOMANIECKA;248
FILAROWSKA;248
FLUDRA;248
GERTNER;248
HAIN;248
HALSKA;248
HERMAŃSKA;248
KLINK;248
KOLESNYKOVA;248
KOLISNICHENKO;248
KOŁTUŃSKA;248
KORCZEWSKA;248
KRZYWIECKA;248
LICHTARSKA;248
NADOBNIK;248
NEKRASOVA;248
NICIEJA;248
OKULARCZYK;248
ORKWISZEWSKA;248
PESZYŃSKA;248
ROJOWSKA;248
SCHULTZ;248
SIĘBOR;248
SLIUSARENKO;248
SOFIŃSKA;248
SPERLING;248
STEBNICKA;248
SURMAŃSKA;248
SZENK;248
ŚLEFARSKA;248
ŚWIDNICKA;248
WARKOCZ;248
WERBIŃSKA;248
WISTUBA;248
WIŚNIOCH;248
WOJCIESZKO;248
ZADOROŻNA;248
BĄBAŁA;248
BRACHMAŃSKI;248
BULARZ;248
BZDYL;248
CHWIEJ;248
CZYRNY;248
DANELSKI;248
DASIEWICZ;248
DESZCZKA;248
DĘBCZAK;248
GACIOCH;248
GŁÓDŹ;248
GORLIKOWSKI;248
HALEJCIO;248
JESIONKOWSKI;248
KAJFASZ;248
KANG;248
KLĄSKAŁA;248
KUBEŁ;248
KUWAŁEK;248
LIZUREK;248
ŁABIENIEC;248
ŁOKIEĆ;248
MALCZUK;248
MICHERDA;248
MOCZADŁO;248
MOŁDA;248
MUZIOŁ;248
OKAJ;248
OLCHAWSKI;248
PACZKA;248
PIELICHOWSKI;248
RYMUT;248
RYSIŃSKI;248
RZĄP;248
SIELECKI;248
SIEMIONEK;248
SKRZĘTA;248
SKUCIŃSKI;248
SZLACHETA;248
TOMAŚ;248
WACHOL;248
WRAGA;248
WTYKŁO;248
WYTRYKOWSKI;248
YATSYSHYN;248
ZAHORSKI;248
ZAITSAU;248
ZELIK;248
ZGLENICKI;248
BĄCELA;247
BIGOSIŃSKA;247
BOLECHOWSKA;247
BYCHOWSKA;247
DMYTRYK;247
DOMORADZKA;247
DRACZYŃSKA;247
DUBIELAK;247
GAJOWCZYK;247
GNIECIAK;247
HELWICH;247
KODYM;247
KOSIERKIEWICZ;247
LACHENDRO;247
LEŚNIAREK;247
LUBERADZKA;247
MICHNICKA;247
MIZERNA;247
MOSUREK;247
MULIAR;247
PANKOVA;247
PODKOWSKA;247
PRÓBA;247
PRZYSTASZ;247
RYSIEWICZ;247
SELEZNOVA;247
SKOROKHOD;247
STANKO;247
STASZ;247
SZAFRUGA;247
SZTACHELSKA;247
BUZUK;247
CEPAK;247
CHODUBSKI;247
CHYTRY;247
CIELIŃSKI;247
CYCHOWSKI;247
CZAJKO;247
CZMIEL;247
DESKIEWICZ;247
DREWING;247
FORDON;247
FOREMSKI;247
FRANCIK;247
GRELOWSKI;247
GRYCH;247
GULBICKI;247
HAPONIK;247
HOTLOŚ;247
JUSTA;247
JUSZKO;247
KARACZUN;247
KŁĄB;247
KOCIERZ;247
KORBAL;247
KRUSZEC;247
KRYM;247
KUZIMSKI;247
ŁYSKO;247
MAMOŃ;247
MIRONOWICZ;247
MŁODOŻENIEC;247
MOTAŁA;247
OLIK;247
PRUSAKOWSKI;247
RYGALSKI;247
RYPINA;247
SENDROWSKI;247
SMOLĄG;247
STACHACZ;247
SZAFER;247
WĘGOROWSKI;247
YASINSKYI;247
ZEMŁO;247
BASEK;246
BILOKON;246
BUHAI;246
BULKA;246
BYCHAWSKA;246
CHODUR;246
CHRUŚLIŃSKA;246
CZWARNO;246
GOLIMOWSKA;246
GRETKOWSKA;246
KACIK;246
KIEC;246
KUTYBA;246
KWESTARZ;246
ŁAŃCUCKA;246
ŁAWNICKA;246
MINCEWICZ;246
MYSZYŃSKA;246
NANOWSKA;246
OZIMKOWSKA;246
PATYRA;246
PĘKACKA;246
PROKHOROVA;246
PUTKO;246
RABCZEWSKA;246
RAUHUT;246
RĘCZKOWSKA;246
ROHOVA;246
ROSŁONEK;246
SIELECKA;246
SKOTARSKA;246
SŁUSZNIAK;246
STAJKOWSKA;246
STALIŃSKA;246
STELMACHOWSKA;246
ŚLIWICKA;246
ŚWIERSKA;246
ULAŃSKA;246
VORONTSOVA;246
WEIMANN;246
ZDANKIEWICZ;246
ABDULLAYEV;246
BAŁUCH;246
BILOUSOV;246
BUŁAKOWSKI;246
CIERPICKI;246
CZAUS;246
DANG;246
DULNIK;246
DURNAŚ;246
FRET;246
FRĘŚKO;246
GAIŃSKI;246
GŁUSZCZ;246
GMITEREK;246
GORECKI;246
KIL;246
KOMSA;246
KORZYBSKI;246
KROC;246
KUTELA;246
MALORNY;246
MARUNOWSKI;246
MASSALSKI;246
MATYSIUK;246
NIEPIEKŁO;246
OBRUŚNIK;246
OŁOWNIA;246
PANECKI;246
PĘŚKO;246
RODZINKA;246
RZYMKOWSKI;246
SAŁACKI;246
SAMOILOV;246
STARAK;246
SYCHOWICZ;246
SZUMERA;246
WĘGIELSKI;246
ZAGAJSKI;246
ZGIET;246
ŻŁOBECKI;246
BAYER;245
BONDARIEVA;245
BORSHCH;245
CHRZĘSTEK;245
DONDALSKA;245
FUHRMANN;245
GANCAREK;245
GĘBALSKA;245
GNACIŃSKA;245
GÓRSZCZYK;245
HOLUBENKO;245
KARNAUKH;245
KHARYTONOVA;245
KOCHANIAK;245
KORENKIEWICZ;245
KROSTA;245
LUHOVA;245
MAGALSKA;245
NESTERCHUK;245
NIKIFOROVA;245
ROZNER;245
SIEWNIAK;245
SNITKO;245
SOBAŚ;245
SOCHALSKA;245
SPORNA;245
STARCZYŃSKA;245
STEINBORN;245
STELMASZUK;245
SZTUCKA;245
TADZIK;245
TOTON;245
WOJTUSIK;245
WOLAS;245
ADAMUSIAK;245
BAJGER;245
BLUMA;245
BORYCA;245
BURSZTYNOWICZ;245
CICHACZEWSKI;245
CYMBOR;245
DOBRZYKOWSKI;245
DROGOŚ;245
GARBATY;245
GĘBALSKI;245
GOŹDZICKI;245
GRANDYS;245
GRUBIAK;245
GRZĘDZIŃSKI;245
GURAZDA;245
HAŁADYN;245
HERCOG;245
HES;245
HUSIEV;245
JAMROZIŃSKI;245
JAROŃCZYK;245
KACZOCHA;245
KARPISZ;245
KOSTRZYCKI;245
KUGLARZ;245
KULEC;245
LIBUDA;245
LIZUT;245
LUBOŃSKI;245
MATEJKOWSKI;245
MORDAS;245
MUL;245
OBOJSKI;245
OKUPNIAK;245
PACZEK;245
PATELA;245
PATOK;245
PSOTA;245
PTASZKIEWICZ;245
PYRZYK;245
RADASZEWSKI;245
REPETOWSKI;245
RĘDZIA;245
SAFRONOV;245
SŁAWKOWSKI;245
SNOPCZYŃSKI;245
SUCHOWSKI;245
ŚLEFARSKI;245
TRUKAWKA;245
TULIK;245
WARDYŃSKI;245
WĘŻOWSKI;245
WILGOS;245
WOWK;245
ZAMKOWSKI;245
ZIOMKOWSKI;245
ZYGNERSKI;245
BŁAHUT;244
BONNA;244
BORTNYK;244
CĂLDĂRAR;244
CZERNIELEWSKA;244
DOBSKA;244
DOVZHENKO;244
DOWNAROWICZ;244
DŻUGAJ;244
FRITZ;244
GIDZIŃSKA;244
GORECKA;244
GRZĄDKOWSKA;244
HUDA;244
JANUSZYK;244
KASJAN;244
KORBELA;244
KOŻYCZKOWSKA;244
KURTA;244
MARYNYCH;244
MICYK;244
MIESZCZYŃSKA;244
MIKIELSKA;244
MODELEWSKA;244
NALYVAIKO;244
OKULEWICZ;244
PALOWSKA;244
PIKULIŃSKA;244
RADIONOVA;244
ROBERT;244
RUDNA;244
SKORYK;244
SŁODOWA;244
STRASZYŃSKA;244
SZCZERBAL;244
SZYMOŃSKA;244
ŚNIECIŃSKA;244
ŚWIĘTOSŁAWSKA;244
VOVCHENKO;244
WAWRZKOWICZ;244
WSÓŁ;244
YAROSHCHUK;244
ZAMOLSKA;244
ZAWISKA;244
ZBIJOWSKA;244
BABUT;244
BAJSZCZAK;244
BIELIAIEV;244
BRZESZCZ;244
CAPEK;244
CHŁODNICKI;244
CHOMKO;244
CIWIŃSKI;244
DYSARZ;244
DZIONEK;244
FEDORYSHYN;244
GALANEK;244
GAWEK;244
GIEZ;244
HABRAJSKI;244
HALCZUK;244
HORBA;244
HUBICKI;244
JADWISZCZAK;244
JAKÓB;244
KAKAREKO;244
KARAKUŁA;244
KOCÓJ;244
KRYSTOSIK;244
LICHTARSKI;244
MADETKO;244
MARGALSKI;244
MENDELEWSKI;244
MILECKI;244
OCIECZEK;244
OKRUTNY;244
PAJA;244
PALUSZYŃSKI;244
PODSIADLIK;244
PUKOWIEC;244
REJDAK;244
ROMANYSHYN;244
ROŚCISZEWSKI;244
SERWAN;244
STELMACHOWSKI;244
STEMPLOWSKI;244
SZCZOTKOWSKI;244
TALARSKI;244
TLAGA;244
TOBJASZ;244
TYRAN;244
TYRPA;244
UTKOWSKI;244
WALERYCH;244
WOŹNIAKIEWICZ;244
WRĘBIAK;244
ZEMBROŃ;244
ANTOSZKIEWICZ;243
BATOROWICZ;243
BEŁKOWSKA;243
BIAŁOSZEWSKA;243
DRZEŻDŻON;243
FADIEIEVA;243
GOL;243
GOŁUSZKA;243
JĘDROSZKOWIAK;243
KAJSZCZAK;243
KARNAFEL;243
KĘDRACKA;243
KUZ;243
ŁAGANOWSKA;243
MALEJ;243
MICIŃSKA;243
MUNTIAN;243
NASIEROWSKA;243
PANCEWICZ;243
POCZTOWSKA;243
PRUSAKOWSKA;243
RASEK;243
REPETOWSKA;243
RUMIANOWSKA;243
RYGALSKA;243
SENDERSKA;243
STRZEŚNIEWSKA;243
SZYNSZECKA;243
ŚWINARSKA;243
WALERIAŃCZYK;243
WALL;243
WARUSZEWSKA;243
ABBASOV;243
BANUL;243
BIAŁORUCKI;243
BIGAS;243
BUJAŁA;243
BULKOWSKI;243
CHERKASOV;243
CHWIŁKOWSKI;243
DAJEWSKI;243
DEMBKOWSKI;243
DEREWECKI;243
DOWGIERT;243
DROBINA;243
FABROWSKI;243
FUTOMA;243
GIDASZEWSKI;243
GOLC;243
GRANIECZNY;243
GRZĄDKOWSKI;243
HERMAŃSKI;243
JAZ;243
KIPA;243
KLACZAK;243
KONCZALSKI;243
KOPERTOWSKI;243
LASYK;243
LEPSZY;243
ŁOJAS;243
ŁOMIŃSKI;243
MASZCZAK;243
MIESZCZYŃSKI;243
MIODUCHOWSKI;243
MISTEWICZ;243
NOWOSADKO;243
PILAK;243
RĘCZKOWSKI;243
SAFONOV;243
SARLEJ;243
SKORULSKI;243
SZTUCKI;243
ŚWIATOWY;243
ŚWIDNICKI;243
TRZECIAKOWSKI;243
VALIEV;243
WANDYCZ;243
WASILKOWSKI;243
WIŚNIAK;243
ZAWILSKI;243
ANTONISZYN;242
BELINSKA;242
BIAŁO;242
BIAŁORUCKA;242
BŁOSZYK;242
BUJWID;242
CHEŁMOWSKA;242
CHOMENTOWSKA;242
CHORĄŻEWSKA;242
FEDOROVYCH;242
FRANCISZKIEWICZ;242
GAŁĘCKA;242
GŁĄBIŃSKA;242
GREINER;242
GRZELACZYK;242
IMIANOWSKA;242
JACYNO;242
JASTER;242
KRIEGER;242
KUBIES;242
ŁĘCZYŃSKA;242
MANTERYS;242
MATEJAK;242
MATWIJ;242
MUSZKIET;242
NIEJADLIK;242
OLCHAWSKA;242
OSIP;242
PIWECKA;242
PUKACKA;242
RZEPCZYK;242
SEREWA;242
SIEROSŁAWSKA;242
SMERECZYŃSKA;242
SOSNOVSKA;242
STAWIANA;242
STECZKOWSKA;242
STELIGA;242
TREPCZYŃSKA;242
TWARDZIAK;242
WAKULIŃSKA;242
ZAGRABSKA;242
ZDRAL;242
ZIÓŁKIEWICZ;242
BACHOR;242
BARDADYN;242
BIELEWSKI;242
BYCHAWSKI;242
CHCIUK;242
CHRÓST;242
CHYRZYŃSKI;242
DŁUGOŃ;242
DOBROCHOWSKI;242
DZIERŻEK;242
FIUTEK;242
FRYŹLEWICZ;242
GAJĘCKI;242
GIDZIŃSKI;242
GOŁBA;242
GROMADKA;242
JARZĄBSKI;242
KARAPETYAN;242
KAWICKI;242
KILIÇ;242
KRALA;242
KSIĄŻKA;242
KUDERSKI;242
KYZIOŁ;242
LAPCZYK;242
ŁYSIKOWSKI;242
MALCZYŃSKI;242
MALITKA;242
MYRONOV;242
ORLOVSKYI;242
PALOWSKI;242
PIECZYWEK;242
PIERONKIEWICZ;242
PLEZIA;242
ROJECKI;242
SERHIEIEV;242
SIEKIERKO;242
SKORY;242
SMERECZYŃSKI;242
SOŁOWIŃSKI;242
SONIK;242
STAWISKI;242
STROŻEK;242
SUDUŁ;242
ŚMIGASIEWICZ;242
ŚWIEŻY;242
TOŁKACZ;242
TRZOSEK;242
TURCZA;242
USTUPSKI;242
WABIŃSKI;242
ŻŁOBICKI;242
BANICKA;241
BŁAZIŃSKA;241
BORKO;241
CHROŚCICKA;241
CHUDZIKIEWICZ;241
CYRAŃSKA;241
DYBCIAK;241
DZIERZBICKA;241
GAJĘCKA;241
GALASIŃSKA;241
GOLIANEK;241
GURGACZ;241
GUZICKA;241
KAPELIŃSKA;241
KLARKOWSKA;241
KOPYRA;241
ŁĘŻNIAK;241
MARUNOWSKA;241
MIGOWSKA;241
MILECKA;241
NALBORCZYK;241
NIEDZIŃSKA;241
NOSENKO;241
POTURALSKA;241
REINKE;241
RETERSKA;241
RYS;241
RYT;241
SIŁKA;241
SIÓDMIAK;241
STAJSZCZAK;241
SUDOMIR;241
TOPOLNICKA;241
WOCKA;241
ZAGRABA;241
ZAJĘCKA;241
ZEMCZAK;241
ŻYTKOWSKA;241
ACHRAMOWICZ;241
BAJNO;241
BESZTAK;241
BŁAJDA;241
BŁAZIŃSKI;241
BOGULAK;241
BOGUSŁAW;241
BYLINKA;241
CHOROBIK;241
DUKACZEWSKI;241
DYMAŁA;241
FARYŚ;241
FURCZOŃ;241
GRODZISKI;241
HALOTA;241
HARKOT;241
HAWRYŁO;241
HORBOWY;241
HORYŃ;241
KONASZEWSKI;241
KOTERWA;241
LELONKIEWICZ;241
LOSIK;241
ŁUBIANKA;241
MALATYŃSKI;241
MAMICA;241
MASZKA;241
MATYASZEK;241
MISIURSKI;241
MORSKI;241
NADULSKI;241
NAJMOWICZ;241
NIESPODZIANY;241
NOWOSIŃSKI;241
ORKWISZEWSKI;241
ORSKI;241
PASIEROWSKI;241
PIEPRZYCKI;241
PŁACHETKA;241
PRZESŁAWSKI;241
SEKULA;241
SKUBEL;241
SPÓLNY;241
STRYJSKI;241
SUHAK;241
SZYMOŃSKI;241
TESMER;241
TUNKIEWICZ;241
WALISIAK;241
WIĘDŁOCHA;241
ZAGÓL;241
BARTYLA;240
BOGDANIK;240
BUDZAN;240
CHAŁUPNICZAK;240
CHWIERUT;240
CIWIŃSKA;240
DRONIA;240
DROŻAK;240
HABURA;240
HUBICKA;240
JODKOWSKA;240
JUCHNO;240
KASIANENKO;240
KĘPOWICZ;240
KING;240
KLASIŃSKA;240
KOBIERZYŃSKA;240
KOSTUSIAK;240
KOŚCIUCZYK;240
KUBIESA;240
KUCZBORSKA;240
LASZCZYŃSKA;240
ŁUPICKA;240
ŁYSIKOWSKA;240
MATVIIV;240
MISIURSKA;240
MURAVSKA;240
MYŚLIWCZYK;240
NOWOMIEJSKA;240
OCHNICKA;240
PASHKO;240
PORAZIŃSKA;240
PRZANOWSKA;240
PUPIEC;240
SAMBURSKA;240
SELL;240
STATECZNA;240
STAWIK;240
TUŁOWIECKA;240
TYMOFIEIEVA;240
UNGER;240
WDOWICZ;240
WYSMUŁEK;240
BEDYK;240
BOJKOWSKI;240
BRZUCHALSKI;240
CHALIŃSKI;240
CIĘPKA;240
CYMANOWSKI;240
DULEBA;240
GADZIAŁA;240
GRĄDKOWSKI;240
JACHIMIAK;240
JEWIARZ;240
JOSEPH;240
KLAMROWSKI;240
KULEJEWSKI;240
MAKOVETSKYI;240
MIECH;240
MUKHIN;240
MYCZKOWSKI;240
NANOWSKI;240
PINKIEWICZ;240
PIPREK;240
RATAJSZCZAK;240
RYCHLICA;240
SAMONEK;240
SIRYI;240
SOLIPIWKO;240
SPÓRNA;240
STACHERCZAK;240
STAŃ;240
SUŚLIK;240
SZYMONOWICZ;240
TOPOLIŃSKI;240
WAŁDOWSKI;240
WICZLING;240
WILCZOK;240
WŁUDARSKI;240
WNUK-LIPIŃSKI;240
ZĄBIK;240
ZŁOCKI;240
ŻARNOWIECKI;240
BARLIK;239
BOGUSZYŃSKA;239
CHRIST;239
DUBOWIK;239
DUSZYK;239
EVANS;239
GAIŃSKA;239
GĘBICZ;239
GŁADYSZEWSKA;239
HASANOVA;239
HELDT;239
HURAL;239
JALOWSKA;239
KAWNIK;239
KLEJDYSZ;239
KOTNIS;239
MANDLA;239
MELESHKO;239
NACHMAN;239
NAMIOTKO;239
NOWICZ;239
PYRAK;239
SCHWARTZ;239
SIEGERT;239
SITNICKA;239
SZAROWSKA;239
SZTANDARSKA;239
SZTYLKA;239
SZUBARTOWSKA;239
SZYMUSIAK;239
ŚCIESZKO;239
ŚNIECIKOWSKA;239
WERMIŃSKA;239
WĘŻOWSKA;239
WOŁKOWYCKA;239
YERSHOVA;239
ZAMKOWSKA;239
ARABSKI;239
AUGUST;239
BARWIK;239
BINIENDA;239
CHMIELNIAK;239
CIAPKA;239
CIENCIAŁA;239
CZYŻNIEWSKI;239
DEJNEK;239
DOROCIŃSKI;239
GIEROBA;239
GLUBA;239
GOYKE;239
GRZĄDZIELEWSKI;239
GUSTA;239
JAKUSZEWSKI;239
KAŁUZIAK;239
KAWALERSKI;239
KĄPIŃSKI;239
KLUPCZYŃSKI;239
KOCZOT;239
KONIARCZYK;239
KUPNY;239
KURZAWIŃSKI;239
ŁOSZEWSKI;239
MISZKE;239
MOSIEWICZ;239
NEMŚ;239
NOWIKOWSKI;239
ONDYCZ;239
ORMIŃSKI;239
PACZEŚNIAK;239
SCHABEK;239
SŁADKOWSKI;239
SZYLAK;239
TRZECIECKI;239
TYRAS;239
VYNOHRADOV;239
WALACHOWSKI;239
WARYSZAK;239
WITUSIK;239
WOLNIACZYK;239
WUJCIK;239
ZAŁÓG;239
ZYNEK;239
ŻELISKO;239
ANDRIUSHCHENKO;238
ANDRUCHÓW;238
BABISZ;238
BĄDKOWSKA;238
BULENDA;238
CZEMPIK;238
DAVID;238
DEMKIV;238
GNITECKA;238
GRYCHTOŁ;238
GRZĘDZIŃSKA;238
JAKOWSKA;238
KABUT;238
KIKOWSKA;238
KOKOSZYŃSKA;238
KULASIŃSKA;238
KUZINA;238
ŁABUZEK;238
ŁĄKOWSKA;238
ŁOBOZ;238
MANDAT;238
MARGIEL;238
MERKULOVA;238
MOCZYGEMBA;238
OLEŃSKA;238
OPIEŁKA;238
ORKISZEWSKA;238
ORMIŃSKA;238
ORZYŁOWSKA;238
OSĘKOWSKA;238
PLĄSKOWSKA;238
PONIEWIERKA;238
PONIKWIA;238
ROCHALSKA;238
ROGUSZEWSKA;238
SADOKIERSKA;238
SAZONOVA;238
SIOMA;238
STAWISKA;238
ŚCIESIŃSKA;238
ŚWIĘCONEK;238
WALCZYKOWSKA;238
WARCZYŃSKA;238
WĘGOREK;238
WYCZAWSKA;238
WYZIŃSKA;238
ZBROŃSKA;238
ARABASZ;238
BLACHARSKI;238
BURZYKOWSKI;238
CIĘŻAREK;238
CYRAŃSKI;238
CZUCHA;238
CZUJKO;238
DAUKSZA;238
DEMBNY;238
GARBAT;238
GASZCZYK;238
GLISTA;238
GRUBICH;238
HAKOBYAN;238
JARZMIK;238
KĘDRACKI;238
KINDRAT;238
KLEBA;238
KOŁOTA;238
KOPANIARZ;238
KOŹNIEWSKI;238
KUCHAR;238
LODA;238
ŁAMASZ;238
MAŁAGOCKI;238
MĄCZKO;238
MOCHOL;238
NABIEV;238
NAWOJCZYK;238
NAWRACAŁA;238
NIEWADZI;238
NOWOMIEJSKI;238
OCHOWIAK;238
OFMAN;238
ORMANIEC;238
PIEJAK;238
PINDELSKI;238
PISKA;238
PLESIAK;238
POLASZEWSKI;238
PRZYCHODNY;238
RABAN;238
ROSTECKI;238
SAMULEWSKI;238
SARAMA;238
STARKOWSKI;238
SURDEJ;238
SZYCHULSKI;238
TARCZOŃ;238
TUREMKA;238
UCHWAT;238
WALCZYKOWSKI;238
WITUSZYŃSKI;238
ZABUSKI;238
ADEREK;237
BARTOCHOWSKA;237
BERNDT;237
CZUDAJ;237
FRANIEL;237
GAJDECKA;237
GICZEWSKA;237
GMITER;237
GNIATKOWSKA;237
GWIAZDOWICZ;237
HRYCKIEWICZ;237
HUT;237
JAMROZIŃSKA;237
KARNASIEWICZ;237
KOIS;237
KOSIM;237
KOTIUK;237
ŁADNA;237
ŁUŹNIAK;237
MACIONCZYK;237
NAUMCZYK;237
NIEBRZEGOWSKA;237
NOSOVA;237
PELYKH;237
PIEŚLAK;237
PULIŃSKA;237
REISS;237
RENKIEWICZ;237
ROZIŃSKA;237
ROŻYŃSKA;237
SCHINDLER;237
SKROŃSKA;237
SNIHUR;237
TSARENKO;237
VASILIEVA;237
WALACHOWSKA;237
WARZYWODA;237
WOJEWSKA;237
WORYNA;237
WROBEL;237
ZABOKLICKA;237
ŻEGLIŃSKA;237
BRYKALSKI;237
BRYNDA;237
BYCHOWSKI;237
CIELEMĘCKI;237
CIESZEWSKI;237
DARSKI;237
DERLECKI;237
DOBSKI;237
DYNDA;237
DZIARKOWSKI;237
ERBEL;237
FIERTEK;237
GAJDEMSKI;237
GAŁĘZIEWSKI;237
GIERTUGA;237
GŁADYS;237
GMITRUK;237
KARPOVICH;237
KLINICKI;237
KOSELSKI;237
KOTAPKA;237
KRYLOV;237
KUTRZEBA;237
LESIV;237
LESZCZYNA;237
MACHULIK;237
MAŁODOBRY;237
MARZEWSKI;237
MYKHAILOVSKYI;237
NAWACKI;237
NURCZYK;237
ODZIEMEK;237
PARZYGNAT;237
PETELA;237
POŁOMKA;237
ROGOZA;237
ROTARI;237
RYŻEWSKI;237
SOCHAL;237
STEBNICKI;237
STĘPSKI;237
STRASZYŃSKI;237
STRUGALSKI;237
SZAŁA;237
SZPILEWSKI;237
SZTYLER;237
WASZUT;237
WAŻYDRĄG;237
WIĄZOWSKI;237
WOJCIESZYŃSKI;237
WYGLĄDAŁA;237
ZACHARKO;237
ZAROSA;237
ZGNILEC;237
ŻARŁOK;237
ŻEGLIŃSKI;237
ŻUKOWICZ;237
ŻURAWIECKI;237
ALCHIMOWICZ;236
BAJERA;236
BARBARSKA;236
BEVZ;236
BILENKO;236
BILL;236
BUTKO;236
CHMARZYŃSKA;236
CHODUBSKA;236
CHRZĄŚCIK;236
CZARTORYJSKA;236
DOBIECH;236
DULOWSKA;236
GAJDOSZ;236
GATKOWSKA;236
GIDASZEWSKA;236
GLAGLA;236
GOŁĘBOWSKA;236
GÓRALEWSKA;236
GULBICKA;236
GULCZ;236
JAROCIŃSKA;236
JOSKOWSKA;236
KABUS;236
KACZUBA;236
KAŁAT;236
KĘDZIAK;236
KIERMASZ;236
KORUSIEWICZ;236
KOSTRZYCKA;236
KRYKUN;236
KUNDYS;236
LESZKA;236
ŁOBACZEWSKA;236
MATEJKOWSKA;236
OLBROMSKA;236
PAJDOWSKA;236
PIELICHOWSKA;236
PIJANKA;236
PINDELSKA;236
PYRGIEL;236
ROT;236
RYDUCHOWSKA;236
RYDZEK;236
SIEDLANOWSKA;236
SIEPIETOWSKA;236
SKORUS;236
TARNAS;236
TOPOLIŃSKA;236
WACZYŃSKA;236
WERA;236
CHUDAŚ;236
CHWASTYK;236
DASZYŃSKI;236
DOMANIECKI;236
FABIJAŃCZYK;236
FĄK;236
FURMAGA;236
GADZINOWSKI;236
HERIAN;236
KINALSKI;236
MACIASZ;236
MAMLA;236
NIEDŹWIEDZIŃSKI;236
OBROCKI;236
OZIMIŃSKI;236
PANKANIN;236
PARDYKA;236
PEPLINSKI;236
PLISZCZYŃSKI;236
POPARDA;236
PRZYŁĘCKI;236
RECZKOWSKI;236
ROKICIŃSKI;236
RYBIAŁEK;236
RYCERSKI;236
SARBA;236
SHYMKO;236
STEMPIŃSKI;236
SUN;236
SYGIT;236
SZUBKA;236
TREPCZYŃSKI;236
UBIK;236
UŁASIUK;236
UTNICKI;236
WAWRZENIUK;236
WIELOPOLSKI;236
WŁOSZCZYK;236
ZĄBCZYŃSKI;236
BERŁOWSKA;235
BIELIKOVA;235
BOYKO;235
GNIECKA;235
HOMIK;235
HOWANIEC;235
KAŁĘCKA;235
KULEJEWSKA;235
KUTYŁOWSKA;235
LECHMAN;235
LIPERT;235
ŁAJEWSKA;235
ŁOJSZCZYK;235
MARZEWSKA;235
MĘDRECKA;235
NASTAŁEK;235
OBROCKA;235
ODOLCZYK;235
ODWAŻNA;235
ONISHCHENKO;235
PAWLEWICZ;235
RACŁAWSKA;235
RIEGEL;235
SEMENETS;235
SOBURA;235
STRUGALSKA;235
SUPLICKA;235
SZAFARSKA;235
TOŁŁOCZKO;235
TRZECIAKOWSKA;235
UCHNAST;235
YAREMKO;235
ZAMIAR;235
BARWACZ;235
BRUDŁO;235
BURDON;235
CAŁKOWSKI;235
CHANAS;235
CHODZYŃSKI;235
CZAJOWSKI;235
DALKA;235
DYMAREK;235
FIGZAŁ;235
GORAJEK;235
GREMBOWSKI;235
GRYL;235
GRZEBIŃSKI;235
GULIYEV;235
HUMENNYI;235
KĘCKI;235
KIELIŃSKI;235
KISZKO;235
KLECKI;235
KRĘŻELOK;235
KROCZ;235
LEWERA;235
ŁĘCZYŃSKI;235
ŁOZICKI;235
MARCJANIK;235
ODOLIŃSKI;235
OSĘKOWSKI;235
OZDARSKI;235
PAŹDZIERSKI;235
PIETRZELA;235
PILSZAK;235
PRZYŁUSKI;235
PUCZKOWSKI;235
PYZOWSKI;235
ROCHOWSKI;235
ROŻYŃSKI;235
SANAK;235
SIEROSŁAWSKI;235
STOTKO;235
SUCHANECKI;235
SZELĄGIEWICZ;235
TRZPIOT;235
TUSZNIO;235
WASIŁOWSKI;235
WIELKOPOLAN;235
WOLARZ;235
ZMACZYŃSKI;235
BERNATSKA;234
BIEGUS;234
BIELEJEWSKA;234
BULHAKOVA;234
BURZYKOWSKA;234
CHERNEHA;234
CHYLICKA;234
DZIUROWICZ;234
FLEGEL;234
FRACH;234
GANCZARSKA;234
GOZDALSKA;234
HENDRYSIAK;234
HUPKA;234
JODŁOWIEC;234
KORCZOWSKA;234
KOROWAJ;234
KUCHMA;234
KUZAJ;234
KUŻEL;234
LASKIEWICZ;234
LUTSIUK;234
ŁYSZKOWICZ;234
MARKOVSKA;234
OLEŚNIEWICZ;234
OLISZEWSKA;234
RADCZUK;234
RYSIŃSKA;234
SNOPCZYŃSKA;234
STEPHAN;234
SZWARCZYŃSKA;234
TEREBA;234
WARDYŃSKA;234
WITUSZYŃSKA;234
WNUK-LIPIŃSKA;234
YEROMINA;234
ŻYCHOWICZ;234
BADECKI;234
BIELEJEWSKI;234
CEJMER;234
CEREK;234
CHRUŚLICKI;234
DAJER;234
DARCZUK;234
FILOCHOWSKI;234
FREUS;234
GARULA;234
GEHRKE;234
GETLER;234
GÓRALEWSKI;234
HEŁMECKI;234
HOMENIUK;234
ISAKOV;234
JACKOWICZ;234
JAŚNIKOWSKI;234
JENDA;234
KAŁĘCKI;234
KARPIESIUK;234
KLINCEWICZ;234
KLONEK;234
KUDYK;234
KURLEJ;234
LECHNIAK;234
LEKI;234
ŁODZIANA;234
MĘDRECKI;234
MĘDZA;234
NIEDOPYTALSKI;234
NIEZGÓDKA;234
OLBROMSKI;234
PANDEY;234
PETA;234
PIEPRZOWSKI;234
PIORUNOWSKI;234
PODZIEWSKI;234
POLIKOWSKI;234
POPIELNICKI;234
PRZANOWSKI;234
SAŁAGA;234
SAMP;234
SERUGA;234
SIENKO;234
STASIKOWSKI;234
STEFANÓW;234
SYGULSKI;234
SZNEIDER;234
ŚWIEŻAK;234
TRACZYKOWSKI;234
WIEJACZKA;234
WYCZAWSKI;234
ŻYLUK;234
BAŃDO;233
BARKOWSKA;233
BARTOLD;233
BARTUSIK;233
BEZUHLA;233
BOROVETS;233
BRAJCZEWSKA;233
CHUIKO;233
CIASNOCHA;233
CZUBER;233
DIAKIV;233
DZIAMBOR;233
FALACIŃSKA;233
FOREMSKA;233
GADOCHA;233
GIERASIŃSKA;233
GRAFF;233
IZAK;233
JANCZUR;233
KASPERKOWIAK;233
KIELIŃSKA;233
KONIECZYŃSKA;233
KREIS;233
LAZARIEVA;233
LEBUDA;233
LIPOWIECKA;233
LUDA;233
LYTVYNIUK;233
MAKOVSKA;233
MALCZYŃSKA;233
MAMOS;233
MYCZKOWSKA;233
NADULSKA;233
NYZHNYK;233
PASTUSHENKO;233
POLASZEWSKA;233
ROCHOWSKA;233
SAŁACKA;233
SAMULEWSKA;233
SIONKOWSKA;233
STARZOMSKA;233
SZKATULSKA;233
ŚMIGLEWSKA;233
ŚRUTWA;233
TEREKHOVA;233
TYMECKA;233
USTUPSKA;233
WILCZOPOLSKA;233
WOLFRAM;233
ZMACZYŃSKA;233
ZOLICH;233
ZYZAŃSKA;233
ANIELAK;233
BADUREK;233
BĘC;233
BOHO;233
BRUNKA;233
CHECHŁACZ;233
CHODYNIECKI;233
CIOROCH;233
DEJK;233
DRUCIAREK;233
DUJKA;233
GŁADYCH;233
GOLCZEWSKI;233
GUCIK;233
GUZIOŁEK;233
JASAK;233
KABATA;233
KLIMOV;233
LELEWSKI;233
LICHWAŁA;233
ŁADOWSKI;233
ŁUPICKI;233
ŁUSIEWICZ;233
MAJDZIK;233
MOKIJEWSKI;233
MURYN;233
NABIAŁCZYK;233
OCHLIK;233
OKRZEJA;233
ORZYŁOWSKI;233
PIWECKI;233
PODOLECKI;233
POPOW;233
PSUJ;233
PYZNAR;233
ROSTANKOWSKI;233
SAWCZYN;233
SERWETA;233
SKALMIERSKI;233
SKURCZYŃSKI;233
SKWARCZEK;233
SMOGÓR;233
SNOPKIEWICZ;233
SOPYŁA;233
STALIŃSKI;233
SZTANDARSKI;233
SZUCHNIK;233
ŚNIADAŁA;233
ŚNIECIŃSKI;233
TIL;233
URAMOWSKI;233
WOJEWSKI;233
WYDERSKI;233
ZAWITOWSKI;233
ZBROŃSKI;233
ŻEBRAK;233
ABEL;232
CHEDA;232
CHOLEWSKA;232
CYGLER;232
CYRANOWICZ;232
CZUK;232
DUPLICKA;232
GABRUŚ;232
HEŁMECKA;232
HOFMANN;232
IGNAC;232
JARZĄBSKA;232
KALIŚCIAK;232
KIERUL;232
KOCIĘBA;232
KONASZEWSKA;232
KURINNA;232
LUBARSKA;232
MLEKO;232
MOROZIUK;232
NIEDZWIEDZKA;232
NIERYCHŁO;232
PIERZCHLEWICZ;232
POHORIELOVA;232
PRZESŁAWSKA;232
SOŁTYK;232
SPECHT;232
STAROSZ;232
STEMPIŃSKA;232
STRZELEWICZ;232
TURCZAK;232
WOŁCZEK;232
WOŹNIK;232
YEVDOKYMOVA;232
ZADURA;232
BANICKI;232
BAŃCZAK;232
BASTRZYK;232
BELOWSKI;232
BEŁKOT;232
BERŁOWSKI;232
BODURA;232
BUKSIŃSKI;232
CHOCHOWSKI;232
CUDZIK;232
DROGOWSKI;232
DUBIAK;232
FRASZ;232
GNYŚ;232
GOŁYGOWSKI;232
HABAJ;232
JACHYMCZYK;232
KAŃKOWSKI;232
KLAMUT;232
KORCZOWSKI;232
KRYMSKI;232
LUKASHEVICH;232
MICHNICKI;232
NIELIPIŃSKI;232
OKÓLSKI;232
ORZESZYNA;232
PIETRAKOWSKI;232
POLICHNOWSKI;232
PRZYDRYGA;232
PRZYGODZIŃSKI;232
RADZIWONKA;232
RĘKOŚ;232
SABA;232
SAŃKO;232
SEKRECKI;232
SIUCIAK;232
SZOŁUCHA;232
ŚCIRKA;232
WARCABA;232
ZABOKLICKI;232
AGACKA;231
ANKOWSKA;231
BABINA;231
BADECKA;231
BALCAR;231
BATIUK;231
BIERUT;231
CHEPURNA;231
DERLUKIEWICZ;231
DWORACZYK;231
GALIMSKA;231
GISZCZAK;231
GLOBISZ;231
GOROŃSKA;231
GRABOWA;231
HAŁABURDA;231
JARZĘCKA;231
JASTRZEMSKA;231
JUNIEWICZ;231
KAIZER;231
KOLBA;231
KRZEMIENIECKA;231
LICHMAN;231
ŁYZIŃSKA;231
MAROŃSKA;231
NABORCZYK;231
NAWACKA;231
NOWIKOWSKA;231
PLISZCZYŃSKA;231
POPYK;231
ROSTANKOWSKA;231
SERHIICHUK;231
SKRZYSZEWSKA;231
SMODEREK;231
SZAJER;231
SZYNWELSKA;231
ŚWIECZKA;231
WITTKE;231
WROTKOWSKA;231
ANKOWSKI;231
BAŁAZIŃSKI;231
BEZKOROVAINYI;231
BOSZCZYK;231
BRALSKI;231
BRANECKI;231
CAŁEK;231
CHABIERSKI;231
CHĘTNIK;231
CHODOWSKI;231
CHOLEWSKI;231
CHOMENTOWSKI;231
CZUCHRYTA;231
DEPOWSKI;231
DEROŃ;231
DOBRZYŃ;231
DOLEWSKI;231
DOŃCZYK;231
DRĄCZKOWSKI;231
DRZYSTEK;231
FOKSOWICZ;231
GARDIAS;231
GŁUSZYK;231
GRZYBCZYK;231
HAS;231
HYSKI;231
JAGÓDKA;231
JAŁOWY;231
JANCZARSKI;231
JARNUTOWSKI;231
JONCZAK;231
KARTASIŃSKI;231
KŁOSOK;231
KOŁBA;231
KONIECZYŃSKI;231
KONISZEWSKI;231
KOTERAS;231
KRYSTECKI;231
LUBERADZKI;231
ŁATAK;231
ŁAZUKA;231
ŁOPUSZAŃSKI;231
MAISURADZE;231
MAMOK;231
OLCHA;231
ORZEPOWSKI;231
PAJDOWSKI;231
POCHWAŁA;231
RABĘDA;231
RACZKOWIAK;231
ROKSELA;231
ROŻEJ;231
SINICA;231
SKURZEWSKI;231
STACHEL;231
SUPLICKI;231
TAJER;231
TANDEK;231
TYBUREK;231
VASYLIV;231
WARTECKI;231
WILOCH;231
WISKI;231
WITTSTOCK;231
WYTRYKUS;231
YEMELIANOV;231
ZENKER;231
ZHDANOV;231
AŁASZEWSKA;230
AVDIEIEVA;230
BARTLEWSKA;230
BOCHAROVA;230
BOCHNACKA;230
BRECZKO;230
CAŁKOWSKA;230
CZADER;230
CZUDEK;230
DATSKO;230
DEREWECKA;230
DOBROCHOWSKA;230
FILIMONOVA;230
GARDYNIK;230
KARTASIŃSKA;230
KONONCHUK;230
KRUZA;230
KURZAWIŃSKA;230
KYRYLOVA;230
LAUER;230
LAVROVA;230
MATZ;230
MLICZEK;230
MYKYTENKO;230
ODOLIŃSKA;230
PIEPRZOWSKA;230
POZDNIAKOVA;230
PRIEBE;230
ROMASZEWSKA;230
RUDNIAK;230
STEMPKA;230
SYGULSKA;230
SYVAK;230
WROTECKA;230
ZIMOŃCZYK;230
BOCHNACKI;230
BUJARSKI;230
BUTYŃSKI;230
ĆWIĘKA;230
DANIELIK;230
DONICA;230
GAJLEWICZ;230
GALCZAK;230
GASIDŁO;230
HEJDA;230
HOLEWIK;230
HOŁY;230
KARDEL;230
KLEIST;230
KOPYCIOK;230
KUBAL;230
KURCOŃ;230
LONT;230
ŁUKACZ;230
MAGNUSKI;230
MAROZAU;230
MEKSUŁA;230
MILKIEWICZ;230
MITROWSKI;230
MONASTYRSKI;230
NAZARCZUK;230
OBRAŁ;230
OCZACHOWSKI;230
OKRĄGŁY;230
OLEŚKÓW;230
OSOWICKI;230
PAŁUBSKI;230
PORĘBNY;230
POTASIŃSKI;230
PROFIC;230
RAPCZYŃSKI;230
REBIZANT;230
RYTCZAK;230
SADOVSKYI;230
SŁAWUTA;230
SMURZYŃSKI;230
SZUBARTOWSKI;230
ŚMIŁEK;230
TATKA;230
TRENDEL;230
TROFIMOV;230
TYPIAK;230
UHRYN;230
URAWSKI;230
WACOWSKI;230
WALASZKOWSKI;230
YURKIV;230
ZAWICKI;230
BAGŁAJ;229
BANDUCH;229
CHABIERSKA;229
CHARYTON;229
DANELSKA;229
DUBRAWSKA;229
DZIERBICKA;229
FABROWSKA;229
HARATYM;229
HARDEJ;229
HRYTSAK;229
JANCZARSKA;229
JASIOŁEK;229
JUZWA;229
KOLADA;229
KOSA;229
KREBS;229
KUTRZUBA;229
LAUDAŃSKA;229
ŁOPUSZAŃSKA;229
MAISTRUK;229
MATUSKA;229
OZDARSKA;229
PASIERBSKA;229
PATOCKA;229
PEJSKA;229
PODĘBSKA;229
POPIELNICKA;229
PRESZ;229
PRZYGODZIŃSKA;229
RADASZEWSKA;229
RZEPNIKOWSKA;229
SHVORAK;229
SMOSARSKA;229
STARZECKA;229
STRAWIŃSKA;229
SUCHOWSKA;229
ŚLÓSARCZYK;229
TONDEL;229
VALCHUK;229
ZELMAN;229
ŻŁOBECKA;229
ANTOSZCZAK;229
BAGNIUK;229
BARTOCHOWSKI;229
BAWÓŁ;229
CACH;229
CHROST;229
CICHORZ;229
FIGIELSKI;229
FLORYSIAK;229
GAŹDZICKI;229
GWIZDALSKI;229
HORODYŃSKI;229
JANETA;229
KANIKOWSKI;229
KARAMON;229
KIDACKI;229
KOLAS;229
KOPRUCKI;229
KOŚCIAK;229
KOTELA;229
KRAWCZYSZYN;229
KRZOWSKI;229
KUŹBIK;229
KWINTAL;229
LABAK;229
LOBANOV;229
LORKIEWICZ;229
ŁAPAWA;229
MISIUKIEWICZ;229
MOR;229
NIEBRZEGOWSKI;229
NIENARTOWICZ;229
ODROWĄŻ;229
OTAWA;229
OTRZĄSEK;229
OZOROWSKI;229
PARZYŃSKI;229
PROŚCIŃSKI;229
PRZYŻYCKI;229
PURCHLA;229
SENKO;229
SIDWA;229
SŁAPA;229
SMOŁKOWICZ;229
STAROS;229
SUCHOŻEBRSKI;229
SYGUDA;229
SZYBISTY;229
ŚCIBAK;229
TATOL;229
TOPOLNICKI;229
TYLISZCZAK;229
WALAWSKI;229
WALICA;229
WAWRZYNOWSKI;229
WINCEK;229
WROSZ;229
ZABRZEŃSKI;229
ZOMKOWSKI;229
ZYZAŃSKI;229
ABRAMCHUK;228
BABIS;228
BURDZIK;228
BUTYŃSKA;228
CHEREDNYCHENKO;228
CHERVINSKA;228
DUKA;228
FILUTOWSKA;228
FORSZPANIAK;228
GOŁYŃSKA;228
GRAJOSZEK;228
GWIZDALSKA;228
JĘCZMYK;228
KALLA;228
KĄPIŃSKA;228
KISELOVA;228
KLAMROWSKA;228
KLECKA;228
KLITA;228
KONCZEWSKA;228
KOROLCHUK;228
KOTSIUBA;228
LATA;228
MAZOWIECKA;228
PAŁUBSKA;228
PEDRYC;228
PIEROŃCZYK;228
PUZA;228
SIEGIEŃ;228
SIPORSKA;228
SMĘDZIK;228
SOŁOWIŃSKA;228
STASIKOWSKA;228
SVITLYCHNA;228
TACZKOWSKA;228
TESLIUK;228
TROKHYMCHUK;228
TRZCIONKOWSKA;228
WALENCKA;228
WASZCZYŃSKA;228
WAWRYSZCZUK;228
WIĄCKIEWICZ;228
WILCZKIEWICZ;228
WŁUDARSKA;228
WYDERSKA;228
ŻURKIEWICZ;228
ŻYWIECKA;228
ANTKOWICZ;228
BĄDKOWSKI;228
BLATKIEWICZ;228
BŁOTKO;228
BOCEK;228
BRĄCZEK;228
CHECHŁOWSKI;228
CHŁOŃ;228
CIELICA;228
DOWEJKO;228
DRAGOSZ;228
DUTKOWIAK;228
DYGOŃ;228
DZIKOWICZ;228
GRUBKA;228
HAMERLIK;228
HOLISZ;228
JARZĘCKI;228
KIKOWSKI;228
KOBIEC;228
KOSTRZĘBSKI;228
KOZACZEK;228
LIPINSKI;228
LITKOWIEC;228
LUDEW;228
MELEROWICZ;228
MOKOSA;228
MORĄG;228
MOSTOVYI;228
NADSTAWNY;228
NAZARKIEWICZ;228
PILISZEK;228
PROMNY;228
PROŚNIEWSKI;228
ROŚNIAK;228
SIENIEK;228
SKOWERSKI;228
SOBANIEC;228
STECZKOWSKI;228
SZAFIRSKI;228
SZAROLETA;228
SZUSTEK;228
VASILIEV;228
WAKULIŃSKI;228
WETOSZKA;228
WĘGRZECKI;228
WOJDAL;228
WYZIŃSKI;228
ZABORNY;228
ZBOZIEŃ;228
ZDOLSKI;228
ZGLICZYŃSKI;228
ZIEMECKI;228
ŻYTKOWSKI;228
ARCIMOWICZ;227
BABKIEWICZ;227
BAGIEŃSKA;227
BOCHYNEK;227
BOIARCHUK;227
BOLIK;227
BZOWA;227
CHECHŁOWSKA;227
CHRUŚLICKA;227
CIEŚLARCZYK;227
FITAŁ;227
FRASEK;227
HARASYMOWICZ;227
KACIUBA;227
KANIKOWSKA;227
KIRCHNER;227
KRECZMAŃSKA;227
KRZEKOTOWSKA;227
KUBIĆ;227
LEONIK;227
LUKASHENKO;227
LUKASHUK;227
MAIER;227
MAKULA;227
MAMOT;227
MUCHEWICZ;227
NIEKRASZ;227
NYCKOWSKA;227
ORYSZCZAK;227
PACZOSKA;227
RUCZKOWSKA;227
SHYSHKINA;227
SMENTOCH;227
SUCHANECKA;227
WĄDOŁKOWSKA;227
WIELOPOLSKA;227
AKACKI;227
ALIIEV;227
BAŁCHAN;227
CABA;227
CIESZKO;227
DEMKOWSKI;227
DĘBIAK;227
DOŚPIAŁ;227
DROBNIEWSKI;227
DUDYK;227
FĄFROWICZ;227
GŁOMSKI;227
GRUSZECZKA;227
HERNES;227
JACHIMSKI;227
KAŁUŻNIAK;227
KOŁPA;227
KONCZEWSKI;227
KOŚCIANEK;227
KUSTUSZ;227
ŁAPUCHA;227
MEREDYK;227
MIKULA;227
MURACKI;227
NOCH;227
PERUN;227
PERYGA;227
PINCZEWSKI;227
POLECHOŃSKI;227
PROKOPEK;227
PRZYMUS;227
PYTLAKOWSKI;227
REJAK;227
SĘP;227
SKROBAŃSKI;227
SKROŃSKI;227
SZCZYRBAK;227
SZPEJNA;227
SZTOBRYN;227
ŚWIERZKO;227
TEODOROWSKI;227
TRZCIONKOWSKI;227
TRZEPAŁKA;227
YAKUBOVSKYI;227
ZASTRÓŻNY;227
ŻELEŹNIAK;227
BARECKA;226
BRALSKA;226
BRONIEWICZ;226
BUCHOLSKA;226
BULLA;226
DATTA;226
DEMKÓW;226
DIAKOVA;226
DŁUŻYŃSKA;226
GARDYŃSKA;226
GORLIKOWSKA;226
GRAŁEK;226
GURBAŁA;226
JASZCZERSKA;226
KINALSKA;226
KISŁOWSKA;226
KOSELSKA;226
KRIUKOVA;226
KRUEGER;226
KUDRYK;226
KUZIMSKA;226
LIRO;226
MALYSH;226
MANISZEWSKA;226
MOSPAN;226
NYCH;226
OSTROWICZ;226
PACIEJEWSKA;226
PIECHULSKA;226
PLEWCZYŃSKA;226
PUCZKOWSKA;226
PYSZKOWSKA;226
PYZOWSKA;226
ROJCZYK;226
RUSZEWSKA;226
STACHA;226
ULJASZ;226
WAWRZYNOWSKA;226
WIRKOWSKA;226
WITMAN;226
WOJTYŁO;226
WYSIŃSKA;226
ZAWROTNA;226
ZĄBCZYŃSKA;226
AGACKI;226
BAĆ;226
BARTECZKA;226
BEŁKOWSKI;226
BIAŁOSZEWSKI;226
BRZOSKI;226
BUCHOLSKI;226
BUCOŃ;226
CHWALIK;226
CIEPLICKI;226
CIOBANU;226
CZAPKOWSKI;226
DŁUŻYŃSKI;226
DRAGUŁA;226
DUCZKOWSKI;226
DZIENISIEWICZ;226
DZIURDŹ;226
FLISIŃSKI;226
GACZOREK;226
GOŁĘBOWSKI;226
GRAJDEK;226
HEDA;226
JÓSKOWIAK;226
KIERPACZ;226
KUBECZKO;226
KUBISA;226
KULASEK;226
LAMORSKI;226
ŁYSIO;226
MADEJAK;226
MANDECKI;226
MASIUKIEWICZ;226
MAZIJ;226
MEHLICH;226
MELNIKAU;226
MGŁOSIEK;226
MIESZKALSKI;226
MLOSTEK;226
MUDRYI;226
NIERYCHLEWSKI;226
ORKISZEWSKI;226
OŻDŻYŃSKI;226
PAKHOMOV;226
PAŚNIEWSKI;226
PERET;226
POKÓJ;226
PRZEDLACKI;226
SKRZYSZEWSKI;226
SPANDEL;226
SZREIBER;226
SZULETA;226
ŚWISŁOCKI;226
TATKO;226
TOBYS;226
TROC;226
UCZCIWEK;226
WACZYŃSKI;226
WĄDOŁKOWSKI;226
WOSZ;226
WYRWICKI;226
ZAGACKI;226
ZIŃCZUK;226
ŻURAWEK;226
AKONOM;225
ANKUDOWICZ;225
BALABAN;225
BUTLER;225
CHMIEST;225
CHUDALA;225
CIENKOWSKA;225
DEINEHA;225
DERLECKA;225
DUBYK;225
FIZIA;225
FOŁTYN;225
GAŁĘZIEWSKA;225
GOLUBIEWSKA;225
GRODZISKA;225
HAUZER;225
HEINZE;225
IRLIK;225
JARNUTOWSKA;225
JAŚNIKOWSKA;225
JĘDREJ;225
KREMSKA;225
KWAŚNIOWSKA;225
LESZKOWSKA;225
ŁADYŃSKA;225
ŁANIECKA;225
ŁASZCZUK;225
ŁAZOR;225
MAĆKO;225
MYSZKO;225
NIENAJADŁO;225
ODOJ;225
ROMANCHENKO;225
RZEPNICKA;225
SHEIKO;225
SKVORTSOVA;225
SŁAWKOWSKA;225
SOSIK;225
STEMPLOWSKA;225
WABIŃSKA;225
WASYLEWICZ;225
WIERZGACZ;225
WYSZECKA;225
BARACZ;225
BYSTROWSKI;225
CHYLICKI;225
CIOŁAK;225
CISZOWSKI;225
CYBULAK;225
DOROCKI;225
DUBINA;225
DWORZECKI;225
FLIŚNIK;225
FORGIEL;225
GROCHOCIŃSKI;225
HAZA;225
HENEL;225
HUZIOR;225
JAŁOWICZOR;225
JANISIEWICZ;225
JASTRZEMSKI;225
KOCAŃDA;225
KOŁTONOWSKI;225
KONOFALSKI;225
KORCZEWSKI;225
KOWALONEK;225
KULMACZEWSKI;225
MALETA;225
MAROŃSKI;225
MERK;225
MOSKALEWICZ;225
PĘCHERSKI;225
PIOŚ;225
PITAS;225
PLĄDER;225
POLOVYI;225
PORDZIK;225
POTURALSKI;225
PRYT;225
RADZIEMSKI;225
RADZIĘTA;225
ROCZON;225
RODEWALD;225
ROGOZIK;225
RYPEL;225
SADKIEWICZ;225
SAJKO;225
SIPAK;225
STARZOMSKI;225
STRAWIŃSKI;225
SWÓŁ;225
SZABLOWSKI;225
SZERLĄG;225
SZMUL;225
SZYNWELSKI;225
ŚNIEGUŁA;225
TEOFILAK;225
TUŃSKI;225
TURBIARZ;225
UMIASTOWSKI;225
URUSKI;225
WROTKOWSKI;225
WYKRĘTOWICZ;225
ZAKIERSKI;225
BOGACZEWICZ;224
BORYSŁAWSKA;224
BYCZYK;224
CHĘTKOWSKA;224
CHODOWSKA;224
CHWIEĆKO;224
CIEPLICKA;224
DARSKA;224
DEMBNA;224
DOROCKA;224
DROPIŃSKA;224
DROSIK;224
FALKUS;224
FLISOWSKA;224
GOLUB;224
GORZEL;224
GREMBOWSKA;224
GRZEBIŃSKA;224
HUĆKO;224
JAKÓBIEC;224
KARMAZYN;224
KŁYK;224
KOKOTT;224
KRATIUK;224
KRETKIEWICZ;224
KUKOWKA;224
KURNATOWSKA;224
KWAŚNIOK;224
ŁOZICKA;224
MAKOHON;224
MIELKO;224
MILCZYŃSKA;224
MOŁDRZYK;224
NIECHWIADOWICZ;224
NIEDŹWIEDZIŃSKA;224
NOWAKIEWICZ;224
NOWECKA;224
OCZACHOWSKA;224
PATEJ;224
PATRZEK;224
PIŁATOWSKA;224
PŁAWIŃSKA;224
SIŃSKA;224
SKALMIERSKA;224
SOLODKA;224
SPÓLNA;224
STOGOWSKA;224
SYNOŚ;224
SYPER;224
SZCZOTKOWSKA;224
SZOMBARA;224
SZPILEWSKA;224
SZYCHULSKA;224
SZYMAK;224
WIKARSKA;224
WYDROWSKA;224
ZIEMECKA;224
ALBINOWSKI;224
BALDY;224
BANASIŃSKI;224
BOJARA;224
BRZĄKALIK;224
BUCIAK;224
BULLER;224
CHRUST;224
CHWIROT;224
CIESIELCZUK;224
CYNK;224
DUBERT;224
DYMSKI;224
DZIERZBICKI;224
GAŁĄZKIEWICZ;224
GOCAŁEK;224
GRZYBACZ;224
JUŹWIK;224
KAKOWSKI;224
KAPLAN;224
KERLIN;224
KRĘZEL;224
KURZOK;224
LUBAWY;224
ŁANIECKI;224
ŁUDCZAK;224
MILITOWSKI;224
MOZGAŁA;224
NIEDZIŃSKI;224
ORLOF;224
OSZEK;224
PARCZYŃSKI;224
PASZKOT;224
PIETRUŚ;224
PIŁATOWSKI;224
PUPKA;224
RUCZKOWSKI;224
RYCAK;224
RYNIO;224
RZĘSA;224
SINIECKI;224
SIOK;224
SKIRZYŃSKI;224
SKOWROŃ;224
STASZKO;224
SYSA;224
SZULGA;224
TARABUŁA;224
TCHORZEWSKI;224
TOTOŃ;224
ZUG;224
ARTIUKH;223
BALL;223
BANASIŃSKA;223
CHODYNIECKA;223
CIELAS;223
DEPOWSKA;223
FERSTER;223
FIEGLER;223
GRYCMAN;223
GRZEBIENIAK;223
HRYCAK;223
JAZIENICKA;223
JEGIER;223
JEMIELITA;223
JĘCHOREK;223
KACPRZYŃSKA;223
KIRICHENKO;223
KOCHOWSKA;223
KORALEWICZ;223
KRUG;223
LABISZ;223
LENORT;223
ŁOTYSZ;223
MAURER;223
NAUMCHUK;223
OMACHEL;223
PASIEROWSKA;223
PROŚCIŃSKA;223
RECZKOWSKA;223
ROZENBAJGIER;223
RUSYN;223
SERDYŃSKA;223
SHUMSKA;223
SOŁTYSZEWSKA;223
STAL;223
STRZELBICKA;223
SZWAJCER;223
SZWARACKA;223
ŚLIWECKA;223
TERESIAK;223
TOMASZ;223
TRATKIEWICZ;223
WAŃSKA;223
WAŻYŃSKA;223
WĘGRZECKA;223
ADASIEWICZ;223
BAGIEŃSKI;223
BAKOWSKI;223
BEROWSKI;223
CICHAL;223
CYNARSKI;223
DAMAZIAK;223
DOBA;223
DOBRUCHOWSKI;223
FALISZEK;223
FILUTOWSKI;223
GLAC;223
GRYGIERZEC;223
GRZEBUŁA;223
HALIGOWSKI;223
HRAPKOWICZ;223
KALASHNIKOV;223
KANOWNIK;223
KAZIUK;223
KOCHOWSKI;223
KUBRYN;223
KULASA;223
KULICZKOWSKI;223
KUMOROWSKI;223
KUŚNIERCZAK;223
LEDWOCH;223
MACHOLL;223
MAKIEWICZ;223
MARKIEWKA;223
MIGUS;223
NEPELSKI;223
OSTRZOŁEK;223
OŚCIK;223
PATOCKI;223
PIETER;223
PISKADŁO;223
PLOTA;223
POSPIESZYŃSKI;223
PRZEORSKI;223
PUCZKO;223
PYCIŃSKI;223
PYZARA;223
ROMASZEWSKI;223
RYMUZA;223
SAFARYN;223
SERDYŃSKI;223
SOBUSIAK;223
SOIŃSKI;223
SZCZYGLAK;223
SZKOLNICKI;223
SZUTENBERG;223
ŚCIBOROWSKI;223
ŚLĘK;223
TYLCZYŃSKI;223
WARCHOLAK;223
WIKAR;223
WŁADZIŃSKI;223
WODARA;223
ZAKOLSKI;223
ZAMOLSKI;223
ALICKA;222
BIARDZKA;222
CHUDERSKA;222
CISZOWSKA;222
CZEMPIŃSKA;222
DAVIES;222
DOBRIANSKA;222
DRABENT;222
FLISZKIEWICZ;222
GMUREK;222
GROCHOWIAK;222
HEN;222
HERASHCHENKO;222
KARPACZ;222
KOŁDA;222
KOWCZ;222
KRAMSKA;222
KUCYK;222
LESHCHUK;222
LICBARSKA;222
MAMCZARZ;222
OKÓLSKA;222
OKSIUTA;222
PARECKA;222
PAŚNIEWSKA;222
PODSKARBI;222
POKORNA;222
PRIADKO;222
PROTS;222
PUZIA;222
REMBALSKA;222
RĘDZIŃSKA;222
RYGLEWICZ;222
SHYNKARUK;222
SPUTO;222
SUCHOŻEBRSKA;222
SZKOLNICKA;222
TRĘTOWSKA;222
UMIASTOWSKA;222
WOJARSKA;222
ZELMAŃSKA;222
ZIOMKOWSKA;222
AŁASZEWSKI;222
ANDRUCZYK;222
BEHNKE;222
BĘŚ;222
BRYSZ;222
BUGANIK;222
BURDALSKI;222
CENCORA;222
CIECHOŃSKI;222
CZELEŃ;222
CZERECH;222
DARZNIK;222
DOBRIANSKYI;222
DUSZKA;222
FALASA;222
FURCZYK;222
GĄGOŁ;222
GRUDOWSKI;222
GRZEBYTA;222
HALKIN;222
HAŁGAS;222
HATŁAS;222
HYŻYK;222
JAMRY;222
JURYS;222
KICIOR;222
KIELEK;222
KLESZYK;222
KLUŚ;222
KŁÓSKO;222
KOŁTYŚ;222
KOROLEWICZ;222
KOSZTOWNY;222
KOTYZA;222
KOWALÓW;222
KREMSKI;222
KUCHNIAK;222
KUCY;222
LIPOWIECKI;222
ŁASECKI;222
ŁOBODZIEC;222
MAGNOWSKI;222
MARCINKÓW;222
MARKUT;222
MATACZYŃSKI;222
MIERKIEWICZ;222
NETTER;222
NIEWIADA;222
OSENKOWSKI;222
PALMĄKA;222
PĄCZKO;222
POKROPEK;222
RĘKAWIECKI;222
RYBITWA;222
SKÓRZAK;222
SUFIN;222
SULSKI;222
SZUTOWICZ;222
TETLAK;222
TUL;222
WOJDOWSKI;222
WOJNIUSZ;222
WYDROWSKI;222
ZAŁUBSKI;222
ZDZIEBORSKI;222
ZELGA;222
ZELMAŃSKI;222
ANDUŁA;221
BAKOWICZ;221
BARDZIK;221
BIELARZ;221
BULKOWSKA;221
CIOCZEK;221
CZARCZYŃSKA;221
CZARNYNOGA;221
DAVIS;221
DRĄCZKOWSKA;221
FOKINA;221
GŁADYSIAK;221
HAIEVSKA;221
HALIGOWSKA;221
HARASIMCZUK;221
JEDNORÓG;221
JĘDRYSZEK;221
KARWAS;221
KŁOBUCH;221
KONIECZNIAK;221
KOVBASIUK;221
KRUPCZYŃSKA;221
LELEWSKA;221
LUKASZCZYK;221
MACHAŁEK;221
MAJROWSKA;221
MOKIJEWSKA;221
MORZY;221
MYKHAILYSHYN;221
NADSTAWNA;221
NALASKOWSKA;221
PĘCHERSKA;221
PINCZEWSKA;221
PŁAZIAK;221
PRYSIAZHNA;221
RADZIEJOWSKA;221
RZYMEK;221
SHLAPAK;221
SŁONIEC;221
SPĘTANA;221
SPLITT;221
STĘPSKA;221
SURAWSKA;221
TYLCZYŃSKA;221
VINTONIAK;221
WIĄZOWSKA;221
ZAKOLSKA;221
ZHURBA;221
BACZA;221
BARYS;221
BAZYLCZUK;221
BOLIBOK;221
BRUDNOWSKI;221
DZIEŃKOWSKI;221
GARDYŃSKI;221
GROMOTKA;221
GRYLAK;221
JAROCIŃSKI;221
JĘDROL;221
JONASZ;221
KAŹMIERCZUK;221
KLACZEK;221
KLAMCZYŃSKI;221
KMIOŁEK;221
KRYSZTOF;221
KUDROŃ;221
KUSZPIT;221
LICBARSKI;221
ŁAZ;221
MACIOSZCZYK;221
MOFINA;221
MOGILNICKI;221
NOWECKI;221
OLSZTA;221
PEŁKOWSKI;221
PIECEK;221
PIECHULSKI;221
PŁASKOCIŃSKI;221
PŁOTNICKI;221
PODHAJSKI;221
PONCZEK;221
POTAŚ;221
PSUJA;221
RADO;221
ROZIŃSKI;221
RYGOL;221
SAVELIEV;221
SKRZYDLAK;221
SOLAN;221
STRUGIŃSKI;221
SZAFARSKI;221
SZULFER;221
VASILEUSKI;221
WALENCKI;221
WOJTACKI;221
WOWER;221
WYGAŚ;221
ZARAZIŃSKI;221
ŻYWIECKI;221
BAHRII;220
BALIUK;220
BONDER;220
BUKSIŃSKA;220
CYNARSKA;220
CZŁAPIŃSKA;220
ĆWIĘCZEK;220
DIAK;220
DYMSKA;220
GRUDOWSKA;220
GWARDECKA;220
JARUS;220
JENDRZEJ;220
KANTOROWICZ;220
KARLSSON;220
KASIANOVA;220
KLOSA;220
KLUPCZYŃSKA;220
KOŁUCKA;220
KONISZEWSKA;220
KORDYL;220
KRYSTECKA;220
KRYVA;220
KURPIERZ;220
KWIETNIOWSKA;220
MIELCZARCZYK;220
MITRENGA;220
OSENKOWSKA;220
PAJKERT;220
PEJAS;220
PIGULSKA;220
PINTERA;220
POLICHNOWSKA;220
SACHARUK;220
SMURZYŃSKA;220
SOBOCIK;220
STANNA;220
STEPANETS;220
ŚWIATOWIEC;220
UŚCIŁOWSKA;220
WALKER;220
WIERA;220
YATSKIV;220
ZAPISEK;220
ZDZIENNICKA;220
ŻŁOBICKA;220
ŻMICH;220
BŁASZKO;220
BOJDYS;220
BOŁDYS;220
BUŁAŚ;220
BUNIAK;220
BURCZY;220
BUZALSKI;220
CYPEL;220
CZAJEWSKI;220
CZARTORYJSKI;220
DRWĘCKI;220
DUBOVYI;220
DZIMIŃSKI;220
FIODOROW;220
GABOREK;220
GDAK;220
GRANICZNY;220
GRZESŁO;220
HEJMANOWSKI;220
ICKIEWICZ;220
IWON;220
JAROĆ;220
JODKOWSKI;220
KAPEK;220
KOŁT;220
KOMARNYTSKYI;220
KOŃPA;220
KOZAJDA;220
KRĘŻELEWSKI;220
KROPORNICKI;220
LEBIDA;220
LENIEC;220
LEŚNIAŃSKI;220
LICZMAŃSKI;220
LUBARSKI;220
ŁOPATECKI;220
ŁYZIŃSKI;220
MAZOWIECKI;220
MKRTCHYAN;220
MYSZCZYŃSKI;220
NIETUBYĆ;220
NIEWULIS;220
OCHRYMIUK;220
OPIC;220
PŁOTKOWSKI;220
POLISZUK;220
PONIŃSKI;220
PRZYSTAŃSKI;220
RAKHIMOV;220
RĘBILAS;220
RÓŻANOWSKI;220
RZEPNICKI;220
SADOKIERSKI;220
SIENKOWSKI;220
SIUREK;220
SŁOCKI;220
SMUG;220
STEMPAK;220
SUSZYCKI;220
ŚRODEK;220
TAJS;220
TORBICZ;220
TRZUSKOWSKI;220
WAWEREK;220
WYSIŃSKI;220
ZAPRAWA;220
ZUIEV;220
ALIEKSIEIENKO;219
BAŁANDA;219
BYSIEK;219
CHYŻA;219
DELEWSKA;219
DŁUGOWSKA;219
FRENCEL;219
GAJDEMSKA;219
GAWLICA;219
GOLDMANN;219
KAFAR;219
KASZCZUK;219
KMIN;219
KONOFALSKA;219
KOSHEL;219
KRULIKOWSKA;219
KUSHNIRUK;219
MILIAN;219
NIEMYT;219
ONYSZCZUK;219
ORUBA;219
PIWONI;219
PUDELSKA;219
RENK;219
ROBASZYŃSKA;219
RÓŻANOWSKA;219
SHVYDKA;219
SIELCZAK;219
SOKOLIUK;219
TEODOROWSKA;219
WANTOCH-REKOWSKA;219
BABAYEV;219
BLONKOWSKI;219
CARUK;219
CHAJA;219
CHAŃKO;219
CHUDYBA;219
CIURYSEK;219
DELĄG;219
DOBKIEWICZ;219
DYMNY;219
FIGLEWICZ;219
FLAKUS;219
FRAŃCZUK;219
FRYSZKOWSKI;219
GIBA;219
GODZIEBA;219
GOŹDZIAK;219
HANCZEWSKI;219
HARABASZ;219
HELIOSZ;219
IBEK;219
JAFRA;219
JAMBORSKI;219
JANCZARA;219
JÓZEFACKI;219
KAWAŁA;219
KINAS;219
KODZIS;219
KUŚPIEL;219
MALYSHEV;219
MARMOL;219
MOLA;219
MORYTO;219
MUŻA;219
NAREL;219
NOCULA;219
OCZADŁY;219
OSTAFIŃSKI;219
PIGLA;219
PIGULSKI;219
POLIAK;219
PROŚNIAK;219
PYRC;219
RADOMIŃSKI;219
ROPEL;219
SABINIARZ;219
SMEREKA;219
SPOCIŃSKI;219
SUBDA;219
SULISZ;219
SYSIAK;219
SZAMBORSKI;219
SZAROWSKI;219
WAŁĘKA;219
WYCZAŁKOWSKI;219
ŻÓŁTASZEK;219
ALEKSIEWICZ;218
BILKIEWICZ;218
BORYNA;218
BRĘCZEWSKA;218
BYCHKOVA;218
CHŁODNICKA;218
CZEPIEC;218
DOLEWSKA;218
DUCZKOWSKA;218
DWÓRZNIK;218
FIGLARZ;218
GOGOLOK;218
HOLOVACH;218
KOZACZYŃSKA;218
KRĘŻELEWSKA;218
LAMORSKA;218
LUBAWA;218
ŁADOWSKA;218
ŁUKIEWSKA;218
MAZIAREK;218
NIELIPIŃSKA;218
NIEŚWIEC;218
OKROJEK;218
PRZEORSKA;218
ROCHMIŃSKA;218
ROMATOWSKA;218
RZEMIENIECKA;218
SEWERA;218
SKIRZYŃSKA;218
SKROBAŃSKA;218
SMIATEK;218
STECZKIEWICZ;218
STRACHOWSKA;218
SZCZUTOWSKA;218
TESZNER;218
TRACZUK;218
UTKOWSKA;218
WABICH;218
WINKIEL;218
WISKA;218
WYPICH;218
YANOVSKA;218
AZIZOV;218
BOKWA;218
CHĘŚ;218
CHŁOPICKI;218
CZŁAPIŃSKI;218
DREJER;218
DROZDOV;218
DUDAK;218
DZIADCZYK;218
DZIURSKI;218
GAŹDZIK;218
GIORGADZE;218
GOZDALSKI;218
GRYNCZEL;218
GRZYBICKI;218
GUMOLA;218
HERUDZIŃSKI;218
JURAŚ;218
KAMOCKI;218
KAŚKIEWICZ;218
KIPIGROCH;218
KMINIKOWSKI;218
KONDRATIEV;218
LOKŚ;218
MADRAK;218
MAŁKA;218
MATLĘGA;218
MINORCZYK;218
MISIUNA;218
MŁODECKI;218
MOJSKI;218
PIETRASZAK;218
PRUSICKI;218
PYZIA;218
REMBALSKI;218
ROCHMIŃSKI;218
RYBARZ;218
SALICKI;218
SASIŃSKI;218
SHYSHKO;218
SIEMIASZKO;218
SIODŁOWSKI;218
SŁODOWSKI;218
SZCZUTOWSKI;218
SZCZYGLEWSKI;218
SZYMCZYSZYN;218
TREPIAK;218
TUTKOWSKI;218
TYPEK;218
UŚCIŁOWSKI;218
WABERSKI;218
WALOTKA;218
WRONIEWICZ;218
YABLONSKYI;218
ZARZYKA;218
ZIELEŹNY;218
ŻEREBECKI;218
ŻYTKA;218
BABULEWICZ;217
BAGNOWSKA;217
BEROWSKA;217
BLUS;217
BUŁAKOWSKA;217
CHWALCZUK;217
CIELEMĘCKA;217
CZARNIEWSKA;217
DOLIA;217
DYMNA;217
DZIĘCIELEWSKA;217
GOMOLUCH;217
GREK;217
GRYGOWSKA;217
GUJSKA;217
JURCZENKO;217
KĄCA;217
KIEZIK;217
KISIELA;217
KLAUZIŃSKA;217
KŁUSAK;217
KOCERBA;217
KOŚCIAN;217
LEHKA;217
LIASHKO;217
LIUTA;217
ŁOSZEWSKA;217
NERKA;217
NOSALSKA;217
NOWODWORSKA;217
NOWOSIŃSKA;217
OSTAFIŃSKA;217
PABISEK;217
PACHOŁ;217
PEŁKOWSKA;217
PIORUŃSKA;217
PRZEMYK;217
PRZYCHOCKA;217
ROSZCZENKO;217
SIENKOWSKA;217
SPRUCH;217
STRUMIŁŁO;217
WALASZKOWSKA;217
WOJTYŁKO;217
WYRWICKA;217
ZABORNA;217
ZAWICKA;217
ZGLICZYŃSKA;217
AUGUŚCIAK;217
BUHAIOV;217
CICHORACKI;217
CIENKOWSKI;217
CZESNOWSKI;217
DUNOWSKI;217
DYRLAGA;217
DZIERBICKI;217
FOTEREK;217
GALIMSKI;217
GAŁDYN;217
GOLUBIEWSKI;217
GOROŃSKI;217
GROMKO;217
GRYCZKOWSKI;217
GRYZIO;217
GUTT;217
IWASIECZKO;217
JANUKOWICZ;217
JERZY;217
KACPRZYŃSKI;217
KAMINIARZ;217
KIEBAŁA;217
KILIJANEK;217
KOCIA;217
KOŁECZEK;217
KOPANIECKI;217
KORNICKI;217
KRZEKOTOWSKI;217
KRZEMIENIECKI;217
LUTER;217
MACHULAK;217
MAKOLA;217
MALINKA;217
MARTENKA;217
MOREŃ;217
MOSKWIK;217
NICIAK;217
NYCKOWSKI;217
PARKITA;217
PIETRUSA;217
PIORUŃSKI;217
PISIAK;217
PLOTNIKOV;217
POPIELUCH;217
PRYKA;217
PYSZYŃSKI;217
REGUCKI;217
ROGOZ;217
SAPALSKI;217
SARWIŃSKI;217
SIWIERSKI;217
SKRAJNY;217
SUSFAŁ;217
SZYMON;217
ŚWIOSTEK;217
TACZKOWSKI;217
TORBICKI;217
TRĄD;217
VASILYEU;217
WAWRZUTA;217
WIELEC;217
WYJADŁOWSKI;217
ZATWARNICKI;217
ZWIJACZ;217
ŻYDZIK;217
BADOCHA;216
BADYNA;216
BALCEROWIAK;216
BELOWSKA;216
BURAWSKA;216
CHEŁMICKA;216
DERENIOWSKA;216
FRYSZ;216
GALBARCZYK;216
GŁUSZCZYK;216
GROCHOCIŃSKA;216
HRYSHYNA;216
KLINICKA;216
KNOBLOCH;216
KUCZKA;216
ŁOPATECKA;216
MADECKA;216
MAGNUSKA;216
MARIANOWSKA;216
MAŚKO;216
MILITOWSKA;216
MITROWSKA;216
MIZGIER;216
MURZYŃSKA;216
NAGY;216
NIERODZIK;216
NIEUŻYŁA;216
OMILIAN;216
OSTAS;216
OSTRZYŻEK;216
PARZYŃSKA;216
PAWĘSKA;216
PETRYCHENKO;216
PŁOSKOŃ;216
POŁAP;216
PROKHORENKO;216
PRZEOR;216
RAMCZYK;216
RYMARKIEWICZ;216
SALWEROWICZ;216
SIWIERSKA;216
SKAZA;216
SŁADKOWSKA;216
SOTNYK;216
STANCEL;216
SULSKA;216
SZAFIRSKA;216
SZOR;216
TOPORSKA;216
ULLMANN;216
URUSKA;216
VOITSEKHOVSKA;216
WABERSKA;216
WLECIAŁ;216
WŁASIUK;216
WOSKOWICZ;216
YAKOVETS;216
ŻMIGRODZKA;216
BARWINEK;216
BENC;216
BESTRY;216
BIZIOREK;216
BLIŹNIUK;216
CELEBAN;216
CELER;216
CHRAPUSTA;216
CIERPICH;216
CYC;216
DERENIOWSKI;216
DŁUGOWSKI;216
ERGASHEV;216
GABAŁA;216
GUSZPIT;216
HAMERNIK;216
IBRAHIMOV;216
KRAJDA;216
KUBKA;216
LEKSTON;216
LEŚKÓW;216
ŁABUŃSKI;216
ŁĄCZKA;216
ŁĘGOSZ;216
MAI;216
NISZTUK;216
NOGOWSKI;216
OGORZELEC;216
OKUNIEWICZ;216
PASIERBSKI;216
PECIO;216
PIETRALA;216
POJNAR;216
POŃSKI;216
POTRZĄSAJ;216
PURCHAŁA;216
REWUCKI;216
ROGÓLSKI;216
ROZWORA;216
RUGOR;216
RYWACKI;216
SAHAN;216
SĘGA;216
SIŁKOWSKI;216
SKALEC;216
SMOROŃ;216
STOPPA;216
STRACHOWSKI;216
SYNÓWKA;216
SZAŁAŚNY;216
SZULAKOWSKI;216
SZYSZŁO;216
TKACZEWSKI;216
TOPORSKI;216
TRENDAK;216
TRZĘSICKI;216
WAWRZYNIUK;216
WILCZOPOLSKI;216
WIRKOWSKI;216
WYGLĄDACZ;216
ZUCHNIAK;216
BUCHMAN;215
CHEMERYS;215
CHOCHOWSKA;215
CHROMIAK;215
CIERPICKA;215
CZAJOWSKA;215
DZIARKOWSKA;215
GŁOWACZEWSKA;215
GOLCZEWSKA;215
GOŁYGOWSKA;215
HALUSHKO;215
HERUDZIŃSKA;215
KLAMCZYŃSKA;215
KOROLENKO;215
KOSTRZĘBSKA;215
KRUPECKA;215
KUCYPERA;215
LATECKA;215
MAIEVSKA;215
MIANOWANA;215
MOJSIEWICZ;215
NOGOWSKA;215
PAPAŁA;215
PAVELKO;215
PIETRAKOWSKA;215
PIORUNOWSKA;215
PODZIEWSKA;215
PONIŃSKA;215
PORADOWSKA;215
PYTLAKOWSKA;215
RAKUŚ;215
RUCHLEWICZ;215
SKIMINA;215
SVYRYDENKO;215
SZCZODRAK;215
TALMA;215
THOMPSON;215
TYMCZAK;215
WAŁDOWSKA;215
WASIŁOWSKA;215
ZAGACKA;215
ZEGARSKA;215
AKSONOV;215
BĄCLER;215
BOCOŃ;215
DASZEK;215
DYKTYŃSKI;215
FALTYNOWSKI;215
FEJKIEL;215
FIEDEŃ;215
GŁODNY;215
GRULKOWSKI;215
GRUSIECKI;215
GRYGOWSKI;215
JANTAS;215
KAUF;215
KOBOJEK;215
KOBYLAK;215
KORPAŁA;215
KRECZMAŃSKI;215
KRUPCZYŃSKI;215
KRYŻA;215
KUBOT;215
KURZYP;215
KWAŚNIOWSKI;215
LICHOSYT;215
LUTKIEWICZ;215
MADZIAŁA;215
MIECZYŃSKI;215
MIKIELEWICZ;215
OJRZANOWSKI;215
OPASIŃSKI;215
ORAWCZAK;215
PACHOTA;215
PODSTAWEK;215
PRUSAKIEWICZ;215
PRZYCHOCKI;215
PYCZ;215
ROMATOWSKI;215
RUSSU;215
RYSIAK;215
SIONKOWSKI;215
SKIERA;215
SUROWANIEC;215
SZULŻYCKI;215
SZWACZKA;215
SZWARCZYŃSKI;215
SZYSZKIEWICZ;215
ŚNIATAŁA;215
ŚWIECHOWSKI;215
TUSIEŃ;215
WADELSKI;215
WAŃDOCH;215
WASZEK;215
WYBIERAŁA;215
ZAŁUGA;215
ZAWISZEWSKI;215
ADAMCEWICZ;214
ANDRYSIEWICZ;214
BASTIAN;214
BORUSIEWICZ;214
BURKO;214
CHAMIELEC;214
CHŁOPICKA;214
CYBULKO;214
CYGANKIEWICZ;214
CZOSNOWSKA;214
FOREMNA;214
FOX;214
GROCHECKA;214
HANZHA;214
IGNARSKA;214
JAŁKIEWICZ;214
JOBCZYK;214
KAŃKOWSKA;214
KARKOS;214
KAWALERSKA;214
KIDACKA;214
KONYK;214
KOSHOVA;214
KRZECZOWSKA;214
KRZOWSKA;214
KRZYCKA;214
LIJEWSKA;214
LIWOCH;214
LODOWSKA;214
ŁASKOWSKA;214
MALESKA;214
MALOVANA;214
MAŁAGOCKA;214
NAGŁOWSKA;214
NASALSKA;214
OGORZELSKA;214
PAWLEWSKA;214
PIEKARZEWSKA;214
POTAPCHUK;214
PÓŁKOSZEK;214
RABCZYŃSKA;214
ROMIŃSKA;214
RZEPSKA;214
SKURZEWSKA;214
SŁONIOWSKA;214
SOKOLSKA;214
STARKOWSKA;214
SZABLOWSKA;214
ŚCIEGIENNA;214
TREŚCIŃSKA;214
TRETER;214
TROTSENKO;214
TRZUSKOWSKA;214
UCHYŁA;214
WAWRYKA;214
WHITE;214
ZAWODZIŃSKA;214
ZIĘTAK;214
ZINKO;214
ŻAKIETA;214
ŻOŁNIERCZUK;214
BADEŁEK;214
BIAŁKO;214
BIAŁOBŁOCKI;214
BILEWSKI;214
BLUJ;214
BŁONIARCZYK;214
BOLLIN;214
BORZYŃSKI;214
BROM;214
BYLAK;214
CIENKUSZ;214
DAJEK;214
ERDMAŃSKI;214
GALARA;214
GOŁYŃSKI;214
GRALIK;214
GREŚ;214
HUDASZEK;214
IGNARSKI;214
JARZEMBIŃSKI;214
KAPELAN;214
KELNER;214
KLOCKOWSKI;214
KOŁOMYJSKI;214
KRZYSZTYNIAK;214
KRZYŻ;214
KSIĄŻYK;214
LISZCZ;214
ŁAŃSKI;214
MICHEWICZ;214
NOSEWICZ;214
NOWODWORSKI;214
NOWOROL;214
OMIECIŃSKI;214
PAŃKÓW;214
PIETYRA;214
PŁAWNY;214
PULIŃSKI;214
PYL;214
RONKOWSKI;214
SIERNY;214
SIKORSKYI;214
STARZECKI;214
STÓS;214
SUCHOLAS;214
SZWEJDA;214
TARTANUS;214
TEPPER;214
TOBIS;214
TODOROV;214
TODOROWSKI;214
TRĘTOWSKI;214
TYLUŚ;214
ZAGALSKI;214
ZIEMICHÓD;214
ALBINOWSKA;213
BAREŁKOWSKA;213
BILNIK;213
BONIK;213
BUBLYK;213
BUSŁOWSKA;213
BYSTROWSKA;213
CEDROWSKA;213
CESARSKA;213
CHALIŃSKA;213
CHODZYŃSKA;213
DWOJACKA;213
FRYSZKOWSKA;213
HADRYCH;213
HAIDA;213
HEJMANOWSKA;213
ISAKOVA;213
KAUFMAN;213
KLIMASZ;213
KRAM;213
LEGAT;213
LOZA;213
MOGILNICKA;213
MOJŻESZ;213
MULEWSKA;213
OLSZYNKA;213
OSOWICKA;213
PAPIEROK;213
POLOWA;213
PRZYSTAŃSKA;213
PUŚLECKA;213
RADOMIŃSKA;213
REWIŃSKA;213
SIADAK;213
SKORULSKA;213
SOBIESZUK;213
STRUGIŃSKA;213
SUMISŁAWSKA;213
ŚWISŁOCKA;213
TCHORZEWSKA;213
TRYBALSKA;213
TRZĘSICKA;213
UTNICKA;213
WASIELAK;213
WAWRZUSISZYN;213
YARMOLENKO;213
ZAWADOWICZ;213
ZORINA;213
ANGEL;213
BANIEWICZ;213
BAPRAWSKI;213
BEDLA;213
BIEDROWSKI;213
BIELKA;213
BOROS;213
BUSZEK;213
CEDROWSKI;213
CIOSTEK;213
CZACZYK;213
DARA;213
DARMETKO;213
DEKIERT;213
GAŁDA;213
GASZTYCH;213
GNOT;213
GRÓDECKI;213
HAŁUSZKA;213
HĄDZLIK;213
IVANYTSKYI;213
JACHACZ;213
JARÓG;213
JOPPEK;213
KOKOSZYŃSKI;213
KUCHEJDA;213
KUCZMAŃSKI;213
MAJNERT;213
MENDELSKI;213
NITYCHORUK;213
OCHODEK;213
PETROSYAN;213
PIECHUTA;213
PIWOSZ;213
PODĘBSKI;213
PRZEWROCKI;213
PRZYBYCIN;213
PUŚLECKI;213
RABIASZ;213
RACHFAŁ;213
RECHUL;213
ROTKO;213
RZEPSKI;213
SALTARSKI;213
SANTOREK;213
SARBAK;213
SIEDLANOWSKI;213
SUSIK;213
ŚMIGLEWSKI;213
ŚWIDWA;213
TYMOCZKO;213
TYPA;213
UZDROWSKI;213
WASZCZYŃSKI;213
WAWRZACZ;213
WAWRZYSZKO;213
WITKOWIAK;213
WODOWSKI;213
WOŁCZUK;213
ZŁAKOWSKI;213
ZYMEK;213
AKACKA;212
BANCEWICZ;212
BEDNAROWSKA;212
BIAŁOBŁOCKA;212
BIELEWSKA;212
CYKOWSKA;212
FRĄŚ;212
FURDAL;212
GORZELANA;212
JAMBORSKA;212
JÓZEFACKA;212
KACPRZYKOWSKA;212
KAMOCKA;212
KARDASIŃSKA;212
KINEL;212
KOCZEWSKA;212
KOPP;212
KORNAT;212
KURDEJ;212
KUTROWSKA;212
KUZIV;212
LESIAKOWSKA;212
LINIEWICZ;212
MANECKA;212
MIELNIKIEWICZ;212
MŁODECKA;212
NASTAŁA;212
NIERYCHLEWSKA;212
PACYŃSKA;212
PADO;212
PRZEDLACKA;212
PUSHKAR;212
RYCERSKA;212
SCOTT;212
SEKRECKA;212
SĘKALSKA;212
SIUDOWSKA;212
SŁODOWSKA;212
SMARUJ;212
SMARZEWSKA;212
SPIRYDOWICZ;212
STRĄKOWSKA;212
ŚWIETLIKOWSKA;212
TERNOVA;212
URAMOWSKA;212
WŁADZIŃSKA;212
BARTLEWSKI;212
BETAŃSKI;212
BIADUN;212
BOŻKO;212
BYRCZEK;212
CZARNIEWSKI;212
DELEGACZ;212
DERDOWSKI;212
DUBRAWSKI;212
ERLICH;212
GIĘTKOWSKI;212
GOLENIOWSKI;212
JAROŚ;212
KNAPP;212
KOCZEWSKI;212
KOLEC;212
KOMASIŃSKI;212
KRUCZAŁA;212
KRUPECKI;212
KRUPICKI;212
KUKUĆ;212
LACHETA;212
LODOWSKI;212
LORENTOWICZ;212
MARDUŁA;212
MILANIUK;212
NALEJ;212
PIEKARZEWSKI;212
POREMBSKI;212
PRONIN;212
PRZEŹDZIĘK;212
PYSZCZAK;212
ROSEK;212
RUBAS;212
SARECKI;212
SĘKALSKI;212
SIŃSKI;212
SKRZYNIECKI;212
SPIEREWKA;212
STAROŚCIK;212
STRĄKOWSKI;212
STRZELBICKI;212
SUMA;212
SZWUGIER;212
TARASEVICH;212
WANTOCH-REKOWSKI;212
WARZYCH;212
WAŻYŃSKI;212
ZGADZAJ;212
ŻMIGRODZKI;212
ANDERSEN;211
BOGDANOWSKA;211
BONAREK;211
BRZUCHALSKA;211
BUJARSKA;211
BUTRYMOWICZ;211
CHŁAPEK;211
CZAPKOWSKA;211
DASZEWSKA;211
DRAHEIM;211
DRWĘCKA;211
GŁUSZKIEWICZ;211
GROTT;211
GÜNTHER;211
HOŁDYŃSKA;211
HUTNA;211
JEMIELNIAK;211
KAMER;211
KANTOREK;211
KESSLER;211
KORNIEIEVA;211
KOSTERNA;211
KOSTEWICZ;211
KUCHA;211
KUSTROŃ;211
MADAJEWSKA;211
MAJCZYK;211
MOKROS;211
MORCINIEC;211
MYKOLAICHUK;211
NIESTROJ;211
OŻDŻYŃSKA;211
PEPLINSKA;211
PIEPRZYCKA;211
POREMBSKA;211
POTAKOWSKA;211
RONKOWSKA;211
SASIŃSKA;211
SIADKOWSKA;211
SKAWINA;211
SUCHENIA;211
SYROTA;211
SZCZYGLEWSKA;211
SZINDLER;211
SZKUDLARZ;211
TOMIŁO;211
TOWARNICKA;211
WRONECKA;211
WYPORSKA;211
ZUBKOWICZ;211
ŻYSZKIEWICZ;211
ADAŚ;211
ANDRYKOWSKI;211
BARKOWSKI;211
BIEGAJŁO;211
BULZACKI;211
BURDAK;211
CHODUN;211
CHOMONT;211
CICHOPEK;211
DADOK;211
DARKOWSKI;211
EKSTOWICZ;211
ESTKOWSKI;211
FARAT;211
FRYZA;211
GRADUS;211
GRZENDA;211
HALSKI;211
JANUR;211
JEMIOŁA;211
KŁAPYTA;211
KOBIELLA;211
KOSTIN;211
KRAKUS;211
KUCHYNSKYI;211
LESIAKOWSKI;211
ŁASZEK;211
MADECKI;211
MAJSZYK;211
MANAJ;211
MARCIAK;211
MENDALA;211
MIZEREK;211
MOŁAS;211
NIEDZWIEDZKI;211
NORMANTOWICZ;211
NOWROTEK;211
PĘDOWSKI;211
POŁCIK;211
POMIERSKI;211
PORADOWSKI;211
PROSTKO;211
PYRDOŁ;211
RYŁO;211
SIUDOWSKI;211
SKOCKI;211
SKUŁA;211
STANKEVICH;211
STĄCEL;211
SYPKA;211
SZUŁA;211
ŚWIRCZ;211
TACIK;211
TEMPCZYK;211
UMAROV;211
WĘDZONKA;211
WYSZECKI;211
ZAŚKO;211
ZĄBECKI;211
BACIŃSKA;210
BĘBNOWSKA;210
DOMARACKA;210
DRYŚ;210
DZIEŃKOWSKA;210
ELWERTOWSKA;210
GALLAS;210
GRALLA;210
HADAMIK;210
HARRIS;210
HOLUBIEVA;210
HOŁOD;210
HORODEŃSKA;210
HUBISZ;210
KHRYSTENKO;210
KIBITLEWSKA;210
KOŁOMYJSKA;210
KORABIK;210
KORDZIŃSKA;210
KRAJCARZ;210
KROPORNICKA;210
KUTYNA;210
MĘŻYKOWSKA;210
ORZEPOWSKA;210
PATELKA;210
PŁASZCZYŃSKA;210
PŁYWACZYK;210
PROC;210
PYVOVAR;210
REKOSZ;210
RĘKAWIECKA;210
RZEŹNIKIEWICZ;210
SEKITA;210
SOIŃSKA;210
TALARSKA;210
TETERA;210
TKACZEWSKA;210
UTRACKA;210
WIĘTCZAK;210
WODOWSKA;210
ZARAZIŃSKA;210
ZDOLSKA;210
ABRAMIUK;210
ANDRYCH;210
ASLAN;210
BEDNAROWSKI;210
BĘBNOWSKI;210
BRZOZOWY;210
BUDYN;210
CACEK;210
CHORAB;210
CHUDERSKI;210
CHWASTOWSKI;210
CYPRYS;210
DAMRAT;210
DERENDARZ;210
DOLIK;210
FLISOWSKI;210
GEMBAL;210
GORZĘDOWSKI;210
HABOWSKI;210
HAŁYS;210
JANOWCZYK;210
JASZCZERSKI;210
KACPRZYKOWSKI;210
KORDZIŃSKI;210
KOSTOWSKI;210
KRZECZOWSKI;210
KULAWIEC;210
KWIETNIOWSKI;210
LAKSA;210
LENCKOWSKI;210
LESZKOWSKI;210
LOZOVYI;210
LUTECKI;210
MAJTA;210
MARIANOWSKI;210
MARSZOLIK;210
MISZKA;210
MORA;210
NAGŁOWSKI;210
NESTEROV;210
NISZCZAK;210
ORGAN;210
OSYRA;210
PŁAWIŃSKI;210
POPECKI;210
PUDELSKI;210
RAINKO;210
ROMPCA;210
RYCĄBEL;210
RZEGOCKI;210
SAŁAPA;210
SKOMIAŁ;210
SMARZ;210
STROJEWSKI;210
SZPIGIEL;210
SZUM;210
SZYKOWSKI;210
ŚNIADOWSKI;210
TORŁOP;210
TOWPIK;210
WIDAK;210
YULDASHEV;210
ZAKRZEWICZ;210
ŻYLSKI;210
BARCEWICZ;209
BRUDNOWSKA;209
BUDNIOK;209
BUDZIKOWSKA;209
BUGDOŁ;209
CIECHOŃSKA;209
CZESNOWSKA;209
DOROS;209
DZIEMBAŁA;209
DZIEMIAŃCZYK;209
FERTAŁA;209
FRONCEK;209
GADULA;209
GĄTKOWSKA;209
GRANEK;209
HASKA;209
KANDER;209
KIEŁPIKOWSKA;209
KILUK;209
KONCKA;209
KOSKO;209
KRAKÓWKA;209
KRUPICKA;209
KRZEMKOWSKA;209
LAZAROWSKA;209
LEGIEŃ;209
LIAKHOVYCH;209
LISTEWNIK;209
LYNNYK;209
MACIEJEK;209
MATACZYŃSKA;209
MEŁECH;209
MILKO;209
MOJSKA;209
NAJBERG;209
OSIKOWSKA;209
PLEBAŃSKA;209
PŁOTNICKA;209
POMIERSKA;209
POŃSKA;209
PRYMULA;209
RIABOKON;209
RIEGER;209
RIZNYK;209
ROBINSON;209
RODKIEWICZ;209
SKINDER;209
SKOCKA;209
SOTNIKOVA;209
SPICHALSKA;209
SUSZYCKA;209
SZULIKOWSKA;209
SZUŁCZYŃSKA;209
SZYDŁAK;209
TOBOLEWSKA;209
TORCZYŃSKA;209
WAWERSKA;209
ZABLOTSKA;209
ZAGAJSKA;209
ZAGRODNA;209
ZAKIERSKA;209
ZAWISZEWSKA;209
ZEMBALA;209
ZGUD;209
ZOMKOWSKA;209
ŻYLSKA;209
ŻYWOT;209
ALESZCZYK;209
BACKIEL;209
BAŁAKIER;209
BECELA;209
BLECHARCZYK;209
BŁAŻEWSKI;209
CAŁY;209
CHARLIŃSKI;209
CIEMNIAK;209
CZELNY;209
DANYLOV;209
DĘBOWY;209
FAŁDA;209
FIEDOREK;209
GĄTKOWSKI;209
GORDZIELIK;209
GRELEWSKI;209
GUST;209
HOEFT;209
HOLA;209
HOŁTYN;209
JANAŚ;209
KICZYŃSKI;209
KIJAŃSKI;209
KLEINSZMIDT;209
KNUREK;209
KRANKOWSKI;209
KRŰGER;209
KRYŃ;209
KRZEBIETKE;209
KUBAK;209
KUTAJ;209
LAZAROWSKI;209
LUBACZEWSKI;209
ŁANUCHA;209
ŁASKOWSKI;209
MIEMIEC;209
MOGA;209
MOSKOT;209
NAVROTSKYI;209
NOSZCZYŃSKI;209
OKUŁA;209
OŁDZIEJEWSKI;209
ORACKI;209
OSMOLAK;209
PANTOŁ;209
PARAFIŃSKI;209
POBEREZHNYI;209
POLACHOWSKI;209
PURZYŃSKI;209
RAUK;209
RECA;209
ROBASZYŃSKI;209
ROMIŃSKI;209
ROPELA;209
SAWOŃ;209
SOCAŁA;209
STASIULEWICZ;209
STOGOWSKI;209
SZMAJA;209
ŚLIWECKI;209
ŚWIETLIKOWSKI;209
TARNAVSKYI;209
TORCZYŃSKI;209
TOWARNICKI;209
TSAP;209
URLIK;209
WARLIKOWSKI;209
WAWRENIUK;209
WOŁOSOWICZ;209
ŻURAWKA;209
ADASIAK;208
BALASHOVA;208
BETHKE;208
BŁAŻEWSKA;208
BONDARCZUK;208
BRYLL;208
CHEĆKO;208
DOVHA;208
DUNOWSKA;208
DWORZECKA;208
FIGASZEWSKA;208
GĄSIEWICZ;208
GORWA;208
GRZĄDZIELEWSKA;208
HAŁUCHA;208
HORODETSKA;208
HRECZUCH;208
IHNATIEVA;208
KASPRZYSZAK;208
KLAWITTER;208
KOLODIAZHNA;208
KOŁPACKA;208
KOMPA;208
KRANKOWSKA;208
KRASIUK;208
KRÓLEWSKA;208
KURYLENKO;208
LISHCHYNSKA;208
LUKASH;208
MACHNACKA;208
MOZGHOVA;208
MUSIAŁOWICZ;208
NALBORSKA;208
NELKE;208
NETKOWSKA;208
NIEZGODZKA;208
OLKUSKA;208
PANAK;208
PLESZCZYŃSKA;208
POLECHOŃSKA;208
PRĘTKOWSKA;208
SALII;208
SAMEL;208
SCHUSTER;208
SEREJ;208
SIRYK;208
SIWCZYŃSKA;208
SLOBODENIUK;208
SUDOLSKA;208
SZADURA;208
SZWABOWICZ;208
TOMANKIEWICZ;208
ULASZEK;208
WOJDOWSKA;208
WOŁODKOWICZ;208
YAKOVCHUK;208
YAKYMIV;208
ZAKREVSKA;208
ZELER;208
ZGRZEBNICKA;208
ZIAJOR;208
ZIELASKOWSKA;208
ZŁOTOŚ;208
ANDRUSZKÓW;208
BABIUK;208
BAŃDUR;208
BIARDZKI;208
BOJAROWSKI;208
BONDARIEV;208
BUDZIKOWSKI;208
BUJNIK;208
CHOJNIAK;208
CIELNIAK;208
DĘDEK;208
DOBROŚ;208
DRZEWOSZEWSKI;208
FRUŻYŃSKI;208
GATKOWSKI;208
GRYGLIK;208
GURTATOWSKI;208
HOŁDYŃSKI;208
HORBACHOV;208
HORODEŃSKI;208
HUDYKA;208
KARDACH;208
KAVALENKA;208
KLAUZIŃSKI;208
KONIUSZ;208
KORKUŚ;208
KORYGA;208
KOWALISZYN;208
KRYPEL;208
KRZESAJ;208
KUN;208
LAREK;208
LIJEWSKI;208
MARUSIŃSKI;208
NADWORNY;208
PAKOCA;208
PETLIC;208
PISZCZYK;208
POTAKOWSKI;208
PROŃCZUK;208
RĘDZIŃSKI;208
SAMULEWICZ;208
SIDZINA;208
SIERADZ;208
SMURA;208
STALICA;208
STUSIŃSKI;208
SZALECKI;208
ŚLĘCZKOWSKI;208
ŚRODECKI;208
TAS;208
TODA;208
TOKAJUK;208
TWARDAK;208
UTKO;208
WALICHNOWSKI;208
WASIEK;208
ZAGDAN;208
ZGRZEBNICKI;208
ZIELAZNY;208
ŻYTKO;208
AMBROŻKIEWICZ;207
BIEDNA;207
BIEDROWSKA;207
BURDALSKA;207
CHEBOTAROVA;207
CUDOWSKA;207
DEMKOWSKA;207
DEREJCZYK;207
DIMITROVA;207
DZIUBAŁA;207
DZIURSKA;207
DŻAMAN;207
ESTKOWSKA;207
FLISIŃSKA;207
GOZDAN;207
HABOWSKA;207
JASIUK;207
JESIEŃ;207
KAKOWSKA;207
KINASH;207
KISTELA;207
KNIAZIEVA;207
KNOSALA;207
KOROBKA;207
KOSZTOWNA;207
KRYMARYS;207
KUMOROWSKA;207
KURASIAK;207
LAVRENCHUK;207
LECZKOWSKA;207
MACIUKIEWICZ;207
MAMMADOVA;207
MAZUCHOWSKA;207
MEISNER;207
MIODOWSKA;207
MYKHAILYK;207
NADWORNA;207
NAGLER;207
OHORODNYK;207
POLEWCZAK;207
POLIKOWSKA;207
RADZIEMSKA;207
RĘBELSKA;207
ROSTALSKA;207
RYWACKA;207
SCHUMACHER;207
SŁUPCZEWSKA;207
STEKLA;207
STETS;207
STRUPCZEWSKA;207
SUBCZYŃSKA;207
SUBERLAK;207
SZUBERSKA;207
TYS;207
VILCHYNSKA;207
WALICHNOWSKA;207
WENECKA;207
ANESZKO;207
BERDYS;207
BIEŃCZYK;207
BOBROV;207
BRAKSATOR;207
B?I;207
CIECHALSKI;207
CYBUŁKA;207
CZELUSTA;207
CZOSNOWSKI;207
ĆWIERTNIAK;207
DANICKI;207
DASZEWSKI;207
DYBIKOWSKI;207
FRYSKA;207
GAMDZYK;207
GARDZIEL;207
GRETKA;207
GRYNIA;207
GUTMAŃSKI;207
IDZIOREK;207
JAŹWIECKI;207
KARDASIŃSKI;207
KLASIK;207
KORPYSA;207
KRAMPA;207
KRĘPSKI;207
KRULIKOWSKI;207
KSIONEK;207
KUCHCIK;207
KUIK;207
KUKURYK;207
KUŁACZKOWSKI;207
KUTROWSKI;207
LAUDAŃSKI;207
MACIUŁA;207
MILCZYŃSKI;207
NALBORSKI;207
PASZAK;207
PAWLUCZYK;207
POROSZEWSKI;207
PYRDA;207
PYTLOWANY;207
SAKŁAK;207
SCHMIDTKE;207
SIADKOWSKI;207
STACHURKA;207
STAPIŃSKI;207
SZEKALSKI;207
SZELOCH;207
SZKOPIAK;207
SZYMCZEWSKI;207
TRĘBIŃSKI;207
UNIEJEWSKI;207
WAŁUSZKO;207
WAWERSKI;207
WIELEWICKI;207
WOCHNIAK;207
WRONECKI;207
ZDZIESZYŃSKI;207
AKIMOVA;206
BAJSAROWICZ;206
BAKOWSKA;206
BAPRAWSKA;206
BORZUCKA;206
BRANKIEWICZ;206
BRYŃSKA;206
CHODUŃ;206
CURZYTEK;206
CZEŚNIK;206
CZYŻNIEWSKA;206
DROGOWSKA;206
FICA;206
FILANOWSKA;206
FORYT;206
GAŹDZICKA;206
GRUSIECKA;206
GRYGIEREK;206
HAŁA;206
HLEBOWICZ;206
HOPE;206
HORBAL;206
JELINEK;206
JUDKOWIAK;206
KAGAN;206
KAPLIŃSKA;206
KAPS;206
KARWEL;206
KMINIKOWSKA;206
KOBYLIANSKA;206
KOTLENGA;206
KUŁACZKOWSKA;206
KUSHNIRENKO;206
KUZDAK;206
ŁABUŃSKA;206
MENDELSKA;206
MIAŚKIEWICZ;206
NIEDOBA;206
OJRZANOWSKA;206
PŁOTKOWSKA;206
POPECKA;206
POTASIŃSKA;206
PROCHAL;206
SIEWIOREK;206
SIOREK;206
SIREK;206
STAJER;206
STAROBRAT;206
STEINERT;206
STERNAK;206
STRZYKAŁA;206
SZACHOWICZ;206
SZARECKA;206
SZPIL;206
SZYKOWSKA;206
ULASZEWSKA;206
WANDZIK;206
WARGIN;206
WARTECKA;206
ZABRZEŃSKA;206
ŻOŁEK;206
BALEJKO;206
BIŁKA;206
BORYSŁAWSKI;206
BUCA;206
BUJNO;206
CHOLERZYŃSKI;206
CUDOWSKI;206
CZERNIKOWSKI;206
DELEWSKI;206
DŁUGIŃSKI;206
DYBSKI;206
FIGASZEWSKI;206
GIERASIŃSKI;206
HANDY;206
HOLOVATYI;206
HORNICKI;206
JACKÓW;206
KISZŁO;206
KLUCZKA;206
KNIOŁA;206
KOSAKIEWICZ;206
KRZYCKI;206
KSYTA;206
KURPIAS;206
KUSIBAB;206
ŁOSICKI;206
ŁUCZYWEK;206
ŁYSZCZAK;206
MARTYNÓW;206
MARZEJON;206
OBROK;206
ODELGA;206
PACZOSA;206
PAWLEWSKI;206
PLEBAŃSKI;206
PRZYSTAŚ;206
ROCHNA;206
RZEPNIKOWSKI;206
SALAMUCHA;206
SHAINIDZE;206
SKRĘŻYNA;206
SŁONIOWSKI;206
SMIRNOW;206
STYSIAŁ;206
SZACIŁOWSKI;206
ŚPIEWAKOWSKI;206
TETELA;206
TREŚCIŃSKI;206
UCHROŃSKI;206
WIDLIŃSKI;206
WIKARSKI;206
WŁOSIK;206
ZIOMKO;206
BASIK;205
BELICKA;205
BOGALECKA;205
BREMER;205
BUJAR;205
CECOTKA;205
CHAMSKA;205
CHYRZYŃSKA;205
CICHORACKA;205
DERDOWSKA;205
ERBER;205
FEDERKIEWICZ;205
FILIPCHUK;205
FISIAK;205
GLINICKA;205
GNATKOWSKA;205
GRABNA;205
GRADKOWSKA;205
HALIŃSKA;205
KANARSKA;205
KĘDER;205
KLEKOTKO;205
KLESSA;205
KOMASIŃSKA;205
KRAŚKIEWICZ;205
KRUS;205
KUCZMAŃSKA;205
LIETZ;205
ŁOWIŃSKA;205
ŁUCZYCKA;205
NOSKIEWICZ;205
NOSZCZYŃSKA;205
OZOROWSKA;205
PĄZIK;205
PIPOWSKA;205
PŁONOWSKA;205
ROGÓLSKA;205
SKRABACZ;205
SONNENFELD;205
STANIO;205
SULICKA;205
SZYMCZEWSKA;205
ŚPIEWAKOWSKA;205
ŚRODECKA;205
TEREFENKO;205
TORZECKA;205
WĘGRZYCKA;205
WIELGOCKA;205
WILKE;205
ZDZIESZYŃSKA;205
AMPULSKI;205
BAMBYNEK;205
BINKO;205
BRADTKE;205
BRATOS;205
BURKA;205
CAJDLER;205
CHILCZUK;205
CIARCIŃSKI;205
CIENKI;205
CIĘŻAK;205
CIURAR;205
CZEMPIŃSKI;205
CZUL;205
FERENIEC;205
FILANOWSKI;205
FILOZOF;205
GAWLUK;205
GRENIUK;205
HORBUNOV;205
JACOSZEK;205
JANASIAK;205
JARSZAK;205
JEGER;205
JUR;205
KIERAŚ;205
KIERMASZEK;205
KRZYKWA;205
LATOWSKI;205
LUBICKI;205
LULIŃSKI;205
ŁADOCHA;205
ŁĄKA;205
MENDALKA;205
MICIŃSKI;205
MOJEŚCIK;205
MULEWSKI;205
NIEŚCIUR;205
OCHOTNY;205
OSIKOWSKI;205
PAWLUSIŃSKI;205
PEREŁKA;205
PIPAŁA;205
PODRZYCKI;205
RADUCHA;205
ROMANOVSKYI;205
RUBIŚ;205
RUSZNIAK;205
SKUCHA;205
SPALONY;205
SZALEWICZ;205
SZEWS;205
TORZECKI;205
TRĘDA;205
TYSKI;205
UTRACKI;205
VELYKYI;205
WANIA;205
WĘGRECKI;205
WIDZISZ;205
WIELGOCKI;205
ZAYATS;205
ZEGARSKI;205
ŻYDZIAK;205
ARASIM;204
BARASIŃSKA;204
BONIO;204
CEMKA;204
CHERNII;204
CHOLEWCZYŃSKA;204
CICHORSKA;204
CYRNEK;204
DAMS;204
DŁUBACZ;204
DZIMIŃSKA;204
ERDMAŃSKA;204
FELUSIAK;204
FRANIELCZYK;204
GALL;204
GRANATOWSKA;204
GROMNICKA;204
GRYCZKOWSKA;204
HEJNOWICZ;204
JEZUIT;204
KARDA;204
KIRSTEIN;204
KLEMENTOWICZ;204
KLYMIUK;204
KNYSZ;204
KOSMACZEWSKA;204
KRASKO;204
KUKUROWSKA;204
LEŚNIAŃSKA;204
MATOSZKO;204
MĘTRAK;204
MIESZKALSKA;204
MIKLIS;204
MONTOWSKA;204
NOWOSIAD;204
PERETIATKO;204
PIS;204
PROKOCKA;204
PRZYCHODNA;204
RUDEWICZ;204
SENKIV;204
SKAŁUBA;204
SORYS;204
SURGA;204
TORBICKA;204
WASEK;204
WELKE;204
WÓJCIGA;204
WRZASK;204
WUZIK;204
YANKOVA;204
YURIEVA;204
ALEKSANDROWSKI;204
BALUTA;204
BARECKI;204
BELICKI;204
BUGOWSKI;204
CEPIL;204
CHAREWICZ;204
CHMIELNIK;204
CIENIEWICZ;204
CWANEK;204
CZUCHAJ;204
DEM?R;204
DROGOŃ;204
DULKIEWICZ;204
DULOWSKI;204
DWOJACKI;204
FIDRYCH;204
FILIMONIUK;204
GAŁAS;204
GAŃCZAK;204
GODZIC;204
GORCZEWSKI;204
GRODKOWSKI;204
HU;204
JANUSZCZYK;204
JELENIEWICZ;204
JĘDRSZCZYK;204
JUROWICZ;204
KACHNIC;204
KASZTA;204
KISŁY;204
KŁOPOT;204
KNOT;204
KOŃKA;204
KOSTETSKYI;204
KOVALYSHYN;204
KOZIRÓG;204
KROPKOWSKI;204
KRYCIA;204
KUPTEL;204
KUZAŃSKI;204
KUŹMIN;204
LORENOWICZ;204
ŁADYŃSKI;204
ŁAZAROWICZ;204
MADAJEWSKI;204
MAJSAK;204
MOŁDYSZ;204
NADOLNIK;204
NALASKOWSKI;204
NIEZGODZKI;204
OBAŁA;204
ORZESZKO;204
PACIEJEWSKI;204
PĘKUL;204
PLUSKWA;204
POKŁADEK;204
RETKA;204
RUDOL;204
SACZKO;204
SAIDOV;204
SELEZNOV;204
SELKE;204
SIEMIENIECKI;204
SKUTA;204
SUJEWICZ;204
SZWEJK;204
ŚLIZOWSKI;204
TYKSIŃSKI;204
TYMOFIEIEV;204
WILKANOWSKI;204
WITOSZ;204
WOLEK;204
ZENDEROWSKI;204
ZYGARLICKI;204
BAMBERSKA;203
BIENIARZ;203
BUDKO;203
CICHACZEWSKA;203
DATKO;203
DEMIDOWICZ;203
DYBSKA;203
FRYS;203
GŁOMSKA;203
GRYGIELSKA;203
GUZERA;203
HACZKIEWICZ;203
HATAŁA;203
HRYNIEWSKA;203
IVANETS;203
KARNECKA;203
KOŚCIUCZUK;203
KOTLORZ;203
KRZYSZCZYK;203
KULMACZEWSKA;203
KUSZEL;203
LENCKOWSKA;203
MIROSHNYK;203
MODRAKOWSKA;203
MURPHY;203
PIETRASZUK;203
PIETRUSEWICZ;203
PRUSICKA;203
PUŁKOWNIK;203
REWUCKA;203
RUNGE;203
SAJECKA;203
SAVYCH;203
SCHEFFLER;203
SŁOCKA;203
STARZEWSKA;203
SZARKO;203
SZLOSAREK;203
SZULAKOWSKA;203
ŚLĘCZKOWSKA;203
ŚWIĘCHOWICZ;203
TARNOPOLSKA;203
TRELLA;203
TUREWICZ;203
WARACKA;203
WOJTACKA;203
WÓDKIEWICZ;203
WROŻYNA;203
ZENDEROWSKA;203
ZYGARLICKA;203
ŻUCZKOWSKA;203
BEDNARUK;203
BINISZEWSKI;203
BŁAJET;203
CHEBAN;203
CYKOWSKI;203
DALACH;203
DERESZEWSKI;203
FABIANOWSKI;203
GADALIŃSKI;203
GAJDZIS;203
GĄTARSKI;203
GROCHECKI;203
GRZESZEK;203
HALCZAK;203
HAMALA;203
JAJUGA;203
JARMUSZ;203
JAZIENICKI;203
JĘDRZEJEC;203
KARBOWNICZAK;203
KARWATKA;203
KONCA;203
LEVIN;203
LICHAŃSKI;203
LISTOPAD;203
LUBKA;203
ŁATANIK;203
MACHNACKI;203
MAŚKA;203
MIARECKI;203
MODLISZEWSKI;203
MYTKOWSKI;203
OGORZELSKI;203
OSMANOV;203
OZIEMBŁOWSKI;203
PIKORA;203
PROKOCKI;203
PYSZKOWSKI;203
RABCZYŃSKI;203
RADZIUN;203
RYSZCZUK;203
SACHER;203
SADŁOS;203
SALWACH;203
SENDRA;203
SHENGELIA;203
SIDEŁ;203
SMARZEWSKI;203
STREHLAU;203
STRUPCZEWSKI;203
SUMISŁAWSKI;203
SZCZECHLA;203
SZCZERBATY;203
SZKUCIK;203
WALUDA;203
WIKLAK;203
WYZGA;203
ZARZYCZNY;203
ZAWODZIŃSKI;203
ZDANIEWICZ;203
BAŁCHANOWSKA;202
BROMA;202
BUDZIANOWSKA;202
DŁUTOWSKA;202
FREIER;202
FURLEPA;202
HARPULA;202
HIL;202
HUCZ;202
JACYSZYN;202
JANKUN;202
KOŁTONOWSKA;202
LATOWSKA;202
LAVRYNENKO;202
LITWINEK;202
LUBACZEWSKA;202
MIECHOWSKA;202
MUDA;202
NIECIĄG;202
OPONOWICZ;202
ORFIN;202
OTRZONSEK;202
PARUSEL;202
PASZYLK;202
PORWIT;202
PRZEGALIŃSKA;202
RAUCH;202
RUMNIAK;202
RZEGOCKA;202
SALUK;202
SAPALSKA;202
SERHEIEVA;202
SIEREK;202
SIERSZYŃSKA;202
STANKEVYCH;202
STAPIŃSKA;202
STELMASHCHUK;202
STĘPA;202
SZALECKA;202
TERMIN;202
TWARDOCHLEB;202
UDAŁA;202
UMANETS;202
URAWSKA;202
WARLIKOWSKA;202
WAŚKOWICZ;202
WOJENKA;202
WYCICHOWSKA;202
WYCZAŁKOWSKA;202
WYZUJ;202
YUKHYMCHUK;202
ZATWARNICKA;202
ZGORZAŁEK;202
ZINOVIEVA;202
ZŁAKOWSKA;202
BARYLUK;202
BECLA;202
BEŁCH;202
BIZUB;202
BRYŃSKI;202
CZOCHRA;202
DYMARKOWSKI;202
GEORGE;202
HIRT;202
HORECKI;202
KACZERSKI;202
KAWOŃCZYK;202
KIEDRZYN;202
KONDERA;202
KONWA;202
KOROTKO;202
KOVALIUK;202
KUSZAK;202
KUZNIATSOU;202
LEPIONKA;202
LIGMAN;202
ŁUCZYCKI;202
MAJZEL;202
MAKOWCZYŃSKI;202
MILO;202
MITUTA;202
MYCA;202
NAJA;202
NANKIEWICZ;202
NOVITSKYI;202
OKULUS;202
OSEK;202
PACHEL;202
PAŁUBIAK;202
PAŁUBIŃSKI;202
PATOLETA;202
PERSONA;202
PIENIĘŻNY;202
PIPOWSKI;202
PÓŹNIAK;202
PRZYDACZ;202
RESLER;202
ROSPOND;202
RZEMIENIECKI;202
SAMOJEDNY;202
SARATA;202
SIŁUCH;202
SKRZYPULEC;202
SŁABIŃSKI;202
SOPRYCH;202
STASIV;202
SUDOLSKI;202
SUMOREK;202
TABAT;202
TARAŁA;202
WASTAG;202
WILKOSZEWSKI;202
WITALIS;202
WOROSZ;202
YANKOVSKYI;202
ZAHORODNII;202
ZAŁAWA;202
ZĄBER;202
ALEKSANDROWSKA;201
BALUCH;201
BARGIELSKA;201
BETAŃSKA;201
BOBRZYK;201
CHERKAS;201
CIECHOLEWSKA;201
CZESZYK;201
DERDZIŃSKA;201
DORULA;201
DRANKA;201
DRZEWOSZEWSKA;201
DZIECH;201
DZIWOTA;201
FRYDRYSZAK;201
HALFAR;201
HALL;201
HENC;201
HULIN;201
IMIOLCZYK;201
JANCZYSZYN;201
JAŹWIECKA;201
KARPIEJ;201
KIJAŃSKA;201
KOCIOK;201
KOŁNIERZAK;201
KORSZLA;201
ŁASECKA;201
MASŁO;201
MATSKO;201
MŁUDZIK;201
NEGA;201
ODYNIEC;201
OŚWIĘCIMSKA;201
PALMER;201
PAŁUCHA;201
PATURA;201
PROŚNIEWSKA;201
RONKIEWICZ;201
RUREK;201
SĘKULSKA;201
SHUMEIKO;201
SIEJKO;201
SIŁKOWSKA;201
SOROCHYNSKA;201
SURAŁA;201
SZYCHOWIAK;201
SZYMCZYKOWSKA;201
TOMUSIAK;201
WYBIERALSKA;201
ZASTRÓŻNA;201
ZIELONKO;201
ŻEREBECKA;201
AMEREK;201
ANTOLIK;201
ASENOV;201
BAŁASZ;201
BASIOR;201
BERNYŚ;201
BOLKVADZE;201
BURAWSKI;201
BURDYŃSKI;201
CHABRASZEWSKI;201
CHAMSKI;201
CHWALISZEWSKI;201
CYNGOT;201
DANIS;201
DOMERECKI;201
DRZĄSZCZ;201
DZEDZEJ;201
FELSKOWSKI;201
FILOSEK;201
FURMAŃCZUK;201
GŁOWACZEWSKI;201
GRAJNERT;201
JADESZKO;201
KALMUK;201
KITTA;201
KNEBEL;201
KOMISARZ;201
KOSMACZEWSKI;201
KOVALEVSKYI;201
KOZACZYŃSKI;201
KUZKA;201
LATECKI;201
LUHOVYI;201
LUSA;201
NOWETA;201
OBTUŁOWICZ;201
PAZDYKA;201
PEŁECHATY;201
PIERZYNOWSKI;201
PINAS;201
PITOŃ;201
PODLASIN;201
PRĘDKIEWICZ;201
PROKOPIV;201
RIABOV;201
RYMANOWSKI;201
SAPKO;201
SARAT;201
SERWAŃSKI;201
SOBEJKO;201
SURAWSKI;201
SZUBERSKI;201
SZYNAKA;201
TARGASZEWSKI;201
WERNO;201
WĘGRZYCKI;201
WYBIERALSKI;201
ZACHURA;201
ZADOROZHNII;201
ZAKLIKA;201
ZIELECKI;201
ZIEMLIŃSKI;201
ŻYJEWSKI;201
ANIŚKIEWICZ;200
ARENTOWICZ;200
BARCHAN;200
BARTKO;200
BAŚKIEWICZ;200
BREMBOR;200
BROKOWSKA;200
BUBIŁEK;200
CHAMCZYK;200
CHWASTOWSKA;200
DARMOCHWAŁ;200
FRUŻYŃSKA;200
FRYZOWICZ;200
GANOWSKA;200
GOLENIOWSKA;200
HOROVA;200
KAPLUN;200
KICZYŃSKA;200
KOŚCIUCH;200
KOŹMIN;200
KOŹNIEWSKA;200
LINOWIECKA;200
LUBOWSKA;200
LULIŃSKA;200
ŁAJCZAK;200
MAŁAGOWSKA;200
NAJDUK;200
OZIEMBŁOWSKA;200
PELEKH;200
PĘDOWSKA;200
PIERZYNOWSKA;200
PODRZYCKA;200
PRYLIŃSKA;200
PYCIŃSKA;200
REWERSKA;200
ROSPONDEK;200
ROSZKOWIAK;200
SALAMAGA;200
SIPIŃSKA;200
SKOLASIŃSKA;200
SKRĘT;200
SZWAB;200
ŚMIGAJ;200
WADELSKA;200
WIDLIŃSKA;200
ZAHREBELNA;200
ZDZIECHOWICZ;200
ZWIERZYK;200
BRĘCZEWSKI;200
BUSŁOWSKI;200
CZARCZYŃSKI;200
CZERWONY;200
DAJCZ;200
DERDZIŃSKI;200
DWOJAKOWSKI;200
FILIPOV;200
GIERSZON;200
GIERUT;200
GOMULAK;200
GRYGIELSKI;200
HAŁACZ;200
IWANÓW;200
JANOSZCZYK;200
JANUSIAK;200
KAPITUŁA;200
KHASANOV;200
KHOMICH;200
KIBITLEWSKI;200
KOŁŁĄTAJ;200
KROWIŃSKI;200
KUMAŃSKI;200
KUPRIANOWICZ;200
KUROS;200
LITWINIEC;200
LOMIDZE;200
ŁUBEK;200
MAJROWSKI;200
MAŁAGOWSKI;200
MANECKI;200
MARIAK;200
MAZUCHOWSKI;200
MELNIKOV;200
MIKUNDA;200
MLĄCKI;200
MONTOWSKI;200
NABAGŁO;200
NADŁONEK;200
NADWODNY;200
OBŁUSKI;200
PLEWCZYŃSKI;200
PUCHALIK;200
PYPNO;200
PYTA;200
RUMIANEK;200
SATAŁA;200
SEJBUK;200
SKOLASIŃSKI;200
SKOMRO;200
SKOROWSKI;200
SULTANOV;200
SUROWY;200
SYCHOV;200
SZLAWSKI;200
SZREMSKI;200
SZUT;200
ŚWIERBLEWSKI;200
TELICKI;200
TURCHAN;200
WANICKI;200
WEYER;200
WĘDZINA;200
WIEŚNIAK;200
ZAVADSKYI;200
ŻUCZKOWSKI;200
BASOVA;199
BETIUK;199
BOBOWIK;199
BOSOWSKA;199
BRONOWICZ;199
BULZACKA;199
BUSKA;199
CHERNIKOVA;199
CHRUSZCZYK;199
DYKTYŃSKA;199
DZIOBAK;199
FLACZYŃSKA;199
FOIK;199
GLAPKA;199
GNACY;199
GROJEC;199
GRÓDECKA;199
IWANEJKO;199
JAKRZEWSKA;199
JOPKIEWICZ;199
JUZYSZYN;199
KAŁDONEK;199
KAZIMIEROWSKA;199
KLOCKOWSKA;199
KOŹLIŃSKA;199
KUBAŚ;199
LIMAŃSKA;199
ŁAŃSKA;199
ŁASZCZYŃSKA;199
MAMAJ;199
MARYNOWICZ;199
MIKULICZ;199
MODLISZEWSKA;199
MURACKA;199
NESTORUK;199
NIESPODZIANA;199
OMIECIŃSKA;199
OTCZYK;199
PALETA;199
PALIICHUK;199
PIROWSKA;199
POROSZEWSKA;199
PRONIEWICZ;199
PRUSZKO;199
RAMCZYKOWSKA;199
RENUSZ;199
ROSOLSKA;199
RYCHWALSKA;199
SERBINA;199
SIEBIELEC;199
SIMONOVA;199
SKOMSKA;199
SKÓRCZYŃSKA;199
SLADEK;199
SOCZEK;199
STROJEWSKA;199
SZPONARSKA;199
TĘSIOROWSKA;199
TRYKOWSKA;199
TRZĘSOWSKA;199
WĄCHALSKA;199
WITYŃSKA;199
ZAGALSKA;199
ZAGŁOBA;199
ZAHORUIKO;199
ZYGMUND;199
ABBAS;199
BALCERCZYK;199
BAŁKA;199
BŁAŻYCA;199
BUGDOL;199
CELEBUCKI;199
CHEŁMICKI;199
CIĘCIEL;199
CIZIO;199
CYBURT;199
DALAK;199
DRZEWOSZ;199
DZIWOSZ;199
DŻOŃ;199
FILEWICZ;199
GAJDECKI;199
GEORGIEV;199
GĘSIAK;199
GRZECA;199
GRZESIOWSKI;199
GUGULSKI;199
GURDA;199
HADZIK;199
HEŁKA;199
JAMROZOWICZ;199
KACZYKOWSKI;199
KAŁDOWSKI;199
KIPIEL;199
KOBACKI;199
KORDYLAS;199
KRÓLEWSKI;199
LECIEJ;199
LUKSA;199
ŁUKIEWSKI;199
MACHALIŃSKI;199
MATEJ;199
MŁYNIK;199
MOCYDLARZ;199
MURADOV;199
NIEWIEDZIAŁ;199
PARECKI;199
PASTERNY;199
PENK;199
PICZAK;199
POBIEGA;199
POSTRACH;199
POŚWIATOWSKI;199
POWIDEŁ;199
PRASZCZYK;199
PUSZCZYŃSKI;199
RASZCZYK;199
REWIŃSKI;199
RYBACZYK;199
STUDNIK;199
SURMACKI;199
SWĘD;199
SZAFONI;199
SZODA;199
SZPALERSKI;199
SZWEMIN;199
ŚWIĘCIŃSKI;199
ŚWIRAD;199
ŚWIRYDOWICZ;199
ŚWITAL;199
TCHOREK;199
TOMASHEVSKYI;199
TYMCHYSHYN;199
WASZCZENIUK;199
WERECKI;199
WOLANY;199
BEJNAR;198
BEŁZOWSKA;198
BEREZIŃSKA;198
BRZYK;198
CHRYC;198
CYMANOWSKA;198
CZAJEWSKA;198
DERESZEWSKA;198
DORSZEWSKA;198
DZIERGWA;198
DZIWIS;198
FARGANUS;198
GATZ;198
GONCHAROVA;198
HARASYM;198
HOLOBORODKO;198
HORECKA;198
JENDRZEJCZYK;198
KARWIK;198
KASPRUK;198
KHMIL;198
KORNICKA;198
KOROBKO;198
KRĘCIOCH;198
LIB;198
ŁUBNIEWSKA;198
MARSZOŁEK;198
NIEWRZOŁ;198
OPANASIUK;198
OPASIŃSKA;198
PASAMONIK;198
PASHKOVA;198
RAWIAK;198
REDO;198
RYNKAR;198
SHRAMKO;198
SIEMIENIECKA;198
SIŁAKOWSKA;198
SKOWERSKA;198
SKRABUCHA;198
STOIANOVA;198
SYNAKIEWICZ;198
SZULŻYCKA;198
TRĘBIŃSKA;198
TRZECIAKIEWICZ;198
TUTKOWSKA;198
WĄSEWICZ;198
WILKOSZEWSKA;198
YARMAK;198
ZAWITOWSKA;198
ZWALIŃSKA;198
ADASZEK;198
BACIŃSKI;198
BAGNICKI;198
BARGIELSKI;198
BIELENIN;198
BLADY;198
BOLISĘGA;198
BUTKOWSKI;198
CHOCHOŁ;198
CHUDZIO;198
CIECHOLEWSKI;198
CIESEK;198
CITKOWSKI;198
CZUPAŁA;198
DERUS;198
DOBAK;198
ELAS;198
FABINIAK;198
GAPIK;198
GIBALSKI;198
GIECEWICZ;198
GNATKOWSKI;198
GÓRAWSKI;198
GRAJNY;198
HALYTSKYI;198
KHOKHLOV;198
KLEWEK;198
KOBĘDZA;198
KOMOROWICZ;198
KOTUSIEWICZ;198
KULSKI;198
KUNIK;198
KUTRYB;198
LARIN;198
LIGĘZKA;198
ŁOWIŃSKI;198
MALAKHOV;198
MAROSEK;198
MATYNIAK;198
MILICZEK;198
MOJEK;198
NAKIELNY;198
OCIMEK;198
ONIŚK;198
OPIŁOWSKI;198
PIELAT;198
PIERNIKOWSKI;198
PRZYSOWA;198
PSIUCH;198
RADZIEJOWSKI;198
ROKOSA;198
ROSTALSKI;198
RUDNYTSKYI;198
RYCHTARCZYK;198
RZESZUTO;198
SAJKIEWICZ;198
SĘKULSKI;198
SIARKA;198
SIŁAKOWSKI;198
SLYVKA;198
SOŁTYSZEWSKI;198
SOWIAK;198
SPICHALSKI;198
STANOCH;198
STATEK;198
SZALAK;198
SZĘSZOŁ;198
TURCZYNOWICZ;198
TYKHONOV;198
WERESZKO;198
WICHNIEWICZ;198
WYPORSKI;198
ZALEVSKYI;198
ŻOŁOPA;198
BIDERMAN;197
BOSKO;197
BUZALSKA;197
DANIEWSKA;197
DZHUS;197
DZIĘDZIEL;197
FIEJDASZ;197
FIGIELSKA;197
GĄTARSKA;197
GORZĘDOWSKA;197
GÓRNIOK;197
GREEN;197
GRODKOWSKA;197
GROLEWSKA;197
HANUSZ;197
HAUSMAN;197
HORDIEIEVA;197
JASKOWIAK;197
KIERZNOWSKA;197
KLAJBOR;197
KONIAK;197
KORUBA;197
KOŚCIOŁOWSKA;197
LICHAŃSKA;197
LUBICKA;197
MACHUT;197
MAGRIAN;197
MAKOWCZYŃSKA;197
NOSOL;197
OŁDZIEJEWSKA;197
POLESIAK;197
PROFASKA;197
ROBERTS;197
SABAJ;197
SEMCZYSZYN;197
SEMMERLING;197
SIODŁOWSKA;197
SYGOCKA;197
SZELC;197
ŚNIADOWSKA;197
ŚWIATKOWSKA;197
TECHMAŃSKA;197
UNIEJEWSKA;197
WARMOWSKA;197
WITCZYK;197
ZDZIEBORSKA;197
ZIEMLIŃSKA;197
ZUZGA;197
BAŃBUŁA;197
BUJNY;197
BYRDZIAK;197
CENDER;197
CHLABICZ;197
CIERLIK;197
CWAJDA;197
CZERNIEJ;197
DŁUTOWSKI;197
DOBROĆ;197
DROŻDŻYK;197
DUKLAS;197
DURBAS;197
DZIEWIŃSKI;197
DZIĘCIELEWSKI;197
GĘBARSKI;197
GOLICKI;197
GOLIŃCZAK;197
GRADKOWSKI;197
GRYCKIEWICZ;197
HRYNIEWSKI;197
JARMUSZKIEWICZ;197
KANTY;197
KAPOŁKA;197
KLUCHA;197
KOŁATKA;197
KOSTYSHYN;197
KOŹLIŃSKI;197
KRZEMIANOWSKI;197
KUKLIS;197
KULISA;197
ŁADOŃ;197
ŁASZCZYŃSKI;197
ŁĘGOCKI;197
MAJCHERCZAK;197
MAZIUK;197
MISIŃSKI;197
MUCA;197
NGO;197
OLEKSIEJUK;197
OSEWSKI;197
PATALAN;197
PAŹDZIERZ;197
PELAK;197
PETELICKI;197
PIETROŁAJ;197
PŁYWACZEWSKI;197
POLARCZYK;197
PUTZ;197
RANOSZ;197
ROZWALKA;197
RÓWNIAK;197
SABLIK;197
SADLEJ;197
SEBASTIAN;197
SIAMA;197
SMUNIEWSKI;197
STARZEWSKI;197
SZKOTAK;197
SZUCKI;197
SZULIKOWSKI;197
SZUMILAK;197
TATUR;197
TOBOLEWSKI;197
TYLKI;197
URBACZKA;197
VITÁN;197
WESELSKI;197
WILIM;197
ZBROJEWSKI;197
ŻYZNOWSKI;197
AFELTOWICZ;196
ALIYEVA;196
ANDRYKOWSKA;196
BADURSKA;196
BAIRAMOVA;196
BALITSKA;196
BAŁWAS;196
BEJGIER;196
BLONKOWSKA;196
BUCHYNSKA;196
BUDAJ;196
CZAJCZYK;196
DEMYDOVA;196
DYDYŃSKA;196
DYMARKOWSKA;196
FALECKA;196
FALTYNOWSKA;196
FERSZT;196
FIOR;196
GABIŃSKA;196
GOŁDYS;196
GRACKA;196
GULBINOWICZ;196
HAMMER;196
HANUSZEWICZ;196
JARMUŁOWICZ;196
JASIOROWSKA;196
KLAUZE;196
KORCHYNSKA;196
KRASKOWSKA;196
KRZUS;196
KUBIC;196
LEKOWSKA;196
MISHYNA;196
MITURSKA;196
MOSTOWA;196
PAROŃ;196
PAŚKIEWICZ;196
PAWŁUCKA;196
PETELICKA;196
PLATONOVA;196
SMOLNA;196
STRYZHAK;196
STUSIŃSKA;196
SZTARK;196
ŚCIBOROWSKA;196
TRZASKALIK;196
TYRPAK;196
VOLSKA;196
WIOREK;196
YAKYMETS;196
ZAŁUBSKA;196
ZASINA;196
ZAZULAK;196
ZYGO;196
BADURSKI;196
BARASIŃSKI;196
BARGIEŁA;196
BLADOSZ;196
BŁAŻEK;196
BURNICKI;196
BYLINIAK;196
DOMEL;196
DZIAMARA;196
FEDYSHYN;196
FLACZYŃSKI;196
FRANCUZIK;196
GAŁASZEWSKI;196
GAUDEN;196
GRANATOWSKI;196
GRONDA;196
HARĘZGA;196
HELT;196
HOHOL;196
ILCHYSHYN;196
JARGUZ;196
JEROMIN;196
KALIN;196
KANTOROWSKI;196
KLUGA;196
KLUGER;196
KŁUDKA;196
KOTYLAK;196
KURŁOWICZ;196
KUTY;196
LATOPOLSKI;196
LEN;196
MALYNOVSKYI;196
MĄCIK;196
OTWOROWSKI;196
OWCZORZ;196
PACYŃSKI;196
PAWLISIAK;196
PERSZEWSKI;196
PIATROU;196
PIELESIAK;196
PLESZCZYŃSKI;196
PŁONOWSKI;196
POTRAWIAK;196
PRACHNIO;196
PYK;196
PYTER;196
RADIONOV;196
RAŁ;196
SIERSZYŃSKI;196
SIUBA;196
SIWKOWSKI;196
SMACKI;196
STACHELSKI;196
STROIWĄS;196
STRZALIŃSKI;196
SUTRYK;196
SZPONARSKI;196
TURULSKI;196
ULASZEWSKI;196
WARMOWSKI;196
ZIMNOL;196
ŻMIJ;196
ALEKSANDEREK;195
BIAŁOUSZ;195
BOJAROWSKA;195
BORGIEŁ;195
BOTA;195
CHERNYKH;195
DOMOSŁAWSKA;195
DUBISZ;195
DZIUBENKO;195
FRYSIAK;195
GARCIA;195
GEMBIAK;195
GIĘTKOWSKA;195
GUTMAŃSKA;195
HANCZEWSKA;195
HNATENKO;195
HOŁÓWKA;195
HONC;195
HRYCYK;195
IVASHCHUK;195
JASZCZURA;195
KARAUDA;195
KRZYSTAŁA;195
LIPKE;195
MATŁAWSKA;195
MATUSZNA;195
MIARECKA;195
MISCHKE;195
MYTKOWSKA;195
NEPELSKA;195
NYKYTIUK;195
ORACKA;195
PABJAŃCZYK;195
PINKAWA;195
PRĘCIKOWSKA;195
PYSZYŃSKA;195
REVENKO;195
SAHAIDAK;195
SALICKA;195
SARWIŃSKA;195
SKRZYPECKA;195
SOCHOR;195
SURMACKA;195
SZATAŃSKA;195
SZEKALSKA;195
SZEWCZYŃSKA;195
ŚWIATOWA;195
TEICHERT;195
TEKLAK;195
TOKARCZUK;195
TRESTKA;195
UDZIELA;195
WATA;195
WILKANOWSKA;195
YURKEVYCH;195
ZEMKE;195
ZUCHOWSKA;195
ZYGIER;195
ADASZAK;195
BADOWICZ;195
BAREŁKOWSKI;195
BECH;195
BIREK;195
BIZON;195
BOSOWSKI;195
BUSZEWSKI;195
CHYBA;195
CICHORSKI;195
CZYSZEK;195
DANIEWSKI;195
DITRICH;195
DUCHNIAK;195
DURBAJŁO;195
DYDYMSKI;195
FRANASZCZYK;195
GABIŃSKI;195
GŁOMBIK;195
GOŃCZ;195
GOTOWSKI;195
GRABARKIEWICZ;195
GRANICZKA;195
GROMNICKI;195
HERBIK;195
JERUZALSKI;195
KARCZMARZYK;195
KĘPCZYK;195
KNAFEL;195
KORACH;195
KOSTOŃ;195
KOSTYSZYN;195
KRAWIEL;195
KUDRIAVTSEV;195
KUŁAGOWSKI;195
LEBDA;195
LICHNEROWICZ;195
LUBOWSKI;195
MACIULEWICZ;195
MACUTKIEWICZ;195
MARMUROWICZ;195
MATŁAWSKI;195
MICHROWSKI;195
NASTERNAK;195
NOWINOWSKI;195
OLEKSÓW;195
PAŁĘCKI;195
PARCHIMOWICZ;195
PRZEGALIŃSKI;195
PSONAK;195
PULIK;195
PULUT;195
REGA;195
RENIK;195
ROGOCKI;195
SHESTAKOV;195
SIEJKOWSKI;195
SKWARŁO;195
SŁUPCZEWSKI;195
SOLON;195
SUBCZYŃSKI;195
SULMA;195
SZPINDOR;195
SZULEWSKI;195
TATERA;195
TWORUS;195
UZAREK;195
WARTAK;195
WĘGIELEWSKI;195
WIRTEK;195
ZACHAJ;195
ZAJCZYK;195
ZEIDLER;195
ZIELASKOWSKI;195
ZIELOSKO;195
ŻABCZYŃSKI;195
ADAMS;194
BANOT;194
BARGLIK;194
BOROWIŃSKA;194
BUCHNER;194
BUJANOWICZ;194
CHOMONTOWSKA;194
DANYCH;194
DOMINAS;194
DRAPACZ;194
FURYK;194
GĄGOLA;194
GRUSZCZAK;194
JELEŚNIAŃSKA;194
KACZERSKA;194
KĘSA;194
KLEŚTA;194
KOLON;194
KOPRUCKA;194
KRAHEL;194
KROL;194
KUZAŃSKA;194
LEONTIEVA;194
MALANOWICZ;194
MARCINIK;194
MAZUROK;194
MOLL;194
NOWINOWSKA;194
ORŁOŚ;194
ORSZEWSKA;194
OSTAPIŃSKA;194
PIECZEK;194
PIERNIKOWSKA;194
PŁYWACZEWSKA;194
POKRYWA;194
PURZYŃSKA;194
RARÓG;194
SKRAJNA;194
SKRZYNIECKA;194
STACHELSKA;194
SZCZEPANOWICZ;194
TARGASZEWSKA;194
TATAROWICZ;194
TERESZCZUK;194
TRYHUB;194
TYMKÓW;194
VYHIVSKA;194
WERECKA;194
WIELEWICKA;194
ZAKHARENKO;194
ZĄBECKA;194
ZIEMEK;194
ZOCHNIAK;194
ŻYWIOŁ;194
ANGELOV;194
BEMBEN;194
BESZ;194
BOCHAT;194
BORZUCKI;194
BRODACZEWSKI;194
CHRUŚLAK;194
CZERNIKIEWICZ;194
CZESZEWSKI;194
DEMCZAK;194
DORSZEWSKI;194
DROZDALSKI;194
DZIUBECKI;194
ELLERT;194
FEJDASZ;194
FELKNER;194
FOKIN;194
GIERUS;194
GORĄCZKO;194
GÓRZKOWSKI;194
GULAK;194
HALAMUS;194
HALIŃSKI;194
HENDZLIK;194
KAPUŚCIOK;194
KASZKUR;194
KAZIMIEROWSKI;194
KONYS;194
KOSMECKI;194
KOSZAL;194
KOTOMSKI;194
KRASNOV;194
KRYVYI;194
KUŚPIT;194
KWILOSZ;194
LEKOWSKI;194
LIGNOWSKI;194
ŁAZUGA;194
ŁUKANOWSKI;194
MACIEJEC;194
MITAN;194
MITER;194
MITURSKI;194
MŁYNARCZAK;194
MUSIAŁKIEWICZ;194
MYSZEWSKI;194
NASALSKI;194
NIKOLOV;194
ORSZEWSKI;194
PALIK;194
PIETROW;194
PIROWSKI;194
PITER;194
PLĄSKOWSKI;194
RAMCZYKOWSKI;194
ROSOLSKI;194
SIENKIEL;194
SOMINKA;194
STRÓŻEK;194
SURDYKOWSKI;194
SYLKA;194
SZMAL;194
SZUMAŁA;194
ŚWITA;194
TASIEMSKI;194
TRYBALSKI;194
TUSZKOWSKI;194
TYCNER;194
WEGIERA;194
WITYŃSKI;194
WTORKOWSKI;194
ZUBKOV;194
ZUCHOWSKI;194
BALKIEWICZ;193
BASHYNSKA;193
BAZGIER;193
BURGER;193
CHEKH;193
DACHTERA;193
DURKOWSKA;193
EHLERT;193
GÓRAWSKA;193
GRALKA;193
GRZYBKOWSKA;193
GUGULSKA;193
HRYNYK;193
HYPKA;193
JASIULEK;193
JEDYŃSKA;193
KAŁDOWSKA;193
KEMPISTA;193
KOŃCZEWSKA;193
KORYL;193
KOZACKA;193
KOZAKOVA;193
KROTOSZYŃSKA;193
KRYCHOWSKA;193
LICZMAŃSKA;193
ŁOSICKA;193
MACHERA;193
MARZĘTA;193
MASHCHENKO;193
MEDERSKA;193
MEJSNER;193
MIĄCZYŃSKA;193
MUZYCHENKO;193
MYKHALIUK;193
MYSZCZYŃSKA;193
NAWROCIK;193
OJDOWSKA;193
OLEFIRENKO;193
OSĘKA;193
OSKIERA;193
PIDEK;193
PIĘDZIAK;193
PORĘBNA;193
PROKOFIEVA;193
RACINIEWSKA;193
RADUSZEWSKA;193
RUDAKOVA;193
SAWERA;193
SĄDOWSKA;193
SIWKOWSKA;193
SKLIARENKO;193
STERN;193
STOMPOR;193
STRYCHARCZUK;193
SZACIŁOWSKA;193
SZAROWICZ;193
SZREMSKA;193
TKACZYŃSKA;193
TOKARIEVA;193
TRZASKO;193
TUDEK;193
ULAS;193
WARDAS;193
WIELAND;193
WOJCIESZUK;193
ŻEGNAŁEK;193
ABUCEWICZ;193
BERDOWSKI;193
BOGALECKI;193
BRYZA;193
BUCHOWICZ;193
BUŚKIEWICZ;193
CHWASZCZ;193
DANYLIV;193
DOMŻAŁA;193
DREWNICKI;193
DRÓŻKA;193
DYM;193
FAJFEREK;193
GILSKI;193
GLINICKI;193
GMITRZUK;193
GORLICKI;193
GROLEWSKI;193
GRULA;193
GRYMUŁA;193
HEJMO;193
IRSKI;193
JAKRZEWSKI;193
KAŁAN;193
KAŁUS;193
KANTECKI;193
KAUCZOR;193
KAZIECZKO;193
KŁOBUCKI;193
KNAPKIEWICZ;193
KORPACKI;193
KRAŚ;193
KRECZKO;193
KRYŁOWICZ;193
LUTKOWSKI;193
ŁUCYK;193
MANISZEWSKI;193
MĘŻYKOWSKI;193
MURDZIA;193
MURZYŃSKI;193
NIEMOTKO;193
NOCKOWSKI;193
NOCZYŃSKI;193
NURSKI;193
OLBER;193
OSTROUCH;193
PAWŁUCKI;193
PIESZCZYK;193
PIZNAL;193
POHORILYI;193
PRYLIŃSKI;193
PSZCZOLIŃSKI;193
PUSTELNY;193
REDYK;193
ROBASZEWSKI;193
SADOLEWSKI;193
SETKOWICZ;193
SEWIŁO;193
SOKOŁOWICZ;193
STARCZYNOWSKI;193
SUCHOWIERSKI;193
SYGOCKI;193
SZCZURASZEK;193
SZWAK;193
TARKO;193
TRYKOWSKI;193
UZUN;193
WARACKI;193
WARKOCKI;193
WĄTŁY;193
WENECKI;193
WITAŃSKI;193
WYDRYSZEK;193
ZAGULSKI;193
BIELACH;192
BŁYSKAL;192
BOCHNO;192
BONCZEK;192
BORZYŃSKA;192
BURNICKA;192
CIEŻAK;192
CZEKAJSKA;192
CZELEJ;192
DARKOWSKA;192
DAROCHA;192
DEDO;192
DOROSZEWSKA;192
DZIAŁOSZYŃSKA;192
DZIEWIŃSKA;192
ERTMAN;192
FEDCHUK;192
GAJDKA;192
GINTOWT;192
GRELEWSKA;192
HEŁMINIAK;192
HORNICKA;192
IHNATOVA;192
JASZKIEWICZ;192
KOSTOWSKA;192
KRĘPSKA;192
KULSKA;192
KUMAŃSKA;192
LAR;192
MALYK;192
MUCHAJER;192
NIEMIRO;192
NOCZYŃSKA;192
OLCZYKOWSKA;192
OLECKA;192
PIETROWIAK;192
POTWORA;192
PRONINA;192
RADOS;192
RĘBECKA;192
RUSANOVA;192
RZYTKI;192
RŻANEK;192
SCHWEDA;192
SKRZYPNIK;192
SKWIROWSKA;192
STOKFISZ;192
SZER;192
TWORUSZKA;192
TYNECKA;192
UZDROWSKA;192
WEILANDT;192
WĘGIELEWSKA;192
WYRWOŁ;192
ZAMŁYŃSKA;192
ZIĄBKA;192
AHMADOV;192
ANTOSZCZUK;192
BAGNOWSKI;192
BŁOTNY;192
BOGOCZ;192
BURSY;192
DEHTIAROV;192
DYSZEWSKI;192
DZIABAS;192
FALBIERSKI;192
FÓRMANIAK;192
GĘBUSIA;192
GIERLIŃSKI;192
GRAJDA;192
HOJA;192
HOŁOGA;192
HOŁOWATY;192
HUMIENNY;192
IWACHÓW;192
JAROSZYK;192
JĘDRACHOWICZ;192
JOCHYM;192
KIERZNOWSKI;192
KRÓLICZAK;192
KRZEMKOWSKI;192
LAMLA;192
LEGUCKI;192
LIBRONT;192
LITAWA;192
LOZYNSKYI;192
ŁASICKI;192
ŁUCEK;192
MIERA;192
MYŚLIWSKI;192
NYKAZA;192
OCHĘCKI;192
PAGIEŁA;192
PĘZIK;192
PIECHAL;192
PRĘCIKOWSKI;192
PUSZYŃSKI;192
RASULOV;192
RELIDZYŃSKI;192
RENTFLEJSZ;192
SKOPOWSKI;192
STEMPNIEWSKI;192
STĘŻEWSKI;192
STRANKOWSKI;192
SUVOROV;192
SZARECKI;192
SZELKA;192
SZKOŁUT;192
ŚWITKA;192
TĘGOWSKI;192
WAWIÓRKO;192
WĄCHALSKI;192
WIATEREK;192
WOCHOWSKI;192
WOJTKIELEWICZ;192
ZEMEŁKA;192
ZGODZIŃSKI;192
ZWALIŃSKI;192
ANASIEWICZ;191
ANCZEWSKA;191
BALIGA;191
BERGMAN;191
BOWNIK;191
CHERNIUK;191
CHWALISZEWSKA;191
CHYCKA;191
CHYTRA;191
CZULIŃSKA;191
DŁUGOSZEK;191
DORYWALSKA;191
DUKOWSKA;191
DYRSZKA;191
DZIUBECKA;191
FABIANOWSKA;191
FIDALA;191
FUSS;191
GARGAŚ;191
GOLIAT;191
GORZELSKA;191
HOLOVAN;191
HUMIENNA;191
HURINA;191
ILIŃSKA;191
JAKUBUS;191
KACZYKOWSKA;191
KIERSZTYN;191
KOSMECKA;191
KOTOMSKA;191
KUTSA;191
LAO;191
LIEBIEDIEVA;191
LYS;191
MARKINA;191
MAŚNIAK;191
MEJNA;191
MINTUS;191
MURSZEWSKA;191
NANDZIK;191
OLCHOWA;191
OLESZ;191
OTWOROWSKA;191
PAWLUSIŃSKA;191
PIEŃKO;191
PIPER;191
POSTROŻNA;191
POŚWIATOWSKA;191
POWALISZ;191
PRZYWITOWSKA;191
RASZEJA;191
RELIDZYŃSKA;191
RUŚNIAK;191
RYMANOWSKA;191
SKRĘTKOWICZ;191
SŁABIŃSKA;191
STARCHENKO;191
STEFANICKA;191
SZOTOWICZ;191
SZPALERSKA;191
ŚWIECHOWSKA;191
TOMALCZYK;191
VASKIV;191
WANICKA;191
WESELSKA;191
WLAZŁA;191
WOJCZYŃSKA;191
ZGODZIŃSKA;191
ZHADAN;191
ZHYLA;191
ŻAROWSKA;191
ALEKSY;191
ANTOSZAK;191
BAMBERSKI;191
BARYŚ;191
BEŁDYCKI;191
BIEG;191
BURDELAK;191
CHOCHLIŃSKI;191
CHOMONTOWSKI;191
CYGERT;191
CZEKIRDA;191
DZIERŻAWA;191
FABICKI;191
FIFIELSKI;191
FLEJSZMAN;191
GADACZ;191
GARBAL;191
GIERACKI;191
GROCHMAL;191
GRZEGÓRZEK;191
GUO;191
GUZIEJKO;191
HAĆ;191
HAMKAŁO;191
HOŁÓWKO;191
HRYSHYN;191
JARMOLUK;191
JEDNACZ;191
KAPCIŃSKI;191
KARWIŃSKI;191
KOMISARSKI;191
KONCKI;191
KOZACKI;191
KRUDYSZ;191
KUZAWIŃSKI;191
LIMBU;191
ŁEPSKI;191
ŁUBNICKI;191
MIERZCHAŁA;191
MOSPINEK;191
OZYGAŁA;191
PACIEPNIK;191
PAUCH;191
PIEKIEŁKO;191
PIEŃCZEWSKI;191
POPLAVSKYI;191
RECLAF;191
ROZPĘDEK;191
SAROWSKI;191
SCHENK;191
SIPIŃSKI;191
SŁABOWSKI;191
SREBNIAK;191
SZAMAŁEK;191
SZKLANKO;191
SZUMNIAK;191
TARADEJNA;191
TĘSIOROWSKI;191
TKACZYŃSKI;191
TODUA;191
TRAGARZ;191
TYNECKI;191
USARZ;191
ZACHEJA;191
ZARZYŃSKI;191
ZIERNIK;191
ŻABÓWKA;191
BAŃCER;190
BERNAS;190
BŁASZCZYKIEWICZ;190
CEMPURA;190
CHORNOBAI;190
CIECHALSKA;190
DREWNICKA;190
DWOROK;190
DZIECIUCHOWICZ;190
FABICKA;190
FIGLER;190
GARLACZ;190
GEMBA;190
GLUGLA;190
GÓRKO;190
HALA;190
HAZUKA;190
ILKIEWICZ;190
IRSKA;190
KANTECKA;190
KOPANIECKA;190
KRZYSZTOFCZYK;190
LEWA;190
LUKA;190
MADYDA;190
MAJSZCZYK;190
MATERZOK;190
MISIUN;190
MYRONETS;190
NIEMAS;190
NOCEŃ;190
NOCKOWSKA;190
NURSKA;190
ORYCH;190
PODBIOŁ;190
RATUSHNA;190
RAWECKA;190
RYGAŁ;190
RYNCARZ;190
SHTANKO;190
STARZ;190
SZCZUBLEWSKA;190
TALKO;190
UDOVYCHENKO;190
USTRZYCKA;190
WATRAL;190
ZBROJEWSKA;190
ZYMA;190
BACHNIAK;190
BAŃDURA;190
BERESZYŃSKI;190
BIENASZ;190
BOBIN;190
BOBKA;190
BUĆ;190
BUSS;190
CHOINKA;190
CZULIŃSKI;190
DUKOWSKI;190
DURKOWSKI;190
DZIERGOWSKI;190
FELKA;190
FEREK;190
GARGUL;190
GEREK;190
GILAS;190
GLURA;190
GORZELNIK;190
GÓRKOWSKI;190
GRYŚ;190
GUZIEWICZ;190
HAJEK;190
INDYCKI;190
JEDYŃSKI;190
JĘCZEŃ;190
KAPISZKA;190
KĘKUŚ;190
KIEŁPIKOWSKI;190
KLUZIK;190
KNERA;190
KOŁUDA;190
KOSTRZANOWSKI;190
KOŚCIOŁOWSKI;190
KURENDA;190
LECHAŃSKI;190
MARCAK;190
MIGIEL;190
MLICKI;190
MOSAK;190
NIKIFOROV;190
OLEJ;190
OWEDYK;190
PACHCIAREK;190
PACYK;190
PIERUCKI;190
PIETRKIEWICZ;190
PIETRULEWICZ;190
PILISZKO;190
PILZAK;190
POŻARLIK;190
PROKHOROV;190
PRYSAK;190
PRZYWITOWSKI;190
PUKOCZ;190
PUZIAK;190
RATUSZNIK;190
REMBISZEWSKI;190
ROKOSZEWSKI;190
SABISZ;190
SACHAJKO;190
SASIAK;190
SIEDLISKI;190
SKAPCZYK;190
SKOCZYK;190
SKWIERZ;190
SŁABKOWSKI;190
SOMPOLSKI;190
SULEJA;190
SZCZUBLEWSKI;190
SZWAJCOWSKI;190
ŚLIWKIEWICZ;190
ŚWIENTEK;190
TOŃSKI;190
TRÓLKA;190
VASYLEVSKYI;190
WAŃSKI;190
WARACZEWSKI;190
WELIK;190
WODKA;190
AMPULSKA;189
BIŃKIEWICZ;189
BIŚTA;189
BRODALKA;189
BRYNDAL;189
BRZEŹNICKA;189
BURDEINA;189
CHRÓŚCIŃSKA;189
CZESZEWSKA;189
DOLEGŁO;189
DWORNIKOWSKA;189
FUKSA;189
GIERLIŃSKA;189
GRAY;189
GRZEBIELUCH;189
HRUSZOWIEC;189
IVANIV;189
JAKSENDER;189
KARWASZEWSKA;189
KLIMCHUK;189
KOMISARSKA;189
KOŚCIELNIK;189
KOZARSKA;189
KREMSER;189
KRZEMIANOWSKA;189
KURBANOVA;189
LEBRYK;189
LUTECKA;189
LUZAK;189
ŁAWRESZUK;189
MARCISZAK;189
MAZIAK;189
MIKUŚKIEWICZ;189
MISIŃSKA;189
MISTYGACZ;189
MORDALSKA;189
MUNIA;189
NIEDOPYTALSKA;189
PAŁUBIŃSKA;189
PATRYN;189
PAUK;189
PAVLOVYCH;189
PIERŚCIENIAK;189
PIKTEL;189
PILICHIEWICZ;189
PILITOWSKA;189
PŁOTCZYK;189
POZNIAK;189
RABUS;189
REDESTOWICZ;189
REDMERSKA;189
REGUCKA;189
REMBISZEWSKA;189
RENKA;189
RIABCHENKO;189
RUDIAK;189
RYBALCHENKO;189
SARNAT;189
SOBISIAK;189
SOKOŁA;189
STAROMŁYŃSKA;189
STUŁA;189
STYRA;189
WASILAK;189
WAWROCKA;189
WOCHAL;189
WYJADŁOWSKA;189
YUKHYMENKO;189
ŻYZNOWSKA;189
ANCZEWSKI;189
ANIOŁOWSKI;189
BARDO;189
BEŁCZOWSKI;189
BEŁZOWSKI;189
BIROS;189
BŁĘDZIŃSKI;189
BOĆ;189
BORYSOWSKI;189
BUSŁOWICZ;189
BYDŁOŃ;189
CESARSKI;189
DARGA;189
DZIURGOT;189
FRĄCALA;189
FURGALSKI;189
GARBOLIŃSKI;189
GELLERT;189
GONIWIECHA;189
GORYNIA;189
GUJSKI;189
HERASYMOV;189
JACHYMCZAK;189
JELEŚNIAŃSKI;189
KAŁAS;189
KOMAŃSKI;189
KRASKOWSKI;189
KUDERA;189
KULWIKOWSKI;189
KURTEK;189
KUSINA;189
KUZIN;189
KWATER;189
LEBIEST;189
LUBOCH;189
ŁOPATO;189
ŁYGAS;189
MACHEJEK;189
MALACH;189
MARUD;189
MENŻYK;189
MIĄCZYŃSKI;189
MUSTAFA;189
NALIKOWSKI;189
NIEBYLSKI;189
OJDOWSKI;189
OLEJAK;189
OMAROV;189
OŚWIĘCIMSKI;189
OWERCZUK;189
PILAWKA;189
PODHAJNY;189
POSYNIAK;189
PRĘTKOWSKI;189
PRZETOCKI;189
PYKACZ;189
RADUSZEWSKI;189
SACZKA;189
SATRO;189
SHIN;189
SŁABOLEPSZY;189
SOLOWSKI;189
SOWIZDRZAŁ;189
STORMOWSKI;189
SZUPRYCZYŃSKI;189
SZYNALIK;189
ŚWIATKOWSKI;189
TWORZEWSKI;189
WALEROWSKI;189
WIERGOWSKI;189
WOŹNIKOWSKI;189
BIEROWIEC;188
BUDZINSKA;188
CELEBAŃSKA;188
DANICKA;188
DONAJSKA;188
DROSIO;188
FINC;188
FIRGANEK;188
FLIG;188
GAŁĘZEWSKA;188
GANDOR;188
GARKOWSKA;188
GĄTKIEWICZ;188
GORCZEWSKA;188
GRZESIOWSKA;188
GRZYBICKA;188
GZELA;188
HENCEL;188
HOŁA;188
HOROSHKO;188
HULKO;188
JANCZAR;188
JARNO;188
JOCHEM;188
KLECZAJ;188
KŁOBUCKA;188
KOTYSZ;188
KROTOFIL;188
LUDERA;188
LUKINA;188
ŁĘGOCKA;188
MALANCHUK;188
MARSZYCKA;188
MEINERT;188
NADZIEJKO;188
OLCHOWSKA;188
PSZCZOLIŃSKA;188
ROBASZEWSKA;188
SADOK;188
SARECKA;188
SASOR;188
SERKIS;188
SKOPOWSKA;188
SMUŁKA;188
SMUNIEWSKA;188
SPOCIŃSKA;188
SZABRAŃSKA;188
SZEFLIŃSKA;188
TESLIA;188
TUPALSKA;188
TURULSKA;188
WĘGRECKA;188
WLEKLIK;188
WRZEŚNIOWSKA;188
WYSTRACH;188
ARASZEWSKI;188
BABIN;188
BELEĆ;188
BIELAWIEC;188
BITEL;188
BODERA;188
BOŁTUĆ;188
BUGAŃSKI;188
BUGNACKI;188
BZDEK;188
CEDZYŃSKI;188
CEPOWSKI;188
CHOLEWCZYŃSKI;188
CHOTKOWSKI;188
CIERPIŃSKI;188
CUPEK;188
CWIK;188
CZABAŃSKI;188
DAŃCZUK;188
DAROCH;188
DIAKOV;188
DOMARACKI;188
DOMKE;188
DOMOSŁAWSKI;188
DWORNIKOWSKI;188
DZIAŁOSZYŃSKI;188
ELWERTOWSKI;188
FIDUT;188
FRIESKE;188
GAŁĘZEWSKI;188
GARBAREK;188
GEBLER;188
GÓRNAŚ;188
HAT;188
HENICZ;188
HRISTOV;188
HUDAK;188
JADANOWSKI;188
JAZGAR;188
JĘDREJEK;188
JĘDRZEJAS;188
JUGO;188
KAPLIŃSKI;188
KARWASZEWSKI;188
KŁYSIAK;188
KOCIENIEWSKI;188
KOLBUCH;188
KORPYSZ;188
KUCIAPSKI;188
LECZKOWSKI;188
LUNGU;188
LUŚTYK;188
MACHLARZ;188
MARAŃDA;188
MARIN;188
MAZANKA;188
MISIOREK;188
MYSIURA;188
NAPARTY;188
PAUŚ;188
PIEKLIK;188
PIGAN;188
PIŚ;188
POKRYWCZYŃSKI;188
REDMERSKI;188
SAMOREK;188
SOBECZKO;188
SPINEK;188
SUCHANOWSKI;188
ŚWIECKI;188
TRUSIŃSKI;188
USIK;188
WIELEWSKI;188
WITES;188
WYCICHOWSKI;188
ZACHER;188
ZBRZESKI;188
ZEBZDA;188
ZHENG;188
ZHUKOUSKI;188
ZUBRYTSKYI;188
ALEKSANDRUK;187
ARTYSZUK;187
BEN;187
BENKA;187
BRODACZEWSKA;187
CEPOWSKA;187
CHARLIŃSKA;187
CIENIEWSKA;187
CZABAŃSKA;187
CZWÓRNÓG;187
DMYTRYSZYN;187
DZIOB;187
FOBER;187
GAWART;187
GĘBARSKA;187
GOTOWSKA;187
KOBACKA;187
KOZHUSHKO;187
LAWERA;187
MARGASIŃSKA;187
MIODUSKA;187
MIRKOWICZ;187
MISTERKA;187
MOKRA;187
MORGAN;187
ORGANA;187
OVSIANNIKOVA;187
PACANA;187
POKORZYŃSKA;187
RANOSZEK;187
REMLEIN;187
REŃSKA;187
ROKITOWSKA;187
RYSKA;187
SEMENCHENKO;187
SEMKIV;187
SKÓRKIEWICZ;187
STEMPNIEWSKA;187
SUPERCZYŃSKA;187
SZCZUDLIK;187
SZELEJEWSKA;187
TATARENKO;187
TODOROWSKA;187
TRYCZYŃSKA;187
TUBIELEWICZ;187
UCHROŃSKA;187
VASKO;187
WARKOCKA;187
WĄCHOCKA;187
WEYNA;187
BABIRECKI;187
BEDNARA;187
BEKSA;187
BELINSKYI;187
BIESIK;187
BIRYCKI;187
BOGDANIUK;187
BURIAŃSKI;187
CECUŁA;187
CHAŁUBEK;187
CHARĄŻKA;187
CHRZUSZCZ;187
CHYCKI;187
CYGANIAK;187
DEKARZ;187
DORS;187
DURAWA;187
DZIUBANY;187
FANDREJEWSKI;187
FILIPECKI;187
FLIGIEL;187
FUTA;187
GUŚTAK;187
HANCYK;187
HELOWICZ;187
JARMUŻEWSKI;187
KANAR;187
KLAJNERT;187
KOŁPACKI;187
KOŁTEK;187
KORONKA;187
KUBERKA;187
KUCIEJ;187
KURNATOWSKI;187
KURTYCZ;187
KUTZNER;187
MAJERAN;187
MIKOŁOWSKI;187
MUMOT;187
NAMIĘTA;187
OLEWSKI;187
PADZIŃSKI;187
PARSZYWKA;187
PASZKIET;187
PATRON;187
PAWULA;187
POLA;187
PURC;187
REN;187
RĘBECKI;187
SAMOŃ;187
SELEGA;187
SEPIOŁ;187
SKINDZIER;187
STOSUR;187
STRAMEK;187
SZCZĘK;187
SZENFELD;187
SZERSZENIEWSKI;187
SZULĘCKI;187
TOREBKO;187
WARSZAWA;187
WAWRUSZCZAK;187
YERSHOV;187
ZWIERZCHLEWSKI;187
ŻĄDEŁEK;187
BADOŃ;186
BARTOSZKO;186
BINISZEWSKA;186
BOBERSKA;186
BROSZCZAK;186
DOROŻAŁA;186
DWOJAKOWSKA;186
FRASUNKIEWICZ;186
GAŁASZEWSKA;186
GENDERKA;186
GIBASIEWICZ;186
GONCERZEWICZ;186
GREWLING;186
GURTATOWSKA;186
HERNACKA;186
HOINKA;186
HRECHKA;186
IŁOWSKA;186
JĄKAŁA;186
KLAPCZYŃSKA;186
KLARZYŃSKA;186
KOCZAR;186
KOLENDOWICZ;186
KOROTKOVA;186
KOSZYCKA;186
KRUCIŃSKA;186
KRYWKO;186
KUDINOVA;186
LEMBAS;186
ŁABENDA;186
ŁUBNICKA;186
ŁUCIÓW;186
MIKIEL;186
MLICKA;186
OBŁUSKA;186
ODYA;186
PALENIK;186
PALISZEWSKA;186
PEDERSEN;186
PŁOWAŚ;186
POLEROWICZ;186
PYTLOWSKA;186
RADEJ;186
RAMUT;186
REDLICH;186
RUSECKA;186
SAJNAJ;186
SALTARSKA;186
SCHILLING;186
SEIDLER;186
SHAKHOVA;186
SOBINA;186
STAŃCZEWSKA;186
STOŚ;186
SUCHOWIERSKA;186
SWINARSKA;186
SZPECHT;186
SZYNKA;186
ŚLIZOWSKA;186
ŚLÓSARZ;186
ŚWIĘCIŃSKA;186
TARGAŃSKA;186
TARNÓWKA;186
TELICKA;186
TREICHEL;186
TUMIDAJSKA;186
VENHER;186
WIJATYK;186
YUSHCHUK;186
ZIELKOWSKA;186
BEREJ;186
BIELARCZYK;186
BŁAŻKOWSKI;186
BURDZEL;186
CEROŃ;186
CHRÓŚCIŃSKI;186
CIOŁKOSZ;186
DYDYŃSKI;186
DZBEŃSKI;186
DZIADUŁA;186
GARCORZ;186
GRZESICZEK;186
GULKA;186
KARNECKI;186
KRAMSKI;186
KRESA;186
KRUSZCZAK;186
KURASIK;186
LEGĘZA;186
LIGĘSKA;186
LIMAŃSKI;186
LU;186
MICOREK;186
MIKELADZE;186
MIŁOŃ;186
MUCEK;186
MUNIK;186
NADOBNY;186
NASPIŃSKI;186
ODWROT;186
OLCHOWSKI;186
OLECKI;186
PALISZEWSKI;186
PODJACKI;186
POKORZYŃSKI;186
PSZENNY;186
RUSZAJ;186
SAKWIŃSKI;186
SALAMONIK;186
SIEDLAK;186
SILUK;186
SIWCZYŃSKI;186
SKWIROWSKI;186
SOKOLSKI;186
STANILEWICZ;186
STARY;186
STEBELSKI;186
STROJNOWSKI;186
STRYCZYŃSKI;186
SZAJKO;186
ŚMIESZNY;186
TROSZYŃSKI;186
WERENS;186
WOJSIAT;186
WYLEZIŃSKI;186
ZAMŁYŃSKI;186
ZIELKOWSKI;186
ZIEMKA;186
ARTAMONOVA;185
BAKER;185
BERDOWSKA;185
BIRYCKA;185
CHOLERZYŃSKA;185
CZERNICHOWSKA;185
DIAKUN;185
DWORCZYŃSKA;185
ECHAUST;185
FRYSZTACKA;185
GIBALSKA;185
GOCZAŁ;185
GORSKA;185
GRACJASZ;185
HANEK;185
HANISZ;185
HEMPEL;185
JURCZYKOWSKA;185
KOŁATEK;185
KROP;185
KROWIŃSKA;185
KUŚMIERZAK;185
KUTZ;185
LISNIAK;185
MAJCHERSKA;185
MAKAREVYCH;185
MATERKOWSKA;185
MATIASH;185
MICHNIACKA;185
MOLISAK;185
NIEBYLSKA;185
OSEWSKA;185
OSYPOVA;185
PACHOWSKA;185
PIELUCHA;185
POLACHOWSKA;185
POLECKA;185
PYSMENNA;185
RAFALAK;185
REDMANN;185
RELICH;185
ROKOSZEWSKA;185
RYSZCZYK;185
SEDLACZEK;185
SŁABOWSKA;185
STERKOWIEC;185
STORMOWSKA;185
STRANZ;185
STRYCZYŃSKA;185
ŚCIŚLAK;185
TYLL;185
WĘGLAREK;185
WIATREK;185
WOLNIAKOWSKA;185
ZAREK;185
ZEMBIK;185
ŻYCHSKA;185
BAŁCHANOWSKI;185
BAZELAK;185
BEREZIŃSKI;185
BOREJSZO;185
BROKOWSKI;185
BRYNKIEWICZ;185
BUŃKO;185
BUZUN;185
CAŁUJEK;185
CINCIO;185
ĆWIKAŁOWSKI;185
GAŁUSZEWSKI;185
GOŁATA;185
HANUSZKIEWICZ;185
HERNACKI;185
HINTZKE;185
HRUBY;185
JASIOROWSKI;185
JOSHI;185
KASPERUK;185
KOSYDAR;185
KRZYŻOK;185
KUBICIEL;185
KUJTKOWSKI;185
KUKHTA;185
KUPPER;185
KURIANOWICZ;185
LINOWIECKI;185
MA;185
MIECHURSKI;185
MYSIORSKI;185
NAJMOŁA;185
NIERUCHALSKI;185
NOSZCZAK;185
OLKUSKI;185
PANCHYSHYN;185
PAŹDZIOCH;185
POKS;185
PRZYDANEK;185
PYTLOWSKI;185
RACINIEWSKI;185
REDECKI;185
ROM;185
ROŻKIEWICZ;185
SALITRA;185
SCHABOWICZ;185
STASIOŁEK;185
STEFKO;185
STOKOWY;185
STRZECHA;185
STYBURSKI;185
SZELEJEWSKI;185
SZUŁCZYŃSKI;185
ŚCIBIORSKI;185
ŚWIĄCIK;185
ŚWIĄTKO;185
TECHMAŃSKI;185
TUMIDAJSKI;185
TYMCIO;185
WARTA;185
WZGARDA;185
ZABIEGAŁOWSKI;185
ZAŁĘCZNY;185
ŻAROWSKI;185
BADZIOCH;184
BILEWSKA;184
BLAZHKO;184
BOBOŃ;184
CHILKIEWICZ;184
DEFIŃSKA;184
DEMARCZYK;184
DOVHALIUK;184
DŹWILEWSKA;184
FAIT;184
GANSINIEC;184
GNOJEK;184
GOŁKA;184
GOŁKO;184
GRODŹ;184
HASIEC;184
JAŁOSIŃSKA;184
JARMOŁA;184
JESKA;184
KASIEWICZ;184
KOMZA;184
KOPOWSKA;184
KOSTRZANOWSKA;184
KOŚNA;184
KROPKOWSKA;184
KRUPKO;184
KRYWALSKA;184
LEGAN;184
ŁAJSZCZAK;184
MACHNIEWSKA;184
MAZURSKA;184
MIKICKA;184
MIKOŁOWSKA;184
MILDNER;184
MIZURA;184
MYSAK;184
NOWOROLSKA;184
OCHĘDZAN;184
OSTROMECKA;184
PAŁĘCKA;184
PAVLIUCHENKO;184
PEŁSZYŃSKA;184
PIENIĘŻNA;184
PROCHACKA;184
RODOWICZ;184
ROMANETS;184
ROSTOWSKA;184
RUMIANTSEVA;184
SHTEFAN;184
SŁABUSZEWSKA;184
STAFA;184
STELTER;184
STRYJECKA;184
SZCZODRA;184
SZTAJNERT;184
ŚCIGALSKA;184
TATOŃ;184
WIELEWSKA;184
WIERGOWSKA;184
WYLEZIŃSKA;184
ZIELECKA;184
ŻABCZYŃSKA;184
ŻOŁNIERZAK;184
ANDRYCHOWSKI;184
ANDRYSZEWSKI;184
BAKUNOWICZ;184
BIAŁOGŁOWSKI;184
BOCZULAK;184
BRZEŹNICKI;184
CHRAMĘGA;184
CIEŚLICZKA;184
CŁAPKA;184
CZURYSZKIEWICZ;184
DORYWALSKI;184
DWOREK;184
DŻUGAN;184
EKSTEROWICZ;184
FILBRANDT;184
GARBULA;184
GORZYNIK;184
GRZYMISŁAWSKI;184
HADER;184
ILIEV;184
JOCHYMCZYK;184
KANDYBOWICZ;184
KHATRI;184
KLIMONT;184
KOŁOWROCKI;184
KOŃCZEWSKI;184
KOROLUK;184
KRAMM;184
KULAKOV;184
KWOCZAŁA;184
LASOK;184
LEIK;184
LESHCHYSHYN;184
ŁUKSIK;184
MACAŁA;184
MACOCH;184
MENDRELA;184
MICHAJŁOW;184
MIRUS;184
MIRZAEV;184
MŁODZIENIAK;184
MYSZOGLĄD;184
NAVITSKI;184
NIESTĘPSKI;184
NOSALSKI;184
OLASEK;184
ORACZKO;184
PAWLIKIEWICZ;184
PINGOT;184
PÓŁROLA;184
PROCHACKI;184
PRYKIEL;184
PUDLEWSKI;184
PUSTELAK;184
PYRZAK;184
RACHUBKA;184
RĘBELSKI;184
SIUCHTA;184
SMIRNOU;184
SMRECZAK;184
STALIŚ;184
STAROMŁYŃSKI;184
STEMPOWSKI;184
SYNAL;184
TATKOWSKI;184
TOMAŚKO;184
TUDRUJ;184
VOLKAU;184
WARGUŁA;184
WICA;184
WIERCZYŃSKI;184
WITANOWSKI;184
WŁOSKOWICZ;184
ZAJONC;184
ZAMRZYCKI;184
ZANIUK;184
ZBIERAŃSKI;184
ZEGA;184
ZIMNIK;184
ZROBEK;184
ZYGIEL;184
ŻYDAK;184
ARASZEWSKA;183
BARDA;183
BARGŁOWSKA;183
BYSIAK;183
CHORNENKA;183
CHWALCZYK;183
DŁUGIŃSKA;183
DYDYMSKA;183
FEDORCZAK;183
HADYK;183
HALKO;183
HOMAN;183
HYBIAK;183
JACHER;183
JACKSON;183
JARZEMBIŃSKA;183
KAHL;183
KAMIONOWSKA;183
KOCIENIEWSKA;183
KOMAŃSKA;183
KORNELIUK;183
KOROTKA;183
KROMA;183
KRÓTKA;183
KUCIAPSKA;183
LATANOWICZ;183
LEOŃCZYK;183
LEWSZA;183
LIGNOWSKA;183
LOGA;183
ŁUKANOWSKA;183
MACHALEWSKA;183
MAKSYMOVYCH;183
MASLOVSKA;183
MIKLIŃSKA;183
MOLAS;183
NALIKOWSKA;183
PARZYJAGŁA;183
PERSZEWSKA;183
PICHOLA;183
PIKOŃ;183
RESKA;183
ROGOCKA;183
RYDZYK;183
SIEDLISKA;183
SKOROWSKA;183
SLOBODIANYK;183
SOLIANYK;183
STĘŻEWSKA;183
STRANKOWSKA;183
STYRNOL;183
SVIDERSKA;183
ŚCIBIORSKA;183
TARCZYLUK;183
TATARCHUK;183
TRUSIŃSKA;183
WERCZYŃSKA;183
WITANOWSKA;183
ZIMERMAN;183
ALOT;183
AMBROZIŃSKI;183
ANDRUSIUK;183
ARKITA;183
BAŁAMUT;183
BARŁOWSKI;183
BARUT;183
BASZANOWSKI;183
BISIOREK;183
BUDZIANOWSKI;183
CHŁODEK;183
CZACHAROWSKI;183
DAJKA;183
DERC;183
DRAS;183
DZIERAN;183
DZIWURA;183
FITOWSKI;183
FRĄCKOWSKI;183
GAWARKIEWICZ;183
GIERAŁT;183
GLOS;183
GŁUSZYŃSKI;183
GOLACIK;183
GORSKI;183
GORZELSKI;183
GRZYBKOWSKI;183
JARMOŁOWSKI;183
KACICZAK;183
KANKA;183
KOMPANOWSKI;183
KOPCIAŁ;183
KOPOWSKI;183
KUPER;183
KURECKI;183
ŁOPUSKI;183
ŁUNKIEWICZ;183
MATLOCH;183
MATUSZEWICZ;183
MISTEREK;183
MYTKO;183
NOSOV;183
OWCZARCZUK;183
PAWIKOWSKI;183
PIEGDOŃ;183
PINDERA;183
PLIŻGA;183
PŁACHETA;183
PORAJ;183
PRZECH;183
PRZEŹDZIK;183
PRZYBOŚ;183
PUDLAK;183
PUSTOŁA;183
ROSTOWSKI;183
RYŁ;183
SARBIEWSKI;183
SHARKO;183
SIADUL;183
SKRZYPECKI;183
SKWIRUT;183
STOCZKOWSKI;183
SURAŻYŃSKI;183
SZAJOWSKI;183
SZNICER;183
SZYNIEC;183
ŚCIGALSKI;183
ŚNIEGOŃ;183
TARGAŃSKI;183
TRYCZYŃSKI;183
TRZCINA;183
WASIECZKO;183
WENTOWSKI;183
WLEZIEŃ;183
ANDREJKO;182
BARTNICZUK;182
BIEDRZYŃSKA;182
BORYSOWSKA;182
BRUHN;182
BRYMORA;182
CHACHLOWSKA;182
CUPAK;182
CZERWINSKA;182
DZBEŃSKA;182
FAŚCISZEWSKA;182
GOTTFRIED;182
GRAJNER;182
GRULKOWSKA;182
HRACHOVA;182
IBRAHIMOVA;182
JARMOŁOWSKA;182
KAŁKUS;182
KARNAT;182
KARYKOWSKA;182
KONSTANTINOVA;182
KOZIAREK;182
KURECKA;182
LEWIS;182
ŁAGODZKA;182
ŁEPSKA;182
ŁUCZKÓW;182
MARGAŃSKA;182
MARSZELEWSKA;182
MAZURAK;182
MEDER;182
MICHROWSKA;182
MOHR;182
MOJSAK;182
MORMUL;182
MYSZEWSKA;182
OCHĘCKA;182
OGON;182
OKWIEKA;182
OLEWSKA;182
PAWIKOWSKA;182
PILNA;182
PODWORSKA;182
PONIECKA;182
POSACKA;182
RADNA;182
REJMENT;182
REVUTSKA;182
RUTZ;182
SADZIAK;182
SAWUŁA;182
SHYLOVA;182
STASZCZYSZYN;182
SURDYKOWSKA;182
SZULEWSKA;182
SZYDZIAK;182
ŚMIEJKOWSKA;182
TASIEMSKA;182
TYKSIŃSKA;182
VESELOVSKA;182
VRUBLEVSKA;182
YATSYK;182
ZBRZESKA;182
ADOLF;182
ANDRIIEVSKYI;182
BARANOUSKI;182
BASNET;182
BEKIESZCZUK;182
BONDOS;182
BROSZ;182
BUDZIAREK;182
CHO;182
ĆMOK;182
DETYNA;182
DONAJSKI;182
DYGUDA;182
DZIUBAŁKA;182
DŹWILEWSKI;182
FIET;182
GANOBIS;182
GHAZARYAN;182
GINAŁ;182
GŁÓWCZAK;182
GROBLICA;182
GRZEMPOWSKI;182
HETNAŁ;182
HNATYK;182
HURKAŁA;182
ILIŃSKI;182
ISMAYILOV;182
JAWORECKI;182
JEDNOROWSKI;182
JEZIORKOWSKI;182
KONONOV;182
KRUCIŃSKI;182
KUFIETA;182
LITVINCHUK;182
ŁABUZIŃSKI;182
MANTUR;182
MARLEWSKI;182
MINDYKOWSKI;182
NIEWIELSKI;182
NIJAKI;182
NORBERCIAK;182
ORUJOV;182
PECHTA;182
PEŁA;182
PEWNIAK;182
PIESTA;182
POTYRALSKI;182
RABURSKI;182
ROCHOŃ;182
RUCHNIEWICZ;182
RUPALA;182
RYCHWALSKI;182
RYDZY;182
RYNDUCH;182
SKRYCKI;182
SMYDA;182
STASIEŃKO;182
STRAMOWSKI;182
TARGIEL;182
TATERKA;182
TCHÓRZNICKI;182
TUKA;182
VITKOVSKYI;182
WARMUS;182
WAWRZOS;182
WDOWIKOWSKI;182
WOLNIAKOWSKI;182
WOŹNIOK;182
ZABIEROWSKI;182
ZEJER;182
ŻYDOWICZ;182
ANDRYCHOWSKA;181
BĘBACZ;181
BOLESŁAWSKA;181
BONIEWICZ;181
BURDAJEWICZ;181
BURDYŃSKA;181
CHWASZCZEWSKA;181
CHYBICKA;181
CZAJ;181
DOBAJ;181
DOLINSKA;181
DUNDA;181
EJSYMONT;181
FANDREJEWSKA;181
FOSS;181
GARBOLIŃSKA;181
GŁADECKA;181
GUCA;181
HORA;181
HORSZCZARUK;181
JARZEMSKA;181
JESCHKE;181
KARWIŃSKA;181
KELLY;181
KERBER;181
KOLIESNIK;181
KONARKOWSKA;181
KUBAJEWSKA;181
KUNYTSKA;181
LINIEWSKA;181
ŁĘŻAK;181
MARUSIŃSKA;181
MRYKA;181
MUZYCZKA;181
MYŚLIWSKA;181
NADGRODKIEWICZ;181
OCHOTNA;181
OGNIEWSKA;181
OSIPCHUK;181
OZIEMSKA;181
PAJONK;181
PARKER;181
POBOCHA;181
PRZETOCKA;181
PYLYPIUK;181
RADZANOWSKA;181
RANACHOWSKA;181
RATKE;181
REDZISZ;181
REPCZYŃSKA;181
ROZPONDEK;181
RZEKIECKA;181
SAMUŁA;181
SĘKIEWICZ;181
STANCZEWSKA;181
STRUŻEK;181
SZULĘCKA;181
SZUPRYCZYŃSKA;181
ŚLIZAK;181
TROSZYŃSKA;181
TYKWIŃSKA;181
UJEJSKA;181
WACHULEC;181
WEISER;181
WIEPRZKOWICZ;181
WIERCZYŃSKA;181
WYLEŻAŁEK;181
ZARZYŃSKA;181
ZINKEVYCH;181
AVETISYAN;181
BABIŚ;181
BEJGROWICZ;181
BOLESŁAWSKI;181
BORYKA;181
CIENIEWSKI;181
ĆWIERTNIEWICZ;181
DURMOWICZ;181
DYMACZ;181
DZIAŁDOWSKI;181
DZIAŁKOWSKI;181
FALECKI;181
GAŁGAŃSKI;181
GIRUĆ;181
GRZEGORCZUK;181
JARNICKI;181
JASNOSZ;181
JERSZYŃSKI;181
JESION;181
JĘDRZYCHOWSKI;181
KALUŻNY;181
KIONKA;181
KRYCHOWSKI;181
KUKLIK;181
KULASIK;181
ŁASUT;181
ŁUCJAN;181
ŁYDA;181
MAKOVSKYI;181
MARASZKIEWICZ;181
MATYJAK;181
MIĄCZ;181
NALEWAJSKI;181
NETKOWSKI;181
NOWOROLSKI;181
OLICHWIER;181
OSYTEK;181
PARCHEM;181
PETLA;181
PIEKNIK;181
PLIŃSKI;181
POWRÓZEK;181
REPCZYŃSKI;181
RESZTAK;181
SAPIERZYŃSKI;181
SAPKOTA;181
SKÓRCZYŃSKI;181
SŁABUSZEWSKI;181
SOPNIEWSKI;181
SOSNOWICZ;181
STAŃCZEWSKI;181
STOIANOV;181
STORY;181
STRELCZUK;181
STURGULEWSKI;181
SULICKI;181
SZATAŃSKI;181
SZTUBECKI;181
SZUMOTALSKI;181
SZYŁEJKO;181
ŚLAGA;181
TURZA;181
UCHER;181
WASZTYL;181
ZEGZUŁA;181
ZNAMIEROWSKI;181
ŻOŁĘDOWSKI;181
AHAFONOVA;180
ANISIEWICZ;180
ASZKIEŁOWICZ;180
BEŁCZOWSKA;180
BERNADY;180
BESKA;180
BRONIEC;180
BURIAŃSKA;180
CHOCHLIŃSKA;180
CIBOREK;180
CZUBIK;180
ĆWIKAŁOWSKA;180
DULNA;180
GAŁUSZEWSKA;180
GIEDRYS;180
GOŁUBOWSKA;180
GONDRO;180
GOŚCIAŃSKA;180
GOŚCIK;180
GOZDERA;180
GRZYMISŁAWSKA;180
HAJA;180
HALYCH;180
HANYSZ;180
IMIELIŃSKA;180
JADANOWSKA;180
KAPCIŃSKA;180
KLIMCZOK;180
KOPYLOVA;180
KRZYŻOSZCZAK;180
KUCZYK;180
LEVY;180
LUTKOWSKA;180
ŁASICKA;180
MAZUŚ;180
MOŁDAWA;180
MOORE;180
NARODZONEK;180
NIECHWIEJ;180
PĄŚKO;180
PECH;180
PIDHORNA;180
PIEŃCZEWSKA;180
POMIERNA;180
PUSZCZYŃSKA;180
RADOLIŃSKA;180
RYBACHUK;180
RYZHOVA;180
SARBIEWSKA;180
SCHAEFER;180
SĘDZIMIR;180
SŁABKOWSKA;180
SMOKTUNOWICZ;180
SMOSNA;180
STANI;180
STRZYGA;180
ŚPIONEK;180
TARARA;180
TERENTIEVA;180
TODOROVA;180
TOŃSKA;180
TURZYNIECKA;180
TYBUŚ;180
WENTOWSKA;180
WITAŃSKA;180
WOJCZYK;180
WOŹNIKOWSKA;180
ZAGUBIEŃ;180
ŻYJEWSKA;180
BAKOTA;180
BIEDRZYŃSKI;180
BLECHARZ;180
BORCHARDT;180
BRENDA;180
BRZEZIAK;180
CHŁYSTEK;180
CHOŁA;180
CHURAS;180
CUPRIAK;180
DAMAZYN;180
GANCZAREK;180
GARKOWSKI;180
HOCHMAN;180
JABRZYK;180
JAFERNIK;180
JAKSINA;180
JAŁOSIŃSKI;180
JANAWA;180
JANYST;180
JARZEMSKI;180
KAMIENIK;180
KANARSKI;180
KARKUS;180
KAZULA;180
KOŁDYS;180
KRYLA;180
KUDZIN;180
KUKUROWSKI;180
KUNACH;180
LEFEK;180
LEJMANOWICZ;180
LELAKOWSKI;180
MACHALEWSKI;180
MADZIO;180
MAJERZ;180
MAKHARADZE;180
MALCHAR;180
MATERNIK;180
MELSKI;180
MET;180
MIERZEJEK;180
MUSIDLAK;180
OSIOWY;180
OSTAPIŃSKI;180
PALIKOT;180
SAROKA;180
SMAJEK;180
SMOSZNA;180
STOMA;180
STROKOSZ;180
STUDENNY;180
SUDOMIRSKI;180
SZMUDA;180
SZUPILUK;180
THEN;180
TOTOŚ;180
TYREK;180
WAWROCKI;180
WIDEŃSKI;180
WIERZGOŃ;180
WLEKŁY;180
ZACHARUK;180
ZIMORSKI;180
ZNAJDEK;180
ZUZELSKI;180
BIAŁOGŁOWSKA;179
BŁASZCZYKOWSKA;179
BRENDEL;179
BUGAŃSKA;179
BUGOWSKA;179
BUSZEWSKA;179
BUTKOWSKA;179
CHABRASZEWSKA;179
CHRUSZCZEWSKA;179
CZĄSTKIEWICZ;179
DAJNOWICZ;179
DAMASZKE;179
FEDYSZYN;179
FRYDECKA;179
GABRUK;179
GASANOVA;179
GLIK;179
IDZIŃSKA;179
JENDRYKA;179
JEZIORKOWSKA;179
KENSY;179
KLECZKO;179
KOLIBSKA;179
KONOVAL;179
KONOWALCZYK;179
KOWALEK;179
MALIUK;179
MYSKO;179
NALEWAJSKA;179
NARKOWICZ;179
NENKO;179
NOSKOWSKA;179
OPIŁOWSKA;179
ORYLSKA;179
OSINSKA;179
PANKEVYCH;179
PASKUDZKA;179
PASTUSZCZAK;179
PEPEL;179
PIERUCKA;179
PODLAS;179
RYBAKOVA;179
RYTTER;179
SUCHANOWSKA;179
SZLAWSKA;179
SZTYMELSKA;179
ŚMIERZYŃSKA;179
USOWICZ;179
UVAROVA;179
VERESHCHAK;179
VOITSEKHIVSKA;179
WERYSZKO;179
WROTNA;179
WRUK;179
YURCHAK;179
ALABRUDZIŃSKI;179
AMBROŻ;179
ARWAJ;179
BAJDAK;179
BETKIER;179
BULTROWICZ;179
CHACHLOWSKI;179
CHŁAP;179
CIOŚ;179
CZABAJ;179
CZAKAŃSKI;179
CZERWINSKI;179
CZUPA;179
IBRON;179
JABCZYK;179
JAKÓBEK;179
JANOS;179
JOJCZYK;179
KASIURA;179
KIEDRZYŃSKI;179
KOPACH;179
KOPLIN;179
KORZYNIEWSKI;179
KOSSMANN;179
KRUŻOŁEK;179
LUDKA;179
MAJCHERSKI;179
MAKOWICZ;179
MAZIEC;179
MĄKOSZA;179
MEDERSKI;179
MEDYK;179
MICHNIACKI;179
MIDERA;179
MIECHOWSKI;179
NAJBOR;179
OSTROMECKI;179
PEŁSZYŃSKI;179
PIELASZKIEWICZ;179
PISZCZAN;179
POCHŁOPIEŃ;179
POCICA;179
PODKUL;179
POLECKI;179
ROGUSZ;179
ROKITOWSKI;179
ROZEN;179
ROZWORSKI;179
RUDALSKI;179
SĄDOWSKI;179
STERNALSKI;179
SUPERCZYŃSKI;179
SURMANIDZE;179
SZOKAŁO;179
SZÓSTEK;179
SZYMOR;179
TRUS;179
TRZĘSOWSKI;179
USTRZYCKI;179
WAJSZCZAK;179
WERYK;179
ZACHAR;179
ZBIEG;179
ŻYCHSKI;179
AGATA;178
APANASEWICZ;178
BEZKROVNA;178
BILICZ;178
BŁĘDZIŃSKA;178
BODORA;178
BUDZANOWSKA;178
BULCZYŃSKA;178
BUTOR;178
CEKIERA;178
CHOJĘTA;178
CZARNIAWSKA;178
CZYNSZ;178
DOŁŻYCKA;178
DOMERECKA;178
DYBIŃSKA;178
DZIANACH;178
FEJA;178
FESSER;178
FITOWSKA;178
FUNDAKOWSKA;178
FURMANOWICZ;178
GNYLA;178
HALWA;178
HANULAK;178
HORST;178
ISKRZYŃSKA;178
JANSEN;178
KAPECKA;178
KLICHOWSKA;178
KOSTUŚ;178
KOZHUKHAR;178
KUDRYŃSKA;178
KURTIAK;178
KUZNOWICZ;178
LAMPERT;178
ŁOPAT;178
MENDRALA;178
MINDYKOWSKA;178
NASPIŃSKA;178
NORKIEWICZ;178
NORMAN;178
OGRODZKA;178
OVCHARUK;178
PASTERZ;178
PATEROK;178
RODIONOVA;178
SAUTER;178
SHCHERBATIUK;178
SIECLA;178
SKARBOWSKA;178
SKRZYCKA;178
SNUSZKA;178
SOBIERAJCZYK;178
SOKUR;178
STYBURSKA;178
SZEMIOT;178
SZERSZENOWICZ;178
TEMPKA;178
TRZÓSŁO;178
TYMEK;178
UŁAMEK;178
US;178
WĘCKOWSKA;178
ZALASIŃSKA;178
ZARITSKA;178
ZGARDA;178
ŻMINKOWSKA;178
ŻUŁAWIŃSKA;178
ANDREICHUK;178
ANZEL;178
AZIMOV;178
BABUL;178
BAJWOLUK;178
BREŃSKI;178
BURNY;178
BZDYK;178
CHYĆKO;178
DĄBROWNY;178
DETLAF;178
DEWERENDA;178
DOLCZEWSKI;178
DURMAN;178
DWORCZYŃSKI;178
DYŃSKI;178
FIUTKA;178
GACIA;178
GOIŃSKI;178
HELBIK;178
HODUŃ;178
HORDYŃSKI;178
HYZ;178
JASIONOWICZ;178
JERMAKOWICZ;178
JUŚCIŃSKI;178
KADZIŃSKI;178
KLAPCZYŃSKI;178
KOCIAK;178
KOLBIARZ;178
KOPERCZAK;178
KUCWAJ;178
LENDO;178
MAZURSKI;178
MERING;178
MILCZEK;178
MODRAKOWSKI;178
MOŁEK;178
MULA;178
NASKRĘCKI;178
NIEWIATOWSKI;178
OGRODZKI;178
OLCZYKOWSKI;178
OPALUCH;178
OZIĘBAŁA;178
PACULA;178
PETERA;178
POGRANICZNY;178
POLUBIEC;178
PROSIŃSKI;178
PRZEWIĘŹLIKOWSKI;178
RADZANOWSKI;178
RERAK;178
SENIV;178
SHYSHKIN;178
SOBALSKI;178
SOŁOWSKI;178
SOWIŹRAŁ;178
SWINARSKI;178
SYTEK;178
SZTYMELSKI;178
SZYNALSKI;178
ŚMIERZYŃSKI;178
TOMASIUK;178
TONDERYS;178
TRACIAK;178
TROCEWICZ;178
TUMIEL;178
TURSUNOV;178
WACNIK;178
WIELEBIŃSKI;178
WILCZKO;178
ZAMYSŁOWSKI;178
ZAPERTY;178
ZJEŻDŻAŁKA;178
BALMAS;177
BINIASZ;177
BOR;177
BREŃSKA;177
BULAKH;177
CHEPIL;177
CYPARSKA;177
DZIAŁDOWSKA;177
GIERACKA;177
GOZDALIK;177
GÓRKOWSKA;177
HELLWIG;177
HRYCYNA;177
HRYNCEWICZ;177
HRYNEVYCH;177
HUTSUL;177
IVANYSHYN;177
KIEDRZYŃSKA;177
KITALA;177
KOBIERA;177
KOWALECZKO;177
KOZII;177
KRYCZEK;177
KUDRYCKA;177
KUŁAGOWSKA;177
KURTZ;177
LAPINA;177
LUKASHCHUK;177
MAKUSZEWSKA;177
MARTINEZ;177
MATKOVSKA;177
MICIELSKA;177
NEUBERT;177
OPALKO;177
PIRCH;177
PRZETAK;177
PRZYMUSIŃSKA;177
PUCKA;177
PUSZKAR;177
ROSTOCKA;177
RZEMIENIEWSKA;177
SERWAŃSKA;177
SĘPKOWSKA;177
SHMATKO;177
SIĄKOWSKA;177
SKUBISZYŃSKA;177
SKUTECKA;177
SOŁOWSKA;177
SZARADOWSKA;177
SZCZOTOK;177
SZPOTAŃSKA;177
SZUSTKA;177
ŚNIEGUCKA;177
TĘGOWSKA;177
TOŁCZYK;177
TONAK;177
TOSZEK;177
TWORZEWSKA;177
WARDENGA;177
WASINIEWSKA;177
WIANECKA;177
WIDLAK;177
WONTORCZYK;177
WTORKOWSKA;177
ZIOB;177
ZNAMIEROWSKA;177
ŻABOWSKA;177
BANACZYK;177
BOLA;177
BUGZEL;177
BUŃKOWSKI;177
CHEPURNYI;177
CIELMA;177
CISŁAK;177
CYTACKI;177
CZYRSKI;177
DEREDAS;177
DŁUŻEŃ;177
FAŚCISZEWSKI;177
FIOŁNA;177
FIRLĄG;177
FORAJTER;177
FURCA;177
GALERA;177
GDOWIK;177
GLĄDAŁA;177
GÓRNIKOWSKI;177
GROMYSZ;177
GUZAL;177
HIŃCZA;177
HORABIK;177
IWULSKI;177
JANTOŃ;177
JUGOWIEC;177
KALITOWSKI;177
KAŁAFUT;177
KARYKOWSKI;177
KOMODZIŃSKI;177
KONWENT;177
KOSATER;177
KOTRAS;177
KOZACZYK;177
KRZANIK;177
KUCEK;177
KURTOK;177
LILLA;177
LIM;177
LORENCKI;177
LULKA;177
MACZEK;177
MADAJCZAK;177
MAJTAS;177
MAKSYMIEC;177
MALOVANYI;177
MARSZYCKI;177
MATERKOWSKI;177
MIKICKI;177
MIKLIŃSKI;177
MIKSIEWICZ;177
NALEZIŃSKI;177
NIEPOKÓJ;177
OZDOWSKI;177
PANTER;177
PEWIŃSKI;177
POZDNIAKOV;177
PUKALUK;177
RADOLIŃSKI;177
RADZYŃSKI;177
RAWECKI;177
RĘDZIO;177
SAJECKI;177
SALABURA;177
SALAMONOWICZ;177
SAMEŁKO;177
SODO;177
SOŚNICA;177
STASIOROWSKI;177
SWĘDRAK;177
SZLAG;177
SZULEJEWSKI;177
ŚCIŚLEWSKI;177
WALDER;177
WCIÓRKA;177
WOJTKUN;177
ZWIEFKA;177
ŻUŁAWIŃSKI;177
ANIOŁOWSKA;176
ARTYMIAK;176
BAŁDA;176
BANUCHA;176
BRZEZICHA;176
BULER;176
CHRÓŚCIK;176
CUPRYJAK;176
DŁUTEK;176
FILIPENKO;176
FLEMING;176
FRITSCH;176
GIZLER;176
GORZYŃSKA;176
GROMACKA;176
GRZEMPOWSKA;176
HARMACIŃSKA;176
HELISZ;176
HOCH;176
HORDYŃSKA;176
HORYZA;176
JARNICKA;176
KHMARA;176
KRZESAK;176
KUZAR;176
ŁUKASZÓW;176
MANDEL;176
NAROLEWSKA;176
NIEWIATOWSKA;176
NOWOPOLSKA;176
ODZIMKOWSKA;176
OHLY;176
OKRUTNA;176
PABINIAK;176
PASHKOVSKA;176
PAWLETKO;176
PIANKO;176
POSTOLSKA;176
PRZETACKA;176
PUSTOVA;176
PYRCHLA;176
PYŻ;176
SAMÓL;176
SHABANOVA;176
SIEGIEDA;176
SKIBSKA;176
SKOWYRSKA;176
SKROBISZEWSKA;176
SOCIŃSKA;176
STELĘGOWSKA;176
ŚWITAJSKA;176
TASZAREK;176
TROSZOK;176
USTIANOWSKA;176
VOLODINA;176
ZWIERZCHLEWSKA;176
ŻYWICZKA;176
ABRAMIK;176
AMBORSKI;176
AVDIEIEV;176
BAJENA;176
BIEDULSKI;176
BIRSKI;176
BRODZICKI;176
BROKOS;176
BUĆKOWSKI;176
CZEREMCHA;176
CZUCZWARA;176
DEPERAS;176
DRYJER;176
DZIETCZYK;176
FIEDORCZYK;176
FREJEK;176
GARBULIŃSKI;176
GŁOZAK;176
GODLEŚ;176
GOŁUB;176
GRAJCZAK;176
GULBIŃSKI;176
HORAŁA;176
HORCZAK;176
IDZIŃSKI;176
IUSUBOV;176
JASIURA;176
KEMPIAK;176
KLICHOWSKI;176
KNOTEK;176
KOSZYCKI;176
KOWALCZYKOWSKI;176
KOZARSKI;176
LEWOŃ;176
MARSZELEWSKI;176
MIŃSKI;176
MOSIĘŻNY;176
NOWOPOLSKI;176
OKUSZKO;176
PARAPURA;176
PATULSKI;176
PŁODOWSKI;176
PODGRUDNY;176
PODWOJEWSKI;176
PODWYSZYŃSKI;176
REWERSKI;176
ROŚLIK;176
SKOWYRSKI;176
SKUTECKI;176
SKWARKA;176
SOBOLIEV;176
SPODYMEK;176
STRUPIŃSKI;176
STRYJECKI;176
SZACH;176
SZEFLIŃSKI;176
SZESZYCKI;176
SZYMBOR;176
TACZYŃSKI;176
TARGONI;176
TRZOPEK;176
TRZPIOŁA;176
UJEJSKI;176
WALENDZIUK;176
WOŁCZAK;176
WORWĄG;176
ZABIEGAJ;176
ZARYCZNY;176
ZYDOREK;176
BAGNICKA;175
BERECKA;175
BRYŚKIEWICZ;175
CHUSTECKA;175
CIEŚLAWSKA;175
CITKOWSKA;175
CLARK;175
CZAKAŃSKA;175
DMITRIIEVA;175
DOMIŃCZYK;175
DREBOT;175
DROZDALSKA;175
DZIAMA;175
FALBIERSKA;175
FILIPECKA;175
GADALIŃSKA;175
GORLICKA;175
HARASZCZUK;175
HAUSER;175
HINTZ;175
HRYTSIV;175
HUBSKA;175
HUROVA;175
JUNKIERT;175
KALMYKOVA;175
KAZUCH;175
KIERUJ;175
KNYT;175
KOLLER;175
KOMODZIŃSKA;175
KRZECZEK;175
KUĆKO;175
ŁOSOWSKA;175
ŁYSA;175
MAJOROWSKA;175
MALIARCHUK;175
MARTEWICZ;175
MARTYNEK;175
NOETZEL;175
OSTALSKA;175
PAŁACH;175
PANAŚ;175
PESZEL;175
PIANOWSKA;175
PŁACHNO;175
PULKA;175
RUMOWSKA;175
SAKWIŃSKA;175
SCHULZE;175
SIDORKIEWICZ;175
SOLODOVNYK;175
SOLOWSKA;175
SOMPOLSKA;175
SZĘDZIELORZ;175
TADEL;175
TARANOWSKA;175
TRZASKOŚ;175
TSVIETKOVA;175
ULIANOVA;175
WALENTA;175
WATAŁA;175
WIERNA;175
WŁUKA;175
WOŁYNIAK;175
ŻARDECKA;175
ŻOŁĘDOWSKA;175
ŻÓŁKOŚ;175
BALEWICZ;175
BODIO;175
BODUSZEK;175
BUBIAK;175
CHORUŻY;175
CIEŚLAWSKI;175
CIĘŻADŁO;175
DEFIŃSKI;175
DELEŻUCH;175
FARA;175
GEREJ;175
GISZTER;175
GŁĘBOWSKI;175
GÓRLICKI;175
HARNIK;175
HĘĆKA;175
HODANA;175
HROMOV;175
HYTRY;175
ISKRZYŃSKI;175
ISMAIL;175
JASTROWICZ;175
JASZCZUROWSKI;175
KAMIONOWSKI;175
KATZ;175
KHARYTONOV;175
KOSZARNY;175
KRĘCIEWSKI;175
KRUGŁY;175
KURZELEWSKI;175
KWATERA;175
LICZNAR;175
ŁAGODZKI;175
ŁAPICZ;175
MEJKA;175
MOLUS;175
MUSTAFAEV;175
NABZDYK;175
NIESOBSKI;175
ONOPIUK;175
OPITEK;175
PAUSZEK;175
PIANOWSKI;175
PIOTEREK;175
PŁASZCZYMĄKA;175
POCZWARDOWSKI;175
POLOCH;175
POPÓW;175
PÓŁKOŚNIK;175
PRZYMUSIŃSKI;175
RYBAŁTOWSKI;175
SADOCHA;175
SAMBORSKYI;175
SKIBSKI;175
SKRZELA;175
STALĘGA;175
STAWOWIAK;175
SUM;175
SZARWARK;175
SZAWAN;175
SZELENBAUM;175
ŚMIEJKOWSKI;175
ŚWIĘTOJAŃSKI;175
ŚWITKIEWICZ;175
TKACHYK;175
TŁUSTOCHOWICZ;175
TYKWIŃSKI;175
WĄCHOCKI;175
WENCKI;175
WENTLAND;175
WĘCKOWSKI;175
WOJTYCZKO;175
YEROMIN;175
ZOMERFELD;175
ŻALIŃSKI;175
AMAROWICZ;174
AUER;174
BRZOZOWA;174
BUCZEL;174
BURZYCKA;174
CABOŃ;174
CELEBUCKA;174
CHOTKOWSKA;174
CZARNUL;174
CZERNIKOWSKA;174
CZUBAT;174
CZUPAJŁO;174
DUBANIOWSKA;174
FULARSKA;174
FURGALSKA;174
GAWRYCHOWSKA;174
GĄSIORKIEWICZ;174
GIERLOTKA;174
GOLOMBEK;174
GRĄZKA;174
GRĘBOWICZ;174
HAPEK;174
HELWIG;174
ILKOWSKA;174
IWULSKA;174
JACHIMCZUK;174
JURZEC;174
JUŚCIŃSKA;174
KALUŻNA;174
KARIMOVA;174
KILON;174
KISZEWSKA;174
KOLWICZ;174
KRAMARCZUK;174
KRYNYTSKA;174
KRYST;174
KRYVONOS;174
KUBLICKA;174
KUGIEL;174
KUMMER;174
KUPISZEWSKA;174
KUSTOSIK;174
LECHAŃSKA;174
LELAKOWSKA;174
LINDER;174
MILC;174
MLĄCKA;174
MOSZKO;174
OKOS;174
OLEKSENKO;174
OPANASENKO;174
PACHNIEWSKA;174
PANIAK;174
PASCHKE;174
PAZIUK;174
PETERSEN;174
PODOWSKA;174
POTKAŃSKA;174
PRZEWROCKA;174
REDECKA;174
RZEKĘĆ;174
SITARCZUK;174
SLIPCHENKO;174
SOPNIEWSKA;174
STARUS;174
STRONCZEK;174
STUDENNA;174
SULŻYCKA;174
SUSZCZYK;174
ŚWIECKA;174
TACZYŃSKA;174
TATARYN;174
TSYHANKOVA;174
VASILYEVA;174
WĄTORSKA;174
WILASZEK;174
ZBIERAŃSKA;174
ZIEMNIEWICZ;174
BALASIŃSKI;174
BARTYŚ;174
BIRKOWSKI;174
BODNARUK;174
BOROWIŃSKI;174
CHRUŚCIELEWSKI;174
CHUTKOWSKI;174
DEONIZIAK;174
DRAPIKOWSKI;174
DUROK;174
DZIECIĄTKO;174
DZIURDZIK;174
FABISIEWICZ;174
FELSZTYŃSKI;174
GALANCIAK;174
GAWRONEK;174
GLINIEWICZ;174
GŁODOWICZ;174
GRUGEL;174
HUSEINOV;174
KISEL;174
KOBYŁKIEWICZ;174
KOLIBSKI;174
KORZAN;174
KORZYŃSKI;174
KOŹBA;174
KROTLA;174
KUDRZYCKI;174
ŁYCZEWSKI;174
MICIELSKI;174
MIENTKI;174
MINICH;174
MURAVSKYI;174
MURSZEWSKI;174
MYCZKA;174
NIEMKIEWICZ;174
NOGAS;174
NOVRUZOV;174
OKRUCH;174
ORYLSKI;174
PETRYSZAK;174
PONITKA;174
PRYMUS;174
PRZYDRÓŻNY;174
PUĆ;174
ROZHKOV;174
RUTOWSKI;174
RYSIEWSKI;174
SALEJ;174
SIAREK;174
SKWARZYŃSKI;174
SMUKAŁA;174
SOCIŃSKI;174
SOLODKYI;174
STEFURAK;174
STELĘGOWSKI;174
STRUNIAWSKI;174
SZPOTAŃSKI;174
ŚCIERA;174
ŚNIEGUCKI;174
TARAPACZ;174
TARNOPOLSKI;174
TŁOK;174
TOMANIK;174
TREPANOWSKI;174
TROCHIMCZYK;174
TUCHALSKI;174
TURCZYNIAK;174
WALECKO;174
WĄŚ;174
WICHTOWSKI;174
WIELGOŁASKI;174
WLAZIŃSKI;174
WNUK LIPIŃSKI;174
WOLDER;174
ZAJMA;174
ZDRZALIK;174
ZGRZEBNY;174
BAI;173
BARNACH;173
BAŻANT;173
BIRONT;173
BŁAŻKOWSKA;173
BOGATKO;173
BOHN;173
BRYKOWSKA;173
BUHAIENKO;173
BURSZTYŃSKA;173
CHRUŚCIELEWSKA;173
CHUTKOWSKA;173
CICHACZ;173
CYTACKA;173
CZACHAROWSKA;173
DAUKSZEWICZ;173
DOBIŃSKA;173
DRAPIKOWSKA;173
FUGLEWICZ;173
GAJOCH;173
GAŁĄSKA;173
GAZARKIEWICZ;173
GIERGIEL;173
GOLCZAK;173
GWIAZDOŃ;173
HORB;173
JAMES;173
JASZAK;173
KADZIEWICZ;173
KĘCZKOWSKA;173
KHODAKIVSKA;173
KOROLIUK;173
KREŃSKA;173
KRYSHTAL;173
KURZYCA;173
KUTOVA;173
LEBEDENKO;173
LONSKA;173
MAŁACZYŃSKA;173
MARLEWSKA;173
MENDAKIEWICZ;173
MIĘŻAŁ;173
MITRUT;173
NADWODNA;173
NAJDECKA;173
OHORODNIK;173
PANKO;173
PATLEWICZ;173
PRZYDRÓŻNA;173
PSUT;173
REMEZ;173
RODRIGUEZ;173
RYNOWIECKA;173
SZWAJCOWSKA;173
ŚLIFIRSKA;173
ŚWIERBLEWSKA;173
TAPEREK;173
UMAŃSKA;173
UNGIER;173
WIENKE;173
WIERUS;173
WOCHOWSKA;173
ZBRONIEC;173
ZIEMBIKIEWICZ;173
ABDULAEV;173
BAT;173
BIDER;173
BIRUK;173
BOBERSKI;173
BORCIUCH;173
BUCHYNSKYI;173
BUDZICKI;173
CELEBAŃSKI;173
CHRUSZCZEWSKI;173
CIUKAJ;173
CIŻEWSKI;173
CYPARSKI;173
DODA;173
DONDAJEWSKI;173
ELAK;173
FLUKS;173
FRANASZCZUK;173
FRYSZTACKI;173
GABRYCHOWICZ;173
GAŁWIACZEK;173
GANC;173
GARBERA;173
GAWORECKI;173
GOŚCIAŃSKI;173
GROCHOWIECKI;173
GRYMEK;173
GUJDA;173
JACHYMSKI;173
JANASZCZYK;173
JĘCZ;173
KEGEL;173
KINIORSKI;173
KOĆMA;173
KOLEBUK;173
KOZŁECKI;173
KROTOSZYŃSKI;173
KRYWALSKI;173
KRZESICKI;173
LORĘCKI;173
ŁASIEWICKI;173
MACHNIEWSKI;173
MAKSIMOWSKI;173
MAMCZURA;173
MIHUŁKA;173
MIROCHNA;173
MIZINIAK;173
MŁYNIEC;173
MRULA;173
PAWEŁKA;173
PILITOWSKI;173
PONIECKI;173
POTOCZAK;173
PÓŁGRABIA;173
PYCHYŃSKI;173
PYDO;173
RETECKI;173
RĘDZINIAK;173
ROTKIEWICZ;173
RUMOWSKI;173
SENDŁAK;173
SKRUCHA;173
SULŻYCKI;173
SZOST;173
SZYMANDERA;173
SZYMCZYKOWSKI;173
ŚRÓDKA;173
TARANOWSKI;173
TARNECKI;173
TOCKI;173
TODYS;173
TRZECIŃSKI;173
TWAROGOWSKI;173
ULICZNY;173
WALENCIEJ;173
WASINIEWSKI;173
WEILAND;173
WĘDZIŃSKI;173
WIELEK;173
WIERZYK;173
WODNICZAK;173
ZAJK;173
ZAMIATAŁA;173
ZHURAVSKYI;173
AMBORSKA;172
BABIRECKA;172
BARUCH;172
BASZANOWSKA;172
BEREHOVA;172
BERESZYŃSKA;172
BOJANEK;172
BRUSIK;172
BRZOZOWICZ;172
BUDZIŁO;172
CEDZICH;172
CIASTKO;172
DAŁKOWSKA;172
DERUŚ;172
DOCZEKALSKA;172
FIFIELSKA;172
FRĄCKOWSKA;172
FROEHLICH;172
FRUBA;172
GARNCARCZYK;172
GÓRLICKA;172
GÓRZKOWSKA;172
GRYCKO;172
HALAK;172
HNATYSZYN;172
KIRSCH;172
KONSTANTYNOVA;172
KORDALEWSKA;172
KOŚLIŃSKA;172
KRIUCHKOVA;172
KSIĄŻCZAK;172
KUBISTA;172
KUKHARUK;172
LAZUREK;172
LIPIAN;172
ŁOPIEŃSKA;172
ŁUBOWSKA;172
MACZYŃSKA;172
MALYSHKO;172
MATCZYŃSKA;172
MIGOCKA;172
NIEWÓJT;172
OKRAJEK;172
ORTMAN;172
PARAFIŃSKA;172
PASTERNACKA;172
SADOLEWSKA;172
SAIKO;172
SEKTA;172
SEKURA;172
SHUMYLO;172
SIVAK;172
SKWARZYŃSKA;172
STRZALIŃSKA;172
SUKACH;172
SZEMIK;172
SZULEJEWSKA;172
TITARENKO;172
TOBOTA;172
TOMASZYK;172
WLAZIŃSKA;172
ZAGULSKA;172
ZEMLAK;172
ZIMORSKA;172
ZOMMER;172
ADRYAN;172
ANDRASIK;172
ARGALSKI;172
BARWIKOWSKI;172
BILON;172
BLEJWAS;172
BŁAJSZCZAK;172
BŁASZCZYKOWSKI;172
BORSUKIEWICZ;172
BORZESTOWSKI;172
BRASZAK;172
BROTOŃ;172
BRZEŻAŃSKI;172
BUC;172
CHERUBIN;172
CYRTA;172
CZYRKO;172
ĆWIERTKA;172
DŁUGOBORSKI;172
DOVHYI;172
DZIUBDZIELA;172
ELJASZ;172
FLAJSZER;172
FRANCKIEWICZ;172
GŁUCHY;172
GNYCH;172
GOLEMA;172
GOŁĄBIEWSKI;172
GOŁĘBICKI;172
GREC;172
GUZAK;172
HE;172
HILLA;172
IVANTSIV;172
JARMOC;172
JÓZEFÓW;172
KAMYCZEK;172
KARLICKI;172
KOŃCZALSKI;172
KOSEŁA;172
KRAJCZEWSKI;172
KRZYŚPIAK;172
KUBAJEWSKI;172
KUCFIR;172
KULCZYKOWSKI;172
KURINNYI;172
LENCZYK;172
LINIEWSKI;172
LISAKOWSKI;172
LOTA;172
LUDKOWSKI;172
ŁAPKOWSKI;172
ŁUBNIEWSKI;172
MARGIELEWSKI;172
MIESZKOWICZ;172
MIETLIŃSKI;172
MISHYN;172
MORDALSKI;172
MOSZKOWSKI;172
MURAWKA;172
NAROLEWSKI;172
NITOŃ;172
OPATOWSKI;172
PASHKEVICH;172
PASKUDZKI;172
PENDER;172
PĘTLICKI;172
PIERUSZKA;172
PIORUNEK;172
PLEŚNIARSKI;172
PODWORSKI;172
PORC;172
PRZEDWOJSKI;172
PUCZEK;172
PURGAT;172
RASIAK;172
REDLIN;172
ROŻEN;172
RYBORZ;172
SARACH;172
SOBIESIŃSKI;172
STEFANICKI;172
STROJWĄS;172
STRZĘCIWILK;172
STULEBLAK;172
SZABRAŃSKI;172
SZYBILSKI;172
SZYSZLAK;172
ŚWINIUCH;172
TONDOS;172
UFA;172
WAJRAK;172
WAŁKOWSKI;172
WAMKA;172
WASILKA;172
WYSOK;172
ZABOROWICZ;172
ZOLOTAROV;172
ŻABOWSKI;172
ŻOŁNIERZ;172
ANDRYSZEWSKA;171
BARAŃCZAK;171
BOBROVSKA;171
BUDYŚ;171
CLARKE;171
CYLKE;171
CZUBSKA;171
DEMBITSKA;171
DŁUBIS;171
DŁUGOBORSKA;171
DYBIKOWSKA;171
FENSKE;171
FERENZ;171
FESHCHUK;171
FESIUK;171
GANDERA;171
GŁĘBOWSKA;171
GOETZ;171
GOIŃSKA;171
HEIMANN;171
JEDNOROWSKA;171
JURCZENIA;171
KAMEDUŁA;171
KĄDZIELSKA;171
KHARLAMOVA;171
KILKOWSKA;171
KINAST;171
KOŃCA;171
KOZICZ;171
KRZESICKA;171
KUCHCZYŃSKA;171
KUDRZYCKA;171
KUICH;171
LAKWA;171
LAZAREVA;171
LUBOWICZ;171
MATIUSHENKO;171
MELICH;171
NOVIKAVA;171
OCHYRA;171
OMELIANENKO;171
OVDIIENKO;171
PETRI;171
PIKOSZ;171
PIROGOWICZ;171
PŁODOWSKA;171
POLIWODA;171
PORYCKA;171
PRYSHLIAK;171
REJEWSKA;171
RZYCKA;171
SIMKA;171
SOJKO;171
STARCZYNOWSKA;171
STEMPSKA;171
STERNALSKA;171
STROJNOWSKA;171
SZESZYCKA;171
SZMUK;171
SZTUBECKA;171
ŚNIECHOWSKA;171
ŚWIERCZOK;171
TEDA;171
TROJNIAK;171
TRYZNA;171
TULIKOWSKA;171
WĘDZIŃSKA;171
WIECHOCZEK;171
WIELGOSIK;171
WOJTASZYK;171
ZAREMSKA;171
ANULEWICZ;171
ASLANOV;171
BACHARA;171
BARGŁOWSKI;171
BORTLIK;171
BUKS;171
BULMAN;171
ÇEL?K;171
CZECHYRA;171
DURKO;171
EJANKOWSKI;171
FALUTA;171
GOTLIB;171
GRUNER;171
HORODETSKYI;171
JANUSIK;171
JERZMANOWSKI;171
JĘDRZEJEWICZ;171
JÓZEFEK;171
KAVALEUSKI;171
KĘDZIERA;171
KIERYS;171
KIWAŁA;171
KŁĘK;171
KOBYŁKO;171
KOLESNYKOV;171
KOLOMPAR;171
KORTHALS;171
KORYBSKI;171
KOZUŃ;171
KROPIŃSKI;171
KRYCHOWIAK;171
KRYSZTOPIK;171
KUBALEWSKI;171
KURDYK;171
LEMANCZYK;171
ŁAZIK;171
MAŁACZYŃSKI;171
MARUNIAK;171
MARZOL;171
MŁYNARKIEWICZ;171
MOSTOWIEC;171
NARKUN;171
NGÔ;171
OSTALSKI;171
PAKIET;171
PARZYCHOWSKI;171
PIELESZ;171
PINOCY;171
PIZŁO;171
POPIELEWICZ;171
PRZEBIERAŁA;171
PRZEPŁATA;171
PRZESZŁO;171
PULAK;171
ROSTÁS;171
ROSTOCKI;171
ROTAR;171
RYŃCA;171
RZANNY;171
SĘPKOWSKI;171
SIEDLIŃSKI;171
SIERKOWSKI;171
SKOMSKI;171
SKRZYMOWSKI;171
SMOLIGA;171
SOSNOVSKYI;171
SREBNICKI;171
TOMASZKO;171
TYBORA;171
TYSHCHUK;171
UMAŃSKI;171
USTIANOWSKI;171
WASILJEW;171
WĘZIK;171
WIELGOSIŃSKI;171
WIERZBANOWSKI;171
WIS;171
WOJEŃSKI;171
ZAKONEK;171
ZALEŚKIEWICZ;171
ZARYCH;171
ŻALIKOWSKI;171
AMBICKA;170
ANDRUK;170
BILAK;170
BLICHARCZYK;170
BROVKO;170
BUGNACKA;170
CHROBOCZEK;170
CISZYŃSKA;170
CZERNA;170
CZYRSKA;170
DOBREK;170
EJANKOWSKA;170
ERIKSSON;170
GIELAROWSKA;170
GORBACZ;170
GULSKA;170
HOLYK;170
HOSZEK;170
JAJEŚNICA;170
JERUZALSKA;170
KALUZA;170
KASHCHUK;170
KINASZ;170
KŁĘBCZYK;170
KOŁOWROCKA;170
KONIUCH;170
KORPACKA;170
KOWARSKA;170
KYRYLCHUK;170
LIBURA;170
LORENCKA;170
LORĘCKA;170
LUBINA;170
LUSAWA;170
MOŚCIBRODZKA;170
NIŹNIKOWSKA;170
PANUSZ;170
PAPROS;170
PROTASEWICZ;170
PUSZYŃSKA;170
RADACZYŃSKA;170
RANT;170
RESZELEWSKA;170
ROGAŁA;170
ROMANOVYCH;170
RORBACH;170
SAPIERZYŃSKA;170
SIEDLIŃSKA;170
SMACKA;170
SORNEK;170
SREBNICKA;170
STEMPOWSKA;170
STOCZKOWSKA;170
STRUNIAWSKA;170
SZAJOWSKA;170
SZUCKA;170
TEJCHMAN;170
TUCHALSKA;170
TUSZKOWSKA;170
WEJS;170
WENGLORZ;170
WIKLIK;170
WIRTH;170
YOUNG;170
ZABIEROWSKA;170
ZAGÓRA;170
ZAWIŚLAŃSKA;170
ZBYROWSKA;170
ZIĘTA;170
ZOŁA;170
ŻMIJOWSKA;170
BALUKIEWICZ;170
BAYRAMOV;170
BOIKA;170
BRESIŃSKI;170
CHAJDAS;170
CHUCHAŁA;170
CZARNAK;170
CZUBSKI;170
DĄDA;170
DERENDA;170
DOBRYDNIO;170
DZIERBA;170
FARBIŚ;170
FUNDOWICZ;170
FYDRYSZEWSKI;170
GAJOR;170
GIBADŁO;170
GIERNALCZYK;170
GLEJZER;170
GROMADOWSKI;170
GRZĘBSKI;170
HELIK;170
JARMAKOWSKI;170
JARMOSZKO;170
JASIEK;170
JASINSKI;170
JURCZYKOWSKI;170
JUSTKA;170
KAJOR;170
KAMYKOWSKI;170
KANTAK;170
KAPELUSZNY;170
KARDZIS;170
KASINA;170
KAZIMIERUK;170
KIRPSZA;170
KOBIELARZ;170
KOCĘBA;170
KOCZKODON;170
KONARKOWSKI;170
KOSTANEK;170
KRĘŻLEWICZ;170
KUDŁASZYK;170
KUDŁATY;170
KUJAWOWICZ;170
KULPOK;170
KURZYDŁOWSKI;170
LAZIK;170
LEPPERT;170
LUSTYK;170
ŁAZĘCKI;170
MAKSIMCZYK;170
MARKOVSKYI;170
MILCZ;170
MILUSKI;170
MORDASIEWICZ;170
MOSZYK;170
MUSZER;170
OGNIEWSKI;170
ORTMANN;170
OZIĘBŁOWSKI;170
PASTERNACKI;170
PORASZKA;170
PORĄBKA;170
PROBOLA;170
PUCIŃSKI;170
RUPIEWICZ;170
RZEKIECKI;170
SKLIAROV;170
SKRZYPKOWIAK;170
SKWARKO;170
STEMPSKI;170
STYRCZ;170
SZULSKI;170
SZYMBARA;170
TABOROWSKI;170
VASILEV;170
WARZYCKI;170
WENDEL;170
WŁOKA;170
WODZIAK;170
WOJTASZ;170
WORZAŁA;170
ZALASIŃSKI;170
ZARAJCZYK;170
ŻDANUK;170
ARCHUTOWSKA;169
BENESZ;169
BINIAS;169
BISIKIEWICZ;169
BOGULSKA;169
BUŃKOWSKA;169
BŹDZIEL;169
DĄBROWNA;169
DEMENTIEVA;169
DOMANSKA;169
DURALSKA;169
DYŃSKA;169
DYSZEWSKA;169
DZIAŁKOWSKA;169
FILAPEK;169
FRYCHEL;169
GAWECKA;169
GRANICZNA;169
HALKA;169
HAPONENKO;169
HEREDA;169
HOHA;169
HOLOVATIUK;169
IRCHA;169
JANSON;169
JARMAKOWSKA;169
JESSE;169
KALCHENKO;169
KAPELUSZNA;169
KARNAŚ;169
KOJS;169
KONWICKA;169
KOŚCIEŃ;169
KOVALEVYCH;169
KOVTONIUK;169
KOWALCZYKOWSKA;169
KRETSCHMER;169
KRUZ;169
KUZAWIŃSKA;169
LICZKOWSKA;169
LISAKOWSKA;169
MADEJEWSKA;169
MAKSIMOWSKA;169
MALIARENKO;169
MINIAILO;169
NALEZIŃSKA;169
NIEDOBECKA;169
NIESŁONA;169
NOKIELSKA;169
OLESEK;169
PADZIŃSKA;169
PATUŁA;169
PEWIŃSKA;169
PLUDRA;169
PODJACKA;169
POLTAVETS;169
RYZHENKO;169
SMÓLSKA;169
SOSINKA;169
STABROWSKA;169
STRAUSS;169
STRUPIŃSKA;169
SUDOMIRSKA;169
SZAMPERA;169
SZTACHAŃSKA;169
SZYBURSKA;169
TAŁANDA;169
TRZCIAŁKOWSKA;169
VOITKO;169
WIDEŃSKA;169
WITTIG;169
BĄTKOWSKI;169
BENEDYCZAK;169
BEZLER;169
BŁAŻUK;169
BOGULSKI;169
BUBICZ;169
BUDZANOWSKI;169
BUDŹKO;169
BUTLEWSKI;169
CHEŁPA;169
CHMIST;169
CHOJNECKI;169
CIEMERYCH;169
CYGOŃ;169
CZARNOGÓRSKI;169
ĆMIL;169
DORSZYŃSKI;169
DULIBA;169
DYRBUŚ;169
FILARY;169
FIRLIK;169
FOJUTOWSKI;169
FUNDAKOWSKI;169
GAŁDYŚ;169
GATLIK;169
GIELECIŃSKI;169
GONTAR;169
GROMUŁ;169
GUZMAN;169
HABRYCH;169
HANZLIK;169
HEJZNER;169
HOMBEK;169
IŁOWSKI;169
ISKANDAROV;169
JAGUCKI;169
JUCHNOWICZ;169
KALAWSKI;169
KŁYSZEJKO;169
KOBYLIANSKYI;169
KOŁOWSKI;169
KORCZYC;169
KRALSKI;169
KREŃSKI;169
KRUTAK;169
KSOBIAK;169
KUBLICKI;169
KUCZAŁA;169
LASKOWIECKI;169
LORYCH;169
MADEJEWSKI;169
MALAREK;169
MARGASIŃSKI;169
MAŚLEJ;169
MYĆ;169
NASIBOV;169
NOSKOWIAK;169
NYCZAK;169
ORYSIAK;169
PARANDYK;169
PIECYCHNA;169
PIÓRCZYŃSKI;169
PIŚNIAK;169
PORWISZ;169
PYCIAK;169
PYRKOWSKI;169
RASZTABIGA;169
ROY;169
RYDELEK;169
SĄDELSKI;169
SEJDAK;169
SEMAK;169
SERAFINOWSKI;169
SKUBIDA;169
SMÓLSKI;169
SOBARNIA;169
STUKAN;169
STYPEREK;169
SZCZEBAK;169
SZCZUBIAŁ;169
SZUŚCIK;169
SZYBKOWSKI;169
TEREBIŃSKI;169
TUBIS;169
TYRLIK;169
USTARBOWSKI;169
WANDOR;169
WANIAK;169
WĘGIEŁEK;169
WYWROCKI;169
YURCHYK;169
ZOREMBA;169
AKTER;168
ARKHIPOVA;168
ASTAKHOVA;168
BADER;168
BIRKOWSKA;168
BRAMOWICZ;168
BRANT;168
CANDER;168
CIEMPKA;168
DEMEDIUK;168
DĘBOWA;168
DOCHNIAK;168
DZIECHCIOWSKA;168
GAŁGAŃSKA;168
GŁĄBEK;168
HAJN;168
HANS;168
HOLOTA;168
HUTNICZAK;168
KÖHLER;168
KOKOSZEWSKA;168
KOSAR;168
KRAJCZEWSKA;168
KUBASIŃSKA;168
KUKSA;168
LARIONOVA;168
LEMANIK;168
ŁASIEWICKA;168
MACHALIŃSKA;168
MARCELA;168
MARCHAK;168
MICHAEL;168
MINDAK;168
MYTROFANOVA;168
OCHAŁA;168
OKOŁOWICZ;168
OSTRZYCKA;168
PAPIERKOWSKA;168
RENKAS;168
RESCHKE;168
ROMANOW;168
ROTHE;168
RUTOWSKA;168
SCHMITT;168
SENTKOWSKA;168
SHNAIDER;168
SIATECKA;168
SMAKULSKA;168
SOBALSKA;168
SWĘDZIOŁ;168
SZAJNAR;168
SZWAGIEREK;168
ŚCIŚLEWSKA;168
VASINA;168
WARACZEWSKA;168
WERESZKA;168
WĘDZIK;168
WIERZBANOWSKA;168
WOLLNY;168
ZAMRZYCKA;168
ZGIEP;168
ŻAKOWIECKA;168
AKIMOV;168
ANDRYSKOWSKI;168
ANDRZEJEWICZ;168
BABRAL;168
BAWIEC;168
BERNASIEWICZ;168
BIELÓWKA;168
BILINSKYI;168
BOŁBOT;168
BUBNIAK;168
BURGIEL;168
BURSZTYŃSKI;168
CHALYI;168
CZERWCZAK;168
ĆWIORO;168
DAROS;168
DŁUŻNIAK;168
DOCZEKALSKI;168
DOMASIEWICZ;168
DOSZ;168
DUBANIOWSKI;168
DURALSKI;168
DURKACZ;168
DZWONIARSKI;168
FALFUS;168
FEDAN;168
GARBALIŃSKI;168
GAWECKI;168
GIBOWICZ;168
GRADOŃ;168
GRĄDYS;168
GRYCAN;168
HADAMEK;168
HULISZ;168
ILKOWSKI;168
IZYDORSKI;168
JAFAROV;168
JANASEK;168
JUCHNIK;168
KACZMARZEWSKI;168
KACZORKIEWICZ;168
KARNY;168
KARPINSKYI;168
KINCEL;168
KLARZYŃSKI;168
KOGUC;168
KORDYLEWICZ;168
KORSZUN;168
KOŻDOŃ;168
KRACIUK;168
KUBAJKA;168
KUBASIŃSKI;168
KYRYLOV;168
LIGMANOWSKI;168
LONGOSZ;168
ŁACHMAN;168
MALESIŃSKI;168
MAŁOCHLEB;168
MAŁOZIĘĆ;168
MIKOSZA;168
MILISZEWSKI;168
MORAJKO;168
MUSOLF;168
NADAJ;168
NEKRASOV;168
OCHĘDUSZKO;168
ODROBNY;168
ODZIMKOWSKI;168
PANKOV;168
PAWLUKOWSKI;168
PEREC;168
PĘKSYK;168
POSTOLSKI;168
PRZYSIĘŻNY;168
PUCUŁEK;168
RUŁA;168
RYKIEL;168
RYNOWIECKI;168
SIBIK;168
SIL;168
SILARSKI;168
SKRZYDŁOWSKI;168
SKUBISZYŃSKI;168
SMOLNICKI;168
SOBIAK;168
SPALIK;168
SPODZIEJA;168
STYŁA;168
SZALWA;168
SZYBURSKI;168
SZYMEROWSKI;168
ŚNITKO;168
TEREBUS;168
TOWALSKI;168
TUPALSKI;168
TWARDOŃ;168
TYRAJSKI;168
WANICZEK;168
WARSZYCKI;168
WĘGIELNIK;168
WIERZCHOŁOWSKI;168
WOJCZYŃSKI;168
ZABIEGŁO;168
ZARABSKI;168
ZBRZEŹNY;168
ZDANEWICZ;168
ANDRYSKOWSKA;167
BACEWICZ;167
BIRSKA;167
BODA;167
BORT;167
BUJA;167
BURLIKOWSKA;167
CHEBOTAR;167
CIERPIŃSKA;167
CZEREBA;167
CZESZAK;167
CZMOK;167
DZIADKO;167
EICHSTAEDT;167
GIELECIŃSKA;167
GŁOMBICA;167
GROCHOWIECKA;167
GRZĘBSKA;167
HALCHENKO;167
HANSZKE;167
HAWRYSZKO;167
HOJCZYK;167
HRECHKO;167
HYTROŚ;167
INGRAM;167
JASINSKA;167
JÓZWICKA;167
KADZIŃSKA;167
KHIMICH;167
KINIORSKA;167
KLIMAŃSKA;167
KMIT;167
KOŁOWSKA;167
KOMOSZYŃSKA;167
LEVANDOVSKA;167
MALMUR;167
MISIOROWSKA;167
MOSZKOWSKA;167
NASKRĘCKA;167
NIEWIELSKA;167
NIEWOLSKA;167
NOWAKOWICZ;167
OBRACAJ;167
OMEN;167
PARZONKO;167
PIECZYK;167
PODWOJEWSKA;167
PSZENNA;167
REPIŃSKA;167
RYBAŁTOWSKA;167
SAMPŁAWSKA;167
SKROBIŚ;167
STARODUB;167
STOBNICKA;167
ŚMIESZNA;167
TOPCHII;167
TRAUT;167
TRYFON;167
TRZOSKA;167
TWAROGOWSKA;167
TYSZCZUK;167
URBANKIEWICZ;167
WALEROWSKA;167
WIELGOŁASKA;167
WIESZCZECZYŃSKA;167
WŁADARZ;167
WOŁEJSZO;167
WOŁKIEWICZ;167
WRIGHT;167
ZAMYSŁOWSKA;167
ZELENKO;167
ZYGOŃ;167
ANDRUSIECZKO;167
ANDRUSZCZAK;167
BALUK;167
BEZULSKI;167
BIESZKA;167
BOGDANOWSKI;167
BRĄŻKIEWICZ;167
DEKERT;167
DOROSZEWSKI;167
DURAKIEWICZ;167
DZIEMIAŃCZUK;167
FABIN;167
FATEK;167
GASIMOV;167
GRUNTKOWSKI;167
GRYGUĆ;167
GRZYWACZYK;167
HARMACIŃSKI;167
HAUFA;167
HEMPEREK;167
JAŁBRZYKOWSKI;167
JAMORSKI;167
KAZUŚ;167
KLAMERUS;167
KODURA;167
KOŁECZKO;167
KRAWĘTKOWSKI;167
KULISIEWICZ;167
KUROPKA;167
KURZYDLAK;167
LAPIN;167
LIEDER;167
ŁEBSKI;167
MAJOROWSKI;167
MAJSZAK;167
MARGAŃSKI;167
MARINOV;167
MATCZYŃSKI;167
MATERAC;167
MITAŁ;167
MOCHNIEJ;167
MORMOL;167
MRUGOWSKI;167
NIŹNIKOWSKI;167
NOLBRZAK;167
OŁUBIEC;167
OWOCKI;167
PIRGA;167
PISIEWICZ;167
PODOBAS;167
PRAGACZ;167
PRYMAKA;167
PRZEPIÓRSKI;167
PSZENICZKA;167
RĄBALSKI;167
RÓLKA;167
SENTKOWSKI;167
SŁOMBA;167
SPŁAWIŃSKI;167
STANCZEWSKI;167
STRASZ;167
STYPIK;167
SZEWCZENKO;167
SZNEJDER;167
ŚNIOSEK;167
TELEJKO;167
TŁUSTY;167
TOMYŚLAK;167
TREPA;167
TUSZKIEWICZ;167
WAŁĘSIAK;167
WIKAREK;167
WINOWSKI;167
WNUCZYŃSKI;167
WOLSZON;167
ZABLOTSKYI;167
ZAPARTY;167
ZARADKIEWICZ;167
ZAWISŁA;167
ZDAŃKOWSKI;167
ZIMNOWODZKI;167
ŻARDECKI;167
ŻMIEJKO;167
ŻMINKOWSKI;167
ALICHNIEWICZ;166
BANACZEK;166
BRZEŻAŃSKA;166
CHACHURSKA;166
CHERNYSHENKO;166
CHLUBA;166
CIŻEWSKA;166
DONDAJEWSKA;166
DWORZAK;166
FELSZTYŃSKA;166
FOKSA;166
FROCH;166
GOFRON;166
GOTKOWICZ;166
GROMADOWSKA;166
HAMERLAK;166
HOLESZ;166
HUSEINOVA;166
KAZMIRCHUK;166
KLEMPKA;166
KLINKE;166
KROPIŃSKA;166
KRZYŚCIN;166
KUBALEWSKA;166
KUBASZEK;166
KUSBER;166
LASKOWIECKA;166
LEGUCKA;166
LIGMANOWSKA;166
LISTKOWSKA;166
ŁABUZIŃSKA;166
ŁAWROWSKA;166
ŁOPUSKA;166
ŁOZOWICKA;166
MACIESZA;166
MAŁASZEWSKA;166
MARUDA;166
MONIK;166
NEUKIRCH;166
NIESTĘPSKA;166
OSIOR;166
OWSIANOWSKA;166
PEREDERII;166
PIŁATOWICZ;166
PISARZEWSKA;166
POKRYWCZYŃSKA;166
POVKH;166
RUBEL;166
SAGAŁA;166
SAMSONOVA;166
SIEJKOWSKA;166
SKIERCZYŃSKA;166
SPODNIEWSKA;166
SYGITOWICZ;166
SZAFERSKA;166
SZAFORZ;166
SZCZESIUL;166
SZYLKO;166
TATARUCH;166
TURCHYNA;166
TYKARSKA;166
WARCHALA;166
WIERZOWIECKA;166
WILD;166
WITASZEWSKA;166
YANKO;166
ZBRZEŹNA;166
ZUBOVA;166
ŻALIŃSKA;166
ALEKSIEJEW;166
BEJER;166
BUDZYK;166
CAGARA;166
CHACIA;166
CHALCARZ;166
CHANG;166
CHRZĘSZCZYK;166
CISZYŃSKI;166
DALIDOWICZ;166
DEJNAKA;166
DĘBY;166
DRASZANOWSKI;166
FLASZKA;166
FRYZIEL;166
GABORSKI;166
GARGASZ;166
GAWOT;166
GIELAROWSKI;166
GŁADEK;166
GOLANKO;166
GROM;166
GRZEMPA;166
GRZENKOWSKI;166
HANEJKO;166
HIPSZ;166
HOLOVIN;166
IGŁA;166
JURKÓW;166
KABULSKI;166
KATNER;166
KIRYCZUK;166
KONATOWSKI;166
KORDZIKOWSKI;166
KOSIECKI;166
KRAWIECZEK;166
KUDRYCKI;166
KUL;166
KUTSYI;166
LIUTYI;166
ŁAPOK;166
ŁUBOWSKI;166
MAJKUTEWICZ;166
MASŁOWIEC;166
MATYCH;166
MIGOCKI;166
MITAK;166
NERĆ;166
NIECZAJ;166
NIEROBIŚ;166
NOWOTYŃSKI;166
OCHALIK;166
OKRUCIŃSKI;166
ORLICZ;166
PAJERSKI;166
PISULSKI;166
POHORIELOV;166
POSACKI;166
POTRAC;166
POŻAROWSKI;166
PROKSZA;166
PRUCIAK;166
PRZECZEWSKI;166
PSZKIT;166
PUCIA;166
RAJPOLD;166
RANACHOWSKI;166
REŃSKI;166
RYCKO;166
SADZYŃSKI;166
SAKALOUSKI;166
SARACEN;166
SĘTKOWSKI;166
SIEDLARSKI;166
SIENNIAK;166
SŁAPIŃSKI;166
SOLGA;166
STANDOWICZ;166
STANIUK;166
STOGA;166
SZALBIERZ;166
SZASTOK;166
SZŁAPAK;166
SZURKO;166
SZWAJNOS;166
ŚLĄZOK;166
TABASZ;166
TRUCHLEWSKI;166
TRYBOWSKI;166
TURTOŃ;166
TUŻNIK;166
TYMKOWSKI;166
VOITSEKHOVSKYI;166
WALENCIUK;166
WANTOCH REKOWSKI;166
WASZCZYSZYN;166
WOJTUKIEWICZ;166
WRAZIDŁO;166
ZAPIEC;166
ZAWOJEK;166
ZGRZYWA;166
ZIARNIAK;166
ZMORA;166
AZAROVA;165
BEBKO;165
BRAUNER;165
BRZEZIECKA;165
CALAK;165
CEDZYŃSKA;165
CHLEWIŃSKA;165
CHYŻEWSKA;165
DEMIANOVA;165
DIACHOK;165
DRAGAŃSKA;165
DZIERGOWSKA;165
FICHNA;165
FREUND;165
GAMZA;165
GIERGIELEWICZ;165
GOŚCIEWSKA;165
HAVRYLIAK;165
HLADCHENKO;165
HUCAŁ;165
IŁOWIECKA;165
IZYDORSKA;165
JAŁMUŻNA;165
JERCHA;165
JEZUITA;165
JĘDRZYCHOWSKA;165
KARLICKA;165
KAROWSKA;165
KLIMENKO;165
KOLATOR;165
KONC;165
KORPAN;165
KORZYNIEWSKA;165
KRĘC;165
KRYCA;165
KRZESKA;165
KUNZE;165
LATOPOLSKA;165
ŁUKÓW;165
MALESIŃSKA;165
MELSKA;165
MIETLIŃSKA;165
MIŃSKA;165
NAJDYHOR;165
NAPOLSKA;165
OBODZIŃSKA;165
OGNIK;165
OKUPNIK;165
OŁUBEK;165
OMELIANCHUK;165
PAJERSKA;165
PAŁASIŃSKA;165
PASHYNSKA;165
PATULSKA;165
PISULSKA;165
PLEŚNIARSKA;165
PODGRUDNA;165
RIEZNIK;165
ROZENBERG;165
SKARUZ;165
SOBIESIŃSKA;165
STECZ;165
SULWIŃSKA;165
SULYMA;165
SUSHCHENKO;165
ŚWIETLAK;165
TABOROWSKA;165
TARNOGÓRSKA;165
TRYGAR;165
VORONIUK;165
WALTOŚ;165
WASIKOWSKA;165
WIKTORCZYK;165
WINOWSKA;165
WYRWICZ;165
ZUBCHENKO;165
ŻURADZKA;165
ŻYŁKOWSKA;165
BAŁUSZEK;165
BARANIEWICZ;165
BIAŁASZ;165
BURDYL;165
CHARAZIŃSKI;165
CHARYSZ;165
CHŁOPAŚ;165
CHMIELEK;165
CHMIELEWICZ;165
CHRZĄSZCZEWSKI;165
CZACHURSKI;165
DERESZKIEWICZ;165
DUBA;165
DYBIŃSKI;165
DZILIŃSKI;165
FIGLAK;165
FILIMONOV;165
FUGAS;165
GARYCKI;165
GAZDECKI;165
GORZYŃSKI;165
GROBELAK;165
GRUCZEK;165
GRZĄŚLEWICZ;165
JADWISZCZOK;165
JAGIENIAK;165
KISZEWSKI;165
KLINIEWSKI;165
KOBIELAK;165
KOMOSZYŃSKI;165
KOPIEL;165
KORDYKA;165
KOSEDA;165
KOZIEŃSKI;165
KULAWCZYK;165
KUMASZKA;165
KUPISZEWSKI;165
KUTOWSKI;165
LABUHN;165
LEJWODA;165
LICZKOWSKI;165
ŁOCH;165
ŁOPATYŃSKI;165
ŁOZOWICKI;165
ŁYSKAWIŃSKI;165
MADANOWSKI;165
MAŁASZKIEWICZ;165
MELNAROWICZ;165
MIONSKOWSKI;165
NAJBAR;165
NAPIERKOWSKI;165
NOKIELSKI;165
NOLEWAJKA;165
OBZEJTA;165
OKUPNY;165
PASAK;165
PENCZEK;165
PERZAN;165
PIPA;165
PISKULAK;165
POCZĘSNY;165
POŚLAD;165
POTRZEBA;165
PRYCZKOWSKI;165
PRZETACKI;165
PUKSZTA;165
REPIŃSKI;165
RYCEK;165
RZEMIENIEWSKI;165
SAMUŚ;165
SERWATKO;165
SHVYDKYI;165
SIĄKOWSKI;165
STOBNICKI;165
STUPNICKI;165
SULA;165
SULWIŃSKI;165
SZANDAŁA;165
SZARADOWSKI;165
SZEWCZYŃSKI;165
SZTANGIERSKI;165
ŚLIFIRSKI;165
TOMES;165
TURAKIEWICZ;165
URBACZEWSKI;165
WIECHCIŃSKI;165
WIETRZYCKI;165
WIÓRKIEWICZ;165
WOJSZNIS;165
WÓJTEWICZ;165
ŻURCZAK;165
ALEKSIEIENKO;164
BATURO;164
BIBRO;164
BORZESTOWSKA;164
BURBAN;164
CHOCHOLSKA;164
CHWALBA;164
CHYSTIAKOVA;164
CIAŁOWICZ;164
COLLINS;164
DERDZIAK;164
DMYTERKO;164
DUBER;164
DUDACZYK;164
DZWONIARSKA;164
FIDECKA;164
FRYDLEWICZ;164
GIEMZIK;164
GLAZAR;164
GRABANIA;164
GUŹDA;164
HYBEL;164
IVAKHNENKO;164
JAMORSKA;164
JANCZ;164
JEMIOŁ;164
JERSZYŃSKA;164
JERZMANOWSKA;164
KACZMARZEWSKA;164
KANTOROWSKA;164
KASPERKOWICZ;164
KAWULAK;164
KOŃCZALSKA;164
KORYBSKA;164
KOSMACZ;164
KOTLIAROVA;164
KOZIERADZKA;164
KRZYSZTOFORSKA;164
KUBIN;164
KUJTKOWSKA;164
KULWIKOWSKA;164
LAVRINENKO;164
LEPUCKA;164
LUBAWSKA;164
ŁOS;164
MADER;164
MENDOCHA;164
MISZKOWSKA;164
MITROS;164
MOJAK;164
MOSKALUK;164
NADOBNA;164
OSYPCHUK;164
PARZYCHOWSKA;164
PERLICKA;164
PIECHURSKA;164
PODHAJNA;164
PODKOWIAK;164
PYRLIK;164
REMBIELAK;164
SĘTKOWSKA;164
SONNTAG;164
STATUCKA;164
STEPCZYŃSKA;164
STRAMOWSKA;164
SZALONEK;164
SZYMEROWSKA;164
ŚWIĘTALSKA;164
TACZANOWSKA;164
TOCKA;164
TRZĄSALSKA;164
TRZECIŃSKA;164
WIERZBOWICZ;164
WIERZCHOŁOWSKA;164
WYWIJAS;164
WYWROCKA;164
YERMAK;164
ZABEL;164
ZAMARSKA;164
ZIELAZNA;164
ZIELENIAK;164
AMBICKI;164
ARNISTA;164
BABIEC;164
BERNY;164
BEZUHLYI;164
BONIAKOWSKI;164
BRĄCZKOWSKI;164
BROŃKA;164
BRYKS;164
BUJDASZ;164
BURLIKOWSKI;164
CHEBOTAROV;164
CHŁÓD;164
CHOMSKI;164
CHYLASZEK;164
DAM;164
DERDAŚ;164
DUNIA;164
DZIAŁOWY;164
DZIECIELSKI;164
FELEDYN;164
FIKSA;164
FRYDMAN;164
GAWRYCHOWSKI;164
GONIA;164
GOŚCIEWSKI;164
GRYMEL;164
HERBST;164
HRYTSYSHYN;164
JAKUSZKO;164
JAŁOWSKI;164
JĘDRUCHNIEWICZ;164
JÓZWA;164
KAPECKI;164
KĘDRYNA;164
KLON;164
KNECHT;164
KOROTKOV;164
KOZIOL;164
KRAWCZEWSKI;164
LAZARIEV;164
LISTOSZ;164
ŁĘSZCZAK;164
MAŃDOK;164
MARS;164
MARUSIK;164
MESZYŃSKI;164
MIODUSKI;164
MOSIOR;164
MOSKWIAK;164
NAMAZOV;164
NEPALI;164
OBŁĄKOWSKI;164
OPARKA;164
OPUCHLIK;164
PAPIERKOWSKI;164
PIDZIK;164
PLEBANIAK;164
POTASIAK;164
PRYJDA;164
PTAŚ;164
RZEDZICKI;164
SAGANIAK;164
SAWCZYŃSKI;164
SMOLAGA;164
STEFANI;164
STRUSZCZYK;164
SYMA;164
SYPYTKOWSKI;164
SYTNIEWSKI;164
SZMALC;164
SZTACHAŃSKI;164
SZULICH;164
TESKE;164
WALESZCZYŃSKI;164
WANOWSKI;164
WAWRYŁO;164
WITASZEWSKI;164
WRZEŚNIOWSKI;164
ZBYROWSKI;164
ZIEŃ;164
ZOBEK;164
ŻOŁNACZ;164
ŻUCHNIK;164
ŻURADZKI;164
ANCZYKOWSKA;163
BIEDULSKA;163
BOHACH;163
BONEK;163
BORDA;163
BRUZI;163
CHRAŚCINA;163
CYMEK;163
DACA;163
DIBROVA;163
DUMANSKA;163
EDWARDS;163
FELCENLOBEN;163
GARBALIŃSKA;163
GORZKOWICZ;163
GOTOWALSKA;163
GRANOWSKA;163
HARBAR;163
INDYCKA;163
JURSZA;163
KIEBZAK;163
KIEŁBASIEWICZ;163
KIERCZYŃSKA;163
KLEMM;163
KOLB;163
KOWACZEK;163
KUDRIASHOVA;163
KULAKEVYCH;163
KUNIEWICZ;163
KURZELEWSKA;163
LALKA;163
LOZOVSKA;163
ŁANOCHA;163
ŁAPKOWSKA;163
ŁUCJANEK;163
MACHNICA;163
MARCINOWICZ;163
MORUS;163
NIEMYSKA;163
OMELCZUK;163
PAŁETKO;163
PANINA;163
PASHKEVYCH;163
PENDZIAŁEK;163
POCZWARDOWSKA;163
PODWYSZYŃSKA;163
PRZYGRODZKA;163
PUDLEWSKA;163
RODACKA;163
RYDYGIER;163
RYNARZEWSKA;163
SIEROVA;163
SIWAKOWSKA;163
SOLAREWICZ;163
STAWNIAK;163
SUKHA;163
SURAŻYŃSKA;163
SZARAN;163
SZCZERSKA;163
SZLAUER;163
TARTAS;163
TATKOWSKA;163
TIMCHENKO;163
TUROVSKA;163
TYKHONENKO;163
UCHMANOWICZ;163
VOIGT;163
WALECZKO;163
WIELOCHOWSKA;163
WIETRZYCKA;163
WOLNOWSKA;163
WYRODA;163
ZAGÓROWICZ;163
ZHELEZNIAK;163
BABIICHUK;163
BARANAU;163
BIENKIEWICZ;163
BROZIO;163
BUNIKOWSKI;163
BZINKOWSKI;163
CHAŁA;163
CHLEBUS;163
CHORZELEWSKI;163
CHRULSKI;163
CHWASZCZEWSKI;163
CHYTŁA;163
CISZCZOŃ;163
CZUBACHOWSKI;163
CZUDAK;163
DAŃKOWSKI;163
DEHMEL;163
DENKOWSKI;163
DOBIŃSKI;163
DRAJER;163
DUBACKI;163
DZIAŁAKIEWICZ;163
DZIOPAK;163
FIDECKI;163
FRYDECKI;163
FUJA;163
FUŁEK;163
GANOWSKI;163
GOCLIK;163
GOŹDZIUK;163
GRINER;163
HAŁAJKO;163
HRYNKIV;163
IŁOWIECKI;163
JAKUTOWICZ;163
JANG;163
JORDANEK;163
KACICA;163
KIERCZYŃSKI;163
KILIANEK;163
KILKOWSKI;163
KIRKIEWICZ;163
KNAGA;163
KOBRYŃSKI;163
KORDACZUK;163
KORDALA;163
KORDALEWSKI;163
KORPUS;163
KOWARSKI;163
KUCHCZYŃSKI;163
LADEMAN;163
LEMPEK;163
LIBERT;163
LINGO;163
LUSTIG;163
ŁAWROWSKI;163
ŁOSOŚ;163
MAŁASZEWSKI;163
MARKIN;163
MARZYCKI;163
MATUKIEWICZ;163
MERKULOV;163
MICHURSKI;163
MISIŁO;163
NEVMERZHYTSKYI;163
NOSKOWSKI;163
OPŁOTNY;163
OSOLIŃSKI;163
OTULAKOWSKI;163
PLATONOV;163
PODJASKI;163
POLASZCZYK;163
POTKAŃSKI;163
POWIERSKI;163
PRANSZKE;163
PUJANEK;163
ROZICKI;163
RYMARCZUK;163
RYZHKOV;163
SAMOSIUK;163
SIERSZEŃ;163
STRAWCZYŃSKI;163
SUDZIŃSKI;163
SURLAS;163
SZUDZIK;163
SZWEDKOWICZ;163
ŚCISŁY;163
ŚLADKOWSKI;163
TEREKHOV;163
TONIA;163
TRAPP;163
TRUMIŃSKI;163
TRYNDA;163
WASYLKOWSKI;163
WĘDZIKOWSKI;163
WOJDYR;163
WYRĘBIAK;163
YEVDOKYMOV;163
YURIEV;163
ZAHREBELNYI;163
ZAŁACHOWSKI;163
ZIMAK;163
ZIOŁKOWSKI;163
AMBROŻEK;162
ATAMAŃCZUK;162
BARCIAK;162
BARŁOWSKA;162
BARTSCH;162
BILOSHYTSKA;162
BOBEŁ;162
BOMBELKA;162
BOROVA;162
BRESIŃSKA;162
CHMIL;162
CHRAPCZYŃSKA;162
DEJNAROWICZ;162
DRABOT;162
DUCZMAŃSKA;162
DZIECIELSKA;162
EMILIANOWICZ;162
GAŁUSZKIEWICZ;162
GILSKA;162
GISKA;162
GOŁĘBICKA;162
GÓRNIKOWSKA;162
GRZELACHOWSKA;162
HAUSNER;162
HŁADKA;162
HOC;162
HORNA;162
ISAIENKO;162
JACHNICKA;162
JARMUŻEWSKA;162
JAROSZCZAK;162
JUTRZENKA;162
KAJZEREK;162
KALAMARZ;162
KAVALIOVA;162
KOBIERZYCKA;162
KOLERA;162
KORDZIKOWSKA;162
KORZUS;162
KORZYŃSKA;162
KOTULAK;162
KUBERNA;162
KUBIELAS;162
KUDLICKA;162
KWIETNIAK;162
LAHODA;162
LECIAK;162
LOZINSKA;162
ŁAZĘCKA;162
MACHLOWSKA;162
MERGALSKA;162
MILUSKA;162
MOSIĘŻNA;162
NOWOTYŃSKA;162
PARKHOMCHUK;162
PAULEWICZ;162
PIETRANIK;162
PLACHETKA;162
POKOTYLO;162
PRZEDWOJSKA;162
PRZEPIÓRSKA;162
PYRKOWSKA;162
PYVOVAROVA;162
REMBIESA;162
ROZWORSKA;162
RYCHŁA;162
RYDZANICZ;162
SANINA;162
SILARSKA;162
SIODŁA;162
SKRYCKA;162
SWARCEWICZ;162
SYLWESTER;162
SYTNIEWSKA;162
SZOPKA;162
SZUMOTALSKA;162
SZYBKOWSKA;162
TĘGOS;162
TUMANOWICZ;162
USOVA;162
WANTOCH REKOWSKA;162
WARSZYCKA;162
WARUNEK;162
WIECHCIŃSKA;162
WIELEBIŃSKA;162
WILCZARSKA;162
WILKOŁAZKA;162
WNUCZYŃSKA;162
ZAŁACHOWSKA;162
ZAŁĘCZNA;162
ZIMNIEWICZ;162
ZUZELSKA;162
AMIN;162
BACHULA;162
BĘZA;162
CHLEBICZ;162
CHRĄCHOL;162
CIDYŁO;162
CIECIŃSKI;162
CIEPICHAŁ;162
CUDEJKO;162
DEJKO;162
DEMBOWY;162
DUBANOWSKI;162
DUŚKO;162
FASZCZA;162
FILIPAK;162
FUJARCZUK;162
GAP;162
GAWRYSIUK;162
GIEFERT;162
GOŁUCKI;162
GRAJA;162
HANUSZEK;162
HARLA;162
HOLUBIEV;162
KAMONT;162
KĘPISTY;162
KLIMAŃSKI;162
KOLIBABKA;162
KONOWAŁEK;162
KOSIADA;162
KOSZOŁKO;162
KRZEPINA;162
KULWAS;162
KUZAN;162
LASZEWSKI;162
LIŃSKI;162
ŁAPIAK;162
ŁOPATKIEWICZ;162
MACNIAK;162
MASZNER;162
MAZEWSKI;162
MIEŃKO;162
MUNTEAN;162
NALIWAJKO;162
NIEŚCIER;162
NIETRZEBA;162
ODROWSKI;162
PIELASA;162
PIZIAK;162
PLEWKO;162
PŁOSZKA;162
POKROPSKI;162
POLAT;162
POŁĄCARZ;162
PRES;162
PRUKOP;162
PRZYWARTY;162
RADACZYŃSKI;162
RĘDZIAK;162
ROESKE;162
ROGOCZ;162
ROSOCHA;162
SABALA;162
SAŃCZYK;162
SEILER;162
SEN;162
SIERSZULSKI;162
SŁODOWICZ;162
SPERCZYŃSKI;162
SPODNIEWSKI;162
STELMASZAK;162
STRÓŻNIAK;162
SZALEK;162
SZCZEBIOT;162
SZCZEPKOWICZ;162
SZEMATOWICZ;162
SZLAK;162
SZYMCZAKOWSKI;162
SZYRWIŃSKI;162
ŚWIĘSZKOWSKI;162
TABATADZE;162
TROJAŃCZYK;162
WALCZYSZYN;162
WANIELISTA;162
WARDASZKA;162
WIŚNIECKI;162
ZALOT;162
ZAMARSKI;162
ZINOVIEV;162
ZŁAMANIEC;162
ZUBALA;162
ZUTEREK;162
ALOKHINA;161
ANDRUSENKO;161
BŁACHOWSKA;161
BUNIKOWSKA;161
CIAŁKOWSKA;161
CZTERNASTEK;161
DANCH;161
DRAL;161
DRAPA;161
DRESCHER;161
ENGELBRECHT;161
FALEŃSKA;161
FIRST;161
FRELICHOWSKA;161
GAWORECKA;161
GONTEK;161
GRONDYS;161
HALKIEWICZ;161
HASIŃSKA;161
HERCZYŃSKA;161
HREHOROWICZ;161
HRINCHENKO;161
IŻEWSKA;161
KINECKA;161
KOKORZYCKA;161
KOSIECKA;161
KOSTĘPSKA;161
KOTRA;161
KRASNIKOVA;161
KUBEL;161
LAMBRYCZAK;161
LASOŃCZYK;161
LIPINA;161
MACHNIEWICZ;161
MADANOWSKA;161
MELNICHENKO;161
MIAZGOWSKA;161
MICIUŁA;161
MIKE;161
MRUGOWSKA;161
NIESIOBĘDZKA;161
ODROWSKA;161
OKAPIEC;161
PAZGRAT;161
PIECZEWSKA;161
PLITT;161
POLESKA;161
POTYRALSKA;161
PRASUŁA;161
PROSIŃSKA;161
PRYCZKOWSKA;161
PRZECZEWSKA;161
RABURSKA;161
REJNOWICZ;161
RUDALSKA;161
SAROWSKA;161
SIERAWSKA;161
SIERSZULSKA;161
SKUBACZ;161
STACHAL;161
STACHULSKA;161
SZOSTKIEWICZ;161
ŚWIĘTOJAŃSKA;161
TRUMIŃSKA;161
USTARBOWSKA;161
WOŁOSIK;161
ZABOLOTNIA;161
ZARZYCZNA;161
ZIMNOWODZKA;161
ANTONÓW;161
APTACY;161
BABUŚKA;161
BAJURA;161
BENEK;161
BIRAGA;161
BISZEWSKI;161
BORA;161
BRYM;161
CHABERA;161
CHABORA;161
CHACHURSKI;161
CHUSTECKI;161
CHYBICKI;161
CZAPEK;161
DERLAGA;161
DOKURNO;161
DUMAN;161
DYGUŁA;161
DYLIŃSKI;161
DZIECHCIOWSKI;161
FRYCZKOWSKI;161
GAICKI;161
GARCON;161
GORLO;161
GRADOWICZ;161
GRĘBOWSKI;161
GRUCEL;161
HOLENDER;161
KACHELSKI;161
KACHNOWICZ;161
KALWAS;161
KANCELARCZYK;161
KASPAREK;161
KIBLER;161
KIELA;161
KIMSZAL;161
KONAR;161
KONWICKI;161
KOZAN;161
KRAUCHANKA;161
LIC;161
ŁABECKI;161
ŁOPIEŃSKI;161
MAKUSZEWSKI;161
MALUSZCZAK;161
MARIAN;161
MARKITON;161
MATA;161
MURZAŃSKI;161
MYSZKIER;161
NIJAKOWSKI;161
NOCHOWICZ;161
NURCZYŃSKI;161
OSSES;161
OSTASIEWICZ;161
PENKOWSKI;161
PETRYNIAK;161
PIELASZEK;161
PIETRZKO;161
PIKUSA;161
PODOWSKI;161
RADASZKIEWICZ;161
RADZAJEWSKI;161
REDMER;161
REKS;161
SALADRA;161
SIATECKI;161
SIWAKOWSKI;161
SOSNOWY;161
STOLKA;161
STRUMIDŁO;161
SZATYŁOWICZ;161
SZCZYGIOŁ;161
SZPOTON;161
TOMCZYKOWSKI;161
TRZĄSALSKI;161
TRZCIAŁKOWSKI;161
TURZYNIECKI;161
UJAZDA;161
USIĄDEK;161
WANOWICZ;161
WDOWIARZ;161
WEIHER;161
WĘDOŁOWSKI;161
WLAZEŁ;161
ZAWIŚLAŃSKI;161
ZELECH;161
ZMARLAK;161
ŻERKO;161
ŻURYŃSKI;161
AMBROZIŃSKA;160
ARGALSKA;160
BALCZYŃSKA;160
BIENERT;160
BRODZICKA;160
BUŁHAK;160
CHABANENKO;160
CZYNSZAK;160
DANIELKIEWICZ;160
DOMAŃ;160
DZIEMIANOWICZ;160
FARANA;160
FEDUN;160
GARBULIŃSKA;160
GLASER;160
GONERSKA;160
GROBOSZ;160
GUSEINOVA;160
HART;160
HRYNCHYSHYN;160
HUCHENKO;160
IWANECKA;160
JAKUBISIAK;160
JURZYŃSKA;160
KALENIUK;160
KANABAJ;160
KENAR;160
KIKOLSKA;160
KOLOSOVA;160
KRALSKA;160
KUDRIA;160
KULECKA;160
KURPIELA;160
KVIATKOVSKA;160
LUBIEWSKA;160
LUDWINEK;160
MARTON;160
MATERNIA;160
MĘCZYKOWSKA;160
MILISZEWSKA;160
OLTON;160
OSOLIŃSKA;160
PARTYŃSKA;160
PASZCZUK;160
PELCZYK;160
PESZKE;160
PIDLISNA;160
PIETRANEK;160
PRYLUTSKA;160
RASMUS;160
ROZPŁOCH;160
SAAR;160
SCHMITZ;160
SHVETSOVA;160
SKUPNIEWICZ;160
STABACH;160
STARIKOVA;160
STUPNICKA;160
SURUS;160
SZMATUŁA;160
SZOMBIERSKA;160
ŚWIĘCZKOWSKA;160
TCHÓRZNICKA;160
WASYLKOWSKA;160
WEŻGOWIEC;160
WIELGOSIŃSKA;160
WILMANOWICZ;160
ZEMSKA;160
ZIPSER;160
ZOBEL;160
ŻYŹNIEWSKA;160
BANACHEWICZ;160
BANK;160
BIŻEK;160
BLASZYŃSKI;160
BOJKA;160
BRZEZIECKI;160
BRZUSZCZAK;160
BZDOK;160
CHAUHAN;160
CHOCHOLSKI;160
CHORABIK;160
CHORNII;160
CHOROSZY;160
CHWAJA;160
CZERNICHOWSKI;160
DEDERKO;160
DOŁASIŃSKI;160
DUBININ;160
DYKS;160
FANSLAU;160
FLINIK;160
FORDOŃSKI;160
GAFKA;160
GOCHNIO;160
GROCHOŁA;160
GRYŻEWSKI;160
HADASZ;160
HENEK;160
IMIŃSKI;160
JURDZIŃSKI;160
KALISZEWICZ;160
KORYŚ;160
KUDRYŃSKI;160
KUTNY;160
KUZIK;160
LECHOCIŃSKI;160
ŁADAK;160
MACHAJSKI;160
MALCHARCZYK;160
MELION;160
MIKŁAS;160
MISIOROWSKI;160
NAJMRODZKI;160
NIZIELSKI;160
NOCNY;160
OŻAŃSKI;160
PACHUCY;160
PASHKOV;160
PEZOWICZ;160
PĘTLAK;160
PŁOKITA;160
POLKO;160
POPIOŁKIEWICZ;160
PORYCKI;160
PRYMON;160
REIWER;160
REMBAS;160
ROESLER;160
SANICKI;160
STASIEK;160
STATUCH;160
STODÓŁKA;160
STOKŁOS;160
STRUCIŃSKI;160
SUBOTA;160
SUCHODOŁA;160
SUPIERZ;160
SZCZERSKI;160
SZMYTKE;160
SZYPEREK;160
TUCZNIO;160
VERHUN;160
WARSICKI;160
WĄTORSKI;160
WILBIK;160
WILGOSZ;160
WOJDON;160
WYSZCZELSKI;160
ŻOŁNIEROWICZ;160
ANDZEL;159
BERBEKA;159
BIGOSZEWSKA;159
BRZESZCZAK;159
BUTLEWSKA;159
CHUMAKOVA;159
CIENIAWSKA;159
CIEPIERSKA;159
CZACHURSKA;159
DELURA;159
DENKOWSKA;159
DOMNIK;159
DZIADUŚ;159
ELGERT;159
FELSKOWSKA;159
FILIUK;159
FURMANN;159
GARYCKA;159
GAZDECKA;159
GOŁUCKA;159
GRYŻEWSKA;159
GUMULSKA;159
HALAS;159
JAWORECKA;159
JĘDZURA;159
KHOMYK;159
KILISZEWSKA;159
KLINIEWSKA;159
KOBIŃSKA;159
KOSZMIDER;159
KUROCHKA;159
KWADRANS;159
LEONARSKA;159
MAGNER;159
MAŚKIEWICZ;159
MĄDRASZEWSKA;159
MUŃKO;159
MUZIŃSKA;159
NIKLEWSKA;159
OBIEGAŁA;159
OLSZACKA;159
OSTACH;159
OVCHAROVA;159
OZIĘBŁOWSKA;159
PEZDEK;159
POBIEDZIŃSKA;159
PODSADA;159
PRACH;159
PRZERYWACZ;159
PRZYSIĘŻNA;159
ROCZKOWSKA;159
SALMANOWICZ;159
SAWCZYŃSKA;159
SHAROVA;159
SYNIAVSKA;159
SYSOIEVA;159
TIC;159
TRUCHLEWSKA;159
TRYBOWSKA;159
TSUKANOVA;159
URBACZEWSKA;159
VITVITSKA;159
WAŁKOWSKA;159
WDOWIKOWSKA;159
WINNICZUK;159
WOJTKO;159
ZOTOVA;159
ŻYWIOŁEK;159
ADAMOVICH;159
BORCZON;159
BRYKOWSKI;159
BRZESKOT;159
CHRAPCZYŃSKI;159
CHYREK;159
CISZKIEWICZ;159
CZEKAJSKI;159
DENES;159
DURECKI;159
DYBCZYŃSKI;159
DZIADUL;159
FABERSKI;159
GELLER;159
GITNER;159
GODAWSKI;159
GOŁUBOWSKI;159
GORAJCZYK;159
GORZĄD;159
GRELOCH;159
GUSTEK;159
HAIEVSKYI;159
HAZIAK;159
HERCZYŃSKI;159
IWANECKI;159
IWASZCZUK;159
JAKOWICKI;159
JAREMCZUK;159
JĘSIEK;159
JIN;159
JURAEV;159
KAŁWIŃSKI;159
KASPERCZUK;159
KATAMADZE;159
KIMMEL;159
KLUCZ;159
KNAST;159
KORNAUS;159
KRYSICKI;159
KUCHNIK;159
KULAWIECKI;159
LATKA;159
LEKSANDER;159
LEŚNICZUK;159
LICAU;159
MACZYŃSKI;159
MICHLIK;159
MUZIŃSKI;159
NAHORNIAK;159
OLLER;159
PACHOWSKI;159
PAŹDZIOREK;159
PEROŃSKI;159
PRYSIAZHNYI;159
PYDYŚ;159
PYSIEWICZ;159
RAKOCIŃSKI;159
RATUSHNYI;159
ROMBALSKI;159
RULAK;159
RYŻEK;159
SABO;159
SAMPŁAWSKI;159
SIERAWSKI;159
STACHULSKI;159
STALEC;159
STANASIUK;159
SUTY;159
SZARGAN;159
SZKUDŁAPSKI;159
ŚNIEŻYŃSKI;159
TARNOGÓRSKI;159
TYMCZUK;159
UBOWSKI;159
WĄSIAK;159
WIĄZ;159
WITOŃSKI;159
ZASŁONKA;159
ZIĘZIO;159
BALASIŃSKA;158
BARANCHUK;158
BOHUTSKA;158
BORCHERT;158
BUŁGAJEWSKA;158
CEPUCH;158
CHABKO;158
CHOLEWIAK;158
CHROMICZ;158
CHRZĄSZCZEWSKA;158
CIARCIŃSKA;158
CIECIŃSKA;158
CYRUS;158
DANIŁO;158
DOŁBA;158
DOROCHOWICZ;158
DYGULSKA;158
FAŁDZIŃSKA;158
FRASZKA;158
GIERZYŃSKA;158
GŁUSZYŃSKA;158
HANSEL;158
HAVRYLIV;158
HOSSA;158
HULBOJ;158
JAKOWICKA;158
JANUSEK;158
JEDLECKA;158
KABULSKA;158
KALITOWSKA;158
KAPIŃSKA;158
KHALILOVA;158
KILIAŃCZYK;158
KOSMAŁA;158
KRAWCZEWSKA;158
KUBAJEK;158
KURANDA;158
KUZMINSKA;158
LEHMAN;158
LENTNER;158
LEŚNICZEK;158
LIAKHOVA;158
LONCZAK;158
LUDKOWSKA;158
LUDWISZEWSKA;158
LUNIAK;158
MATVIIUK;158
MENDROK;158
MYKHALEVYCH;158
PAJĄKOWSKA;158
PINIARSKA;158
POHRIBNA;158
PUZYREWSKA;158
RADOMIAK;158
ROMBALSKA;158
RUSSO;158
SAMCZUK;158
SKRYPNIK;158
SKRZYMOWSKA;158
STASIOROWSKA;158
SUCHIŃSKA;158
SURYŚ;158
SZKUDELSKA;158
ŚWIATOWSKA;158
TRYBEL;158
VASYLETS;158
WAŁCERZ;158
WNUKIEWICZ;158
WYKPISZ;158
YATSUK;158
ZBYSZEWSKA;158
BEDLIŃSKI;158
BEYGER;158
BIERUTA;158
BOCHAROV;158
BOGUN;158
BRĄCZYK;158
CACHRO;158
CHODAŁA;158
CIĄĆKA;158
CIELEPAK;158
CYRSON;158
CZART;158
CZUBIN;158
DAŁKOWSKI;158
DRUŻGA;158
DULKA;158
DUŁAWA;158
DYRAŁA;158
DŹWIGAJ;158
FERUGA;158
FORMAS;158
FRELICHOWSKI;158
GAMALCZYK;158
GŁADECKI;158
GONCHAROV;158
GRAJPER;158
GRANOWSKI;158
GROMACKI;158
GUSTYN;158
HAC;158
HADAS;158
HĘDRZAK;158
HOJNY;158
JAGIEŁOWICZ;158
JĘCZKOWSKI;158
JÓZIAK;158
KAŁDUNEK;158
KAPELEWSKI;158
KATAN;158
KIŚLAK;158
KŁUCIŃSKI;158
KOKORZYCKI;158
KOWASZ;158
KOZAKOV;158
KOZIERADZKI;158
KRENSKI;158
KROPSKI;158
KRZYSZTOFORSKI;158
KULAR;158
KURJATA;158
KWACZ;158
LEBIEDOWICZ;158
LEONARSKI;158
LUDZIEJEWSKI;158
LUKIN;158
MADANY;158
MADZIŃSKI;158
MALESZAK;158
MALUŚKI;158
MELNIC;158
MINCER;158
MROWCZYK;158
NIEDOBECKI;158
NIEDOJAD;158
NIESTÓJ;158
NOSIDLAK;158
NOWOSIELECKI;158
OLSZACKI;158
PAŃTA;158
PIEGA;158
PLACZYŃSKI;158
PLĄSEK;158
POCHWAT;158
POLATOWSKI;158
RATOMSKI;158
REŚLIŃSKI;158
RUBA;158
SABURA;158
SAŁAMAJ;158
SEMEN;158
SIEMIENIEWSKI;158
SIWIASZCZYK;158
SODZAWICZNY;158
STATUCKI;158
STRZESZYŃSKI;158
SZERENOS;158
SZWARGA;158
VORONTSOV;158
WERS;158
ZGOLIŃSKI;158
ALLEN;157
ASENOVA;157
BAKAI;157
BARŁOGA;157
BUBKA;157
BUDZYNOWSKA;157
CAMPBELL;157
CHRAPOWICKA;157
CHYZHEVSKA;157
COOPER;157
DOLCZEWSKA;157
DZIERZBIŃSKA;157
EGGERT;157
FADROWSKA;157
GIEŁAŻYN;157
GRUNTKOWSKA;157
GRYLEWICZ;157
GULBIŃSKA;157
GUNERKA;157
HESSE;157
HULIAIEVA;157
HUZENKO;157
JAGAS;157
KŁOSSOWSKA;157
KOSYK;157
KOZORIZ;157
KUCMAN;157
LEVENETS;157
LIGENDZA;157
MAS;157
MICZKO;157
MOGILSKA;157
MROSEK;157
MYSIORSKA;157
NECHYTAILO;157
NIZIELSKA;157
OBŁĄKOWSKA;157
PHILLIPS;157
POSIEWKA;157
PRZEPERSKA;157
PUSKARCZYK;157
PUZ;157
RABAJCZYK;157
ROBIŃSKA;157
ROGOŻ;157
ROLECKA;157
RYSZKO;157
SENDOREK;157
SKRZYDŁOWSKA;157
SŁABOLEPSZA;157
SPERCZYŃSKA;157
STAKHIV;157
STRILCHUK;157
SZNABEL;157
SZPAKIEWICZ;157
SZULSKA;157
SZYCKO;157
ŚWIATŁOCH;157
TARANOWICZ;157
TECLAF;157
VOLIANSKA;157
WAJCHERT;157
WAŁEJKO;157
WAŁKIEWICZ;157
WĘDOŁOWSKA;157
WIERNIK;157
ZNAMIEC;157
ŻYWNO;157
ARKIT;157
BADALOV;157
BANDARENKA;157
BAUT;157
BIŁKO;157
BŁACHOWSKI;157
BOIKE;157
BRDEJ;157
BUŁGAJEWSKI;157
BUSZCZAK;157
CEPIELIK;157
CHARCHUŁA;157
CHRAPLAK;157
CIAŁKOWSKI;157
CUPA;157
CZEPCZYŃSKI;157
ĆWIRZEŃ;157
DĄBAŁA;157
DOŁŻYCKI;157
DUCHEWICZ;157
DURBACZ;157
DZIERZBIŃSKI;157
DZIERŻA;157
FERENSZTAJN;157
FRELAK;157
GASIUK;157
GIELO;157
GOZDAL;157
GRZEBSKI;157
GUC;157
HAŁABIS;157
HERJAN;157
IŻEWSKI;157
JAKIMÓW;157
JIANG;157
KACORZYK;157
KADELSKI;157
KAJDASZ;157
KAMYCKI;157
KLEKOTKA;157
KMERA;157
KODIROV;157
KOSZEK;157
KRZYPKOWSKI;157
KUGLIN;157
KULEWSKI;157
KURACIŃSKI;157
KUTYŁO;157
LACHTARA;157
LEMPKOWSKI;157
ŁAZUR;157
MACHOCZEK;157
MALIGA;157
MARLĘGA;157
MATERNIAK;157
MICZOŁEK;157
MILDE;157
MYKITA;157
MYZIA;157
NIZIURSKI;157
PACAŁA;157
PAŁASIŃSKI;157
PASZTA;157
PIOTERCZAK;157
PISARZOWSKI;157
PODLAK;157
POLESKI;157
PROCHENKA;157
PRZYBYLIK;157
PRZYGRODZKI;157
PUCHNIARZ;157
PURCHA;157
PUWALSKI;157
RODACKI;157
ROSIEWICZ;157
ROZPŁOCHOWSKI;157
RÓŻOWSKI;157
SAWOSZ;157
SKARUPA;157
SKROBISZEWSKI;157
SKRZECZYNA;157
SMELKOWSKI;157
STOBBA;157
STONOGA;157
STYRNIK;157
SWATKO;157
SZALUŚ;157
SZLEMBARSKI;157
SZOMBIERSKI;157
SZULA;157
ŚWIATOWSKI;157
WIKTORUK;157
WILCZARSKI;157
WOJDANOWSKI;157
ZAMARO;157
ZBRZYZNY;157
ZDROJEK;157
ZYGAŁA;157
ŻMIJOWSKI;157
BANECKA;156
BEŁDYCKA;156
BIELENIA;156
BIESIEKIERSKA;156
BILASH;156
BŁOTNA;156
BRAUŁA;156
BUJNIAK;156
CHAPSKA;156
CIERNIEWSKA;156
CŁAPIŃSKA;156
CYLIŃSKA;156
CZORA;156
DERES;156
DOWNAR-ZAPOLSKA;156
DYLIŃSKA;156
DZIEGIEĆ;156
FRANKO;156
GALUSIK;156
GIELAS;156
GNIWEK;156
GOLAT;156
GÓRALEWICZ;156
GRODOŃ;156
GRZEBIELA;156
GWARDYŚ;156
HETNAR;156
IVANITSKA;156
JAGIEŁŁOWICZ;156
KAJETANIAK;156
KAMYKOWSKA;156
KOSZARNA;156
KROMOŁOWSKA;156
KUĆMIERCZYK;156
KUROPATWIŃSKA;156
KUTOWSKA;156
KWOLIK;156
LENK;156
LYSYTSIA;156
ŁOŃ;156
MACZKOWSKA;156
MAŁCZYŃSKA;156
MEDWID;156
MIRYS;156
MYRHORODSKA;156
NAJMRODZKA;156
NOSZKA;156
OLICHWER;156
OMAŃSKA;156
OSMENDA;156
PLEŚNIEROWICZ;156
PLIŃSKA;156
PŁÓCINICZAK;156
PRYIMACHUK;156
PRZEKOTA;156
PULCHNA;156
PYTLAS;156
REŚLIŃSKA;156
ROGODA;156
ROZWANDOWICZ;156
RUMPEL;156
RZEDZICKA;156
SELIVANOVA;156
SHELUDKO;156
SHULZHENKO;156
SKORCZYK;156
SOLDATENKO;156
SOPA;156
STELMACHOWICZ;156
STOIANOVYCH;156
STOLIAROVA;156
SWOREK;156
SZAKOŁA;156
SZTANGIERSKA;156
ŚWIEC;156
TABISZEWSKA;156
URBANKOWSKA;156
WĄTRÓBSKA;156
WITOŃSKA;156
WOJNAS;156
YERMOLAIEVA;156
ZARABSKA;156
ALIMOV;156
ALTMAN;156
APEL;156
BANIEWSKI;156
BANNACH;156
BEŁZAK;156
BIEDACHA;156
BROZDOWSKI;156
CIEPIERSKI;156
CIEŚLOK;156
CYNKIER;156
CZMIELEWSKI;156
DEMYDOV;156
DROBISZEWSKI;156
DROŹDZIOK;156
DRUPKA;156
DYGUŚ;156
DZIEWIĄTKA;156
DZWONIAREK;156
FIDZIŃSKI;156
GOŚCIEJ;156
GRĄŻAWSKI;156
GREL;156
GUMULIŃSKI;156
GUMULSKI;156
GUTMAN;156
HAJZLER;156
HAMRYSZCZAK;156
HASIŃSKI;156
JACKO;156
JATA;156
JÓZWICKI;156
JUKOWSKI;156
JURCZEWSKI;156
KABELIS;156
KAŁDUŃSKI;156
KAROWSKI;156
KEMNITZ;156
KORKUĆ;156
KOSAŁA;156
KOSTĘPSKI;156
KRIUKOV;156
KRZEPISZ;156
KRZĘTOWSKI;156
KUROPATNICKI;156
KUROPATWIŃSKI;156
KURZA;156
LAVROV;156
ŁUKOSZ;156
MANUKYAN;156
MASEŁEK;156
MIA;156
MIGDAL;156
MUHAMMAD;156
NIEŚCIERUK;156
OCHALSKI;156
OMELIANIUK;156
OSTRZYCKI;156
PACHAŁA;156
PAJCHROWSKI;156
PAJDOSZ;156
PAŁYSA;156
PETRYLA;156
PIECHURSKI;156
PONA;156
RAPIOR;156
REMIASZ;156
RESZELEWSKI;156
ROTKEGEL;156
RUSECKI;156
SAŁUGA;156
SAMULCZYK;156
SANDAK;156
SEREWIŚ;156
SIBERA;156
SKIERCZYŃSKI;156
STOKSIK;156
STRZEMKOWSKI;156
SZEJN;156
SZKUDELSKI;156
SZPIKOWSKI;156
TABISZEWSKI;156
THOMALLA;156
TRYBUCH;156
TRYPUĆ;156
TRZEWICZEK;156
WERCZYŃSKI;156
WIELUŃSKI;156
WISNIEWSKI;156
WOJAKIEWICZ;156
WOJKIEWICZ;156
WOJTASZKO;156
WYWIOŁ;156
ZABIJAK;156
ZAHORA;156
ABLEWSKA;155
ADAMAREK;155
ALABRUDZIŃSKA;155
BAER;155
BANIEWSKA;155
BENDUCH;155
BONIAKOWSKA;155
BRĄCZKOWSKA;155
BROJANOWSKA;155
BUHAICHUK;155
CHILEWSKA;155
CYBART;155
CYRON;155
CZADERNA;155
DAMRATH;155
DANIUK;155
DEREWICZ;155
DĘBOWIAK;155
DOBROCZYŃSKA;155
DRACHUK;155
DYLLA;155
FETER;155
FOJUTOWSKA;155
FRONK;155
GRZENKOWSKA;155
HATLAPA;155
HETMANOWSKA;155
HORSKA;155
HUREK;155
JACHYMSKA;155
JANIACZYK;155
KALIKA;155
KARPOVYCH;155
KAZLOVA;155
KLIMANEK;155
KOCZUŁAP;155
KONDRASHOVA;155
KOROLKO;155
KOŻUSZKO;155
KRYTSKA;155
KRZĘTOWSKA;155
KUŹLIK;155
KYSLA;155
LALEK;155
LUNOVA;155
ŁACIOK;155
MIKUĆ;155
MINKUS;155
MIONSKOWSKA;155
MIZIELIŃSKA;155
MOISEIEVA;155
MYRNA;155
NIESOBSKA;155
NOWORÓL;155
OKIŃCZYC;155
ONOPRIIENKO;155
ORĘZIAK;155
PASZYN;155
PENCAK;155
PERETS;155
PETUKHOVA;155
PILASZEK;155
PLES;155
PODOLIAN;155
RADZYŃSKA;155
RYTKA;155
SADZYŃSKA;155
SCELINA;155
SENK;155
SKLAREK;155
SMOLNICKA;155
SMULCZYŃSKA;155
STANIENDA;155
STRZESZYŃSKA;155
SUKHANOVA;155
SVINTSITSKA;155
SVYRYDOVA;155
SZMER;155
SZNAJDROWICZ;155
TARANTOWICZ;155
TERPIŃSKA;155
THEUS;155
TRYNKA;155
TUMASZ;155
UCINEK;155
ULKOWSKA;155
VOLYK;155
WALASIEWICZ;155
WALERCZAK;155
WANDEL;155
WIELUŃSKA;155
WIŚNIECKA;155
WYSZCZELSKA;155
ZARYTSKA;155
ZASTOCKA;155
ZDON;155
ANTOL;155
BADUROWICZ;155
BANECKI;155
BIELIKOV;155
BŁACHANIEC;155
BŁAHUTA;155
BULCZYŃSKI;155
BYCHKOV;155
BYKOWICZ;155
BZÓWKA;155
CHWIEDUK;155
CIERKOSZ;155
CYZIO;155
CZOKAJŁO;155
DOBROCZYŃSKI;155
DOROZIŃSKI;155
DROŻDŻEWICZ;155
DYNARSKI;155
FUK;155
GAWRYŁO;155
GĘBORSKI;155
GLANER;155
GOLDER;155
GRUCHACZ;155
GRZEGOWSKI;155
GRZELACHOWSKI;155
HACZYKOWSKI;155
HELIASZ;155
HETMANOWSKI;155
HUBACZ;155
JANGAS;155
KILISZEWSKI;155
KLEPACZKA;155
KOBYLEC;155
KONECKO;155
KORDULEWSKI;155
KRĄŻYŃSKI;155
KROPACZEWSKI;155
KRZESKI;155
KUMIEGA;155
KWASIK;155
KWATEK;155
LUBAWSKI;155
LUDWICHOWSKI;155
MAJORKIEWICZ;155
MARCHLIŃSKI;155
MARKEVICH;155
MAROS;155
MORACZYŃSKI;155
MROSZCZAK;155
NAJDECKI;155
NAPOLSKI;155
NIEWIADOWSKI;155
OBIEGŁO;155
OLIWKOWSKI;155
ORSZTYNOWICZ;155
PACHNIEWSKI;155
PADAMCZYK;155
PASIEK;155
PEMPERA;155
PIECKOWSKI;155
PIECZEWSKI;155
PINIARSKI;155
PIŃCZUK;155
POSKART;155
POTRZESZCZ;155
PRAGA;155
PUTA;155
PYLAK;155
RĄCZKOWIAK;155
REMPAŁA;155
ROLECKI;155
ROMPALSKI;155
SANEK;155
SŁOWIOK;155
SMACZNY;155
SMAGŁOWSKI;155
SOBIEPANEK;155
STASIECZEK;155
STEFANOV;155
STYLSKI;155
SZARAMA;155
SZPRUCH;155
SZYMCZYKIEWICZ;155
TEKIEL;155
TELESIŃSKI;155
WILKOŁAZKI;155
ZADROŻNIAK;155
ZASTOCKI;155
ZBUDNIEWEK;155
ZYDORCZYK;155
ZYGMUNCIAK;155
ŻAMOJDA;155
ŻURAD;155
APPEL;154
BARRA;154
BODZIUCH;154
BORODAI;154
BUJNA;154
BYSKO;154
CIMCIOCH;154
CIULKIN;154
CZEPCZYŃSKA;154
DERBIS;154
DOBRA;154
DOROZIŃSKA;154
DUBANOWSKA;154
DUBROVSKA;154
DYMALSKA;154
FIDZIŃSKA;154
FUCZEK;154
GIELNIEWSKA;154
GIERAGA;154
GODAWSKA;154
GROMIEC;154
HANDZIUK;154
HAVRYSHCHUK;154
HLAVATSKA;154
HOLCMAN;154
KARASZKIEWICZ;154
KIEŁBICKA;154
KISHCHUK;154
KOCZAJ;154
KRUGIOŁKA;154
KRUKIEWICZ;154
KRUPOP;154
KRYSICKA;154
KULAWIECKA;154
KUSCH;154
LANC;154
LIPUS;154
LUC;154
ŁOTOWSKA;154
MAŁODZIŃSKA;154
MAMCZAK;154
MASLII;154
MIGUŁA;154
MINIEWICZ;154
MURAWIEC;154
NACZAS;154
NIJAKA;154
NITSCHE;154
OKUPNA;154
OLESIEWICZ;154
OSWALD;154
PATAJ;154
PERUŻYŃSKA;154
PIESIUR;154
PLACZYŃSKA;154
PODSIADŁOWSKA;154
POWIERSKA;154
PRZEWIĘŹLIKOWSKA;154
RAKOCA;154
REDLARSKA;154
RĘKOSIEWICZ;154
ROCHNOWSKA;154
SAMKO;154
SANICKA;154
SANOJCA;154
SĄDELSKA;154
SIERKOWSKA;154
SKUBIJ;154
SONNENBERG;154
STAHL;154
STODÓŁKIEWICZ;154
STURGULEWSKA;154
SUPRYNOWICZ;154
SWOJAK;154
SZERSZENIEWSKA;154
SZREJDER;154
SZREK;154
ŚNIEŻYŃSKA;154
TADRA;154
TRZEBUCHOWSKA;154
TSYHANOK;154
TURNER;154
WALESZCZYŃSKA;154
WARD;154
WASIEL;154
WDOWICKA;154
WINOWIECKA;154
WNUK LIPIŃSKA;154
WRZOSKIEWICZ;154
YAKUSHEVA;154
ZWIECH;154
ŻOKOWSKA;154
ABASHIDZE;154
ABULADZE;154
ANIKIEJ;154
ANYSZEWSKI;154
BALCZYŃSKI;154
BANOWSKI;154
BIAŁASIEWICZ;154
BLAŹNIAK;154
BOJAŃCZYK;154
BONALSKI;154
BORONOWSKI;154
BORUCZKOWSKI;154
BRANDEBURA;154
BRZEZIAŃSKI;154
CHILEWSKI;154
CHŁOND;154
CICHAŁA;154
CIENKOSZ;154
CIERNIEWSKI;154
CYBRUCH;154
CZWAKIEL;154
DOJKA;154
DREWNIANY;154
EKMAN;154
FADROWSKI;154
FALEŃCZYK;154
FALL;154
FEDYNIAK;154
FLORECKI;154
GAJASZEK;154
GARLIKOWSKI;154
GHIMIRE;154
GIMIŃSKI;154
GRZESICZAK;154
GWOZDOWSKI;154
HAMIGA;154
JANCA;154
JARUZEL;154
JEZIÓRSKI;154
KAJPUST;154
KARCZEWICZ;154
KICZEK;154
KOPYLOV;154
KOSTER;154
KOŚLIŃSKI;154
KUJSZCZYK;154
LASKOŚ;154
LEMKA;154
LUZEŃCZYK;154
MALEŃCZYK;154
MANYŚ;154
MASTALEREK;154
MIELOSZYK;154
MILCZUK;154
MIRASZEWSKI;154
MOGILSKI;154
NAGAJEK;154
NIKLEWSKI;154
NOGAWKA;154
ONIK;154
ORSZAK;154
PABIASZ;154
PARTYŃSKI;154
PAWELLA;154
PAZDEJ;154
PINDARA;154
PISTELOK;154
POKORNIECKI;154
PYRZYNA;154
PYŚNIAK;154
RAMANIUK;154
RAPITA;154
REJEWSKI;154
REWOLIŃSKI;154
SABOK;154
SADOUSKI;154
SAFERNA;154
SĘDZIŃSKI;154
SHYLOV;154
SIENICA;154
SMAKOSZ;154
SOBCZYSZYN;154
STABROWSKI;154
STARZONEK;154
STOJKO;154
STROBA;154
STUPIŃSKI;154
SUCHORZEWSKI;154
SURLEJ;154
SUSZYŁO;154
SUWART;154
SZLACHCIAK;154
SZLÓSARCZYK;154
SZOPLIK;154
SZUTER;154
ŚCIĄŻKO;154
TUMIELEWICZ;154
URBASZEK;154
UTRATNY;154
WARDEŃSKI;154
WIANECKI;154
WIESZCZECZYŃSKI;154
WILKOWIECKI;154
WYŻKIEWICZ;154
ZEGAROWSKI;154
ŻAKOWIECKI;154
ARCAB;153
BELLA;153
BIAŁACHOWSKA;153
BILIAVSKA;153
CETNAROWICZ;153
CIPA;153
CUPRYN;153
DANCHENKO;153
DEMYDIUK;153
DRASZANOWSKA;153
DRYLA;153
DUBININA;153
DYBUL;153
DZIERZKOWSKA;153
DZIUBCZYŃSKA;153
DŹWIERZYŃSKA;153
FAJT;153
FIELEK;153
FINKE;153
FOTYGA;153
FYDRYSZEWSKA;153
GABORSKA;153
GOLICKA;153
GOŁĄBIEWSKA;153
GRYGORCZYK;153
GRZEBIENIOWSKA;153
GRZEGOWSKA;153
HERTMAN;153
HIMMEL;153
JANAKOWSKA;153
JERSAK;153
JEZIÓRSKA;153
JĘŚKO;153
KALAWSKA;153
KAPUSTINA;153
KIEŻUN;153
KORNATKA;153
KOSSEK;153
KRZYPKOWSKA;153
KULCZYKOWSKA;153
KURZYDŁOWSKA;153
KUŚMIEROWSKA;153
KYRYK;153
LAZORENKO;153
LIDKE;153
LOMAKINA;153
LOMPART;153
MALKUSZ;153
MARGIELEWSKA;153
MATONÓG;153
MATSKIV;153
MAUER;153
MESZYŃSKA;153
MIECHURSKA;153
MOSZUMAŃSKA;153
MOZDYNIEWICZ;153
NAHIRNA;153
NIEWIEROWSKA;153
OKRĄGŁA;153
PANNA;153
PATYKOWSKA;153
PERENC;153
PISARZOWSKA;153
PŁOWUCHA;153
POCAŁUŃ;153
POGORZAŁA;153
POMYKALSKA;153
POWĄSKA;153
PUCIŃSKA;153
PUNDYK;153
RACZYCKA;153
RANIEWICZ;153
RETECKA;153
RODZIŃSKA;153
ROHOVSKA;153
ROSOLAK;153
RULSKA;153
RUZHYTSKA;153
SANIGÓRSKA;153
SCHMID;153
SOJECKA;153
SPODAR;153
STACHULEC;153
STALSKA;153
STRELCHENKO;153
SZAJWAJ;153
SZAMOTULSKA;153
SZEPTYCKA;153
SZLAPA;153
SZYNALSKA;153
TELESIŃSKA;153
TOWALSKA;153
TYGIELSKA;153
TYLOCH;153
TYRAJSKA;153
VERBITSKA;153
VOVCHUK;153
WAWRZECKA;153
WŁADYSIAK;153
WODZIEŃ;153
WOJTYLA;153
YAKOBCHUK;153
YEROKHINA;153
ZAMIATOWSKA;153
ZASADOWSKA;153
ZVIERIEVA;153
ŻYRKOWSKA;153
BACZMAŃSKI;153
BAŃKOSZ;153
BARYSEVICH;153
BLEJA;153
BONUS;153
BORYŁO;153
BRUTKOWSKI;153
BUBEŁA;153
BUCHKO;153
CYBUCH;153
CYRULEWSKI;153
CZEKAŁOWSKI;153
DONDER;153
DRUBKOWSKI;153
DRUTOWSKI;153
DZIERZGWA;153
FAŁDZIŃSKI;153
GARBOWICZ;153
GODYLA;153
GRZEGOSZCZYK;153
GUGNACKI;153
HAWEŁKA;153
HURIN;153
KABAJ;153
KAŁUŻKA;153
KAPLER;153
KASIANOV;153
KĄDZIELSKI;153
KĘCZKOWSKI;153
KNEZ;153
KONOWALIK;153
KRUCKI;153
KRUL;153
KULECKI;153
KUŚMIEROWSKI;153
LIDAK;153
LIGUDZIŃSKI;153
LIPIGÓRSKI;153
LUDWISZEWSKI;153
ŁANDA;153
ŁOBOZIAK;153
ŁYSONIEWSKI;153
MACHLOWSKI;153
MAŁKO;153
MARTYS;153
MICHAŁUSZKO;153
MOKRAS;153
MRUSZCZYK;153
MUSIELEWICZ;153
OPULSKI;153
PELCER;153
PERLICKI;153
PIETLUCH;153
PILIPIUK;153
PISKOŃ;153
PLAWGO;153
POBOŻY;153
POCZOBUT;153
PODGÓRZAK;153
POSIEWAŁA;153
PRZYBOJEWSKI;153
PUN;153
REDLARSKI;153
RULEWICZ;153
SAPEK;153
SAPIECHA;153
SAVCHAK;153
SEPCZYŃSKI;153
SHERPA;153
SICIAK;153
SKRZYCKI;153
SOBICH;153
SOBSTEL;153
STARUSZKIEWICZ;153
STARZYCZNY;153
STYRYLSKI;153
SYNIAVSKYI;153
SZAFERSKI;153
TERENTIEV;153
TORBIŃSKI;153
TYKARSKI;153
UCHAL;153
URBANOVICH;153
WALORSKI;153
WASIUKIEWICZ;153
WĘCEK;153
WIERZOWIECKI;153
WOJSZCZYK;153
WOLNOWSKI;153
WSZELAK;153
WYLOTEK;153
ZABIEGLIŃSKI;153
ZABŁUDOWSKI;153
ZAJĄKAŁA;153
ZASADOWSKI;153
ZAWIESKA;153
ZUWAŁA;153
BARGAŃSKA;152
BETTIN;152
BOŻYCZKO;152
BREJWO;152
CEBULLA;152
CHLAŚCIAK;152
CHOLEWIK;152
CHORZELEWSKA;152
CZUBACHOWSKA;152
CZYKWIN;152
DYNARSKA;152
FIETZ;152
FLADER;152
FORDOŃSKA;152
GALEJA;152
GORDZIEJEWSKA;152
GRUNAU;152
HACKIEWICZ;152
HERUS;152
HODOROWICZ;152
HRYHORASH;152
HRYTSYK;152
IDASZAK;152
ILCEWICZ;152
JURDZIŃSKA;152
KABIESZ;152
KEMSKA;152
KNOLL;152
KOŚCIEWICZ;152
KOTSUR;152
KRĄŻYŃSKA;152
KRENSKA;152
KUBLIN;152
LARSEN;152
LIPNIAK;152
LISTWOŃ;152
ŁACHOWSKA;152
MAJSTRAK;152
MALIAR;152
MAŁUCHA;152
MANDERA;152
MANOWIECKA;152
MARZYCKA;152
MASEK;152
MASLIUK;152
MATYSIOK;152
MELEWSKA;152
MIKHNO;152
MORAŃDA;152
MORDZIŃSKA;152
NAJDROWSKA;152
NEMCHENKO;152
NIJAKOWSKA;152
OCHALSKA;152
OWERKO;152
PARASHCHUK;152
PASTUKHOVA;152
PIECZULIS;152
PODYMNIAK;152
POGRANICZNA;152
PRAŻANOWSKA;152
PUWALSKA;152
REIS;152
RETKIEWICZ;152
RZEŚNA;152
RZOSKA;152
SALWICZEK;152
SAPOK;152
SENDA;152
SERAFINOWSKA;152
SHKOLNA;152
SIBILA;152
SMELKOWSKA;152
SMOLIRA;152
SNOPKO;152
SOKURENKO;152
STRZEMKOWSKA;152
STYRYLSKA;152
SUDZIŃSKA;152
SZCZEPSKA;152
TOMCZYKOWSKA;152
TSARYK;152
VASYLKIV;152
WIELGUSIAK;152
WOJEŃSKA;152
WOJSZKO;152
WOJTURSKA;152
WYCZESANA;152
ŻOŁĘDZIOWSKA;152
ŻYNEL;152
BAROWICZ;152
BAWEJ;152
BEMOWSKI;152
BENDA;152
BICZKOWSKI;152
BORZYKOWSKI;152
BUGAJAK;152
BULHAKOV;152
BUŁAJ;152
BZIUK;152
CEBEREK;152
CIENIAWSKI;152
CYBOROŃ;152
CYMBORSKI;152
DARMOFAŁ;152
DOBKO;152
GĘŚLAK;152
GIERZYŃSKI;152
GŁYŻEWSKI;152
GMIĄT;152
GNACIK;152
GONCIARCZYK;152
GRABISZEWSKI;152
GUDALEWSKI;152
HARAŚ;152
HOŁDERNY;152
IMIELIŃSKI;152
JARNUT;152
JIKIA;152
JUNKA;152
JUREŃCZYK;152
JURZYŃSKI;152
KAJKO;152
KARABASZ;152
KASENDRA;152
KAUS;152
KONDEJA;152
KOTASIŃSKI;152
KRAŚKO;152
KSIĘŻAREK;152
KURZYNIEC;152
KWILIŃSKI;152
LEBICA;152
LEŻYŃSKI;152
LOSA;152
LOTARSKI;152
MATYASZCZYK;152
MĘŻYDŁO;152
MILAK;152
MORDKA;152
MOŚCIBRODZKI;152
MRUKLIK;152
MUSZKIETA;152
NASARZEWSKI;152
NYKLEWICZ;152
OPYDO;152
OWSIANOWSKI;152
OZIEMSKI;152
PADOWSKI;152
PALKIJ;152
PATORSKI;152
PAWEŁCZUK;152
PERUGA;152
POMYKACZ;152
POTRZUSKI;152
PURCEL;152
RADZIWANOWSKI;152
RAJNERT;152
ROCHNOWSKI;152
ROGUZ;152
SAPIKOWSKI;152
SITARCZYK;152
SIWULA;152
SREBRNY;152
STOLP;152
STRYSZYK;152
SUBSTYK;152
SUDRA;152
SVITLYCHNYI;152
SZCZEPSKI;152
SZEPTYCKI;152
SZKLARZEWSKI;152
SZPADZIK;152
ŚWISŁOWSKI;152
TRUSKOWSKI;152
TUPTA;152
VASHKEVICH;152
WALERCZYK;152
WIDŁOK;152
ZACHACZ;152
ZASADNY;152
ZAWOLSKI;152
ZUZAŃSKI;152
AMBRYSZEWSKA;151
ANZORGE;151
BENKO;151
BEZVERKHA;151
BIELERZEWSKA;151
BIENIEWSKA;151
BROMKA;151
BURSZTA;151
BUZEK;151
CHEREDNYK;151
DANCHUK;151
DECKERT;151
DOBRUK;151
DOMITER;151
DOROSŁAWSKA;151
DRUTOWSKA;151
DYRGA;151
FOCHT;151
GATYS;151
GRABISZEWSKA;151
HAJDACKA;151
HOŁOWIENKO;151
HORODKO;151
IVANKIV;151
JĘCZKOWSKA;151
JĘDRZEJKIEWICZ;151
JUŁGA;151
JURCZEWSKA;151
KALAGA;151
KAZIMIERZ;151
KIWACKA;151
KLAWITER;151
KOBIELUS;151
KOŁYSZKO;151
KONATOWSKA;151
KULIBABA;151
KUPA;151
LAUDA;151
LEDUCHOWSKA;151
MACHAJSKA;151
MANDES;151
MATUSZKO;151
MICUN;151
MIESZCZANIN;151
NOWOTCZYŃSKA;151
NYCHYPORUK;151
OKOŁOTOWICZ;151
OLIWKOWSKA;151
OZDOWSKA;151
PATORSKA;151
PAWLUKOWSKA;151
PENKOWSKA;151
PIONTKE;151
PIÓRCZYŃSKA;151
REUTT;151
ROŻNAWSKA;151
RZEPKO;151
SALBERT;151
SAMELA;151
SĘDZIŃSKA;151
SMERECKA;151
STECHNIJ;151
STEFANOVA;151
STPICZYŃSKA;151
SUROSZ;151
SWARYCZEWSKA;151
SZTOMPKA;151
SZYMCZYŃSKA;151
TARANOVA;151
TROFIMCHUK;151
VORONKOVA;151
WALENTOWSKA;151
WALINOWICZ;151
WDZIĘKOŃSKA;151
WĘDZIKOWSKA;151
ZABŁUDOWSKA;151
ZIEŃCZUK;151
ŻÓŁCIAK;151
ARCISZ;151
BAJCAR;151
BAJOWSKI;151
BETLEJA;151
BOGUT;151
BOLIGŁOWA;151
BORODZICZ;151
BRZDĘK;151
BRZEŹNY;151
CEPOK;151
CHIMIAK;151
CHŁANDA;151
CHOCIANOWSKI;151
CIENIAK;151
CYTRYŃSKI;151
CZUŁOWSKI;151
DZIEJMA;151
FIRUTA;151
FUŁAT;151
GEFERT;151
GEREMEK;151
GONERSKI;151
GOTOWALSKI;151
GRZYWNIAK;151
HARASZKIEWICZ;151
HOROSZCZAK;151
JAŚ;151
JEZIERNY;151
KARPETS;151
KĘBŁOWSKI;151
KNIEJA;151
KOBIERZYCKI;151
KOLOSOV;151
KONSTANTYNOV;151
KORDIAK;151
KOSHOVYI;151
KOTWIŃSKI;151
KOZBER;151
KUŁAJ;151
LEONTIEV;151
ŁACZKOWSKI;151
MARCHWIANY;151
MIASTOWSKI;151
MICHAŁÓW;151
MOHAMMAD;151
MOWIŃSKI;151
MYKULIAK;151
NIESIOBĘDZKI;151
NOWOTCZYŃSKI;151
OLSZA;151
OMAŃSKI;151
OŚLAK;151
PALIAN;151
PAPIERZYŃSKI;151
PARKOT;151
PAULOUSKI;151
PIDHORNYI;151
PIELCZYK;151
PIETRALIK;151
PISARZEWSKI;151
PISKÓRZ;151
POCHODAJ;151
POLEJOWSKI;151
POWOLNY;151
PREKIEL;151
PRENETA;151
PRZYSTAWSKI;151
RASZTAR;151
SALWIŃSKI;151
SAŁKIEWICZ;151
SAMSONOV;151
SERETNY;151
SEWRUK;151
SIERUTA;151
SŁOCZYŃSKI;151
SOBORSKI;151
SYPEREK;151
SZAMOTA;151
SZCZYGLIŃSKI;151
SZUMLAK;151
TELEJ;151
TROŚCIANKO;151
TUROSTOWSKI;151
TYBUSZEWSKI;151
TYRANOWSKI;151
WALDA;151
WALENTOWSKI;151
WARSZ;151
WASICKI;151
WOŁOSIEWICZ;151
ZAMOŻNIEWICZ;151
ZAWARTY;151
ZELMA;151
ZIELENIECKI;151
ZWIERZAK;151
ŻOŁNECZKO;151
ŻYŁKOWSKI;151
ANGELOVA;150
ANGIEL;150
BABAIEVA;150
BAHINSKA;150
BANASZ;150
BIEDZIAK;150
BORN;150
BRONIARZ;150
BRYDNIAK;150
BRZOSKO;150
BUDZAŁEK;150
CHIROWSKA;150
CHOJNECKA;150
COFTA;150
CYTRYŃSKA;150
CZEMERYS;150
DELIMAT;150
DOGODA;150
DORA;150
DOROFIEIEVA;150
FATALSKA;150
FENIK;150
FLORCZYŃSKA;150
FOLWARCZNA;150
GRĄŻAWSKA;150
HABRYN;150
HAUZA;150
HEROD;150
HERZBERG;150
HOJNA;150
JAGUCKA;150
JANZ;150
KAŁUGA;150
KAPELEWSKA;150
KILKA;150
KISICKA;150
KŁAKULAK;150
KOBIELUSZ;150
KOCZELA;150
KOLESNICHENKO;150
KOTASIŃSKA;150
KURACIŃSKA;150
LIBOR;150
ŁYTKA;150
MAKSYMETS;150
MALUŚKA;150
MAŁKOWICZ;150
MICHAŁKÓW;150
MOŁODECKA;150
OKSIŃSKA;150
OLSHEVSKA;150
OPAT;150
ORLUK;150
OTULAKOWSKA;150
OWCZARZY;150
PETEREK;150
PĘTLICKA;150
PIVTORAK;150
PODJASKA;150
PODMOKŁA;150
POŻAROWSKA;150
PROCHASKA;150
PRZYROWSKA;150
PUŁACZEWSKA;150
PYKOSZ;150
RUSAKOVA;150
SAMSONIUK;150
SHYDLOVSKA;150
SMOLINSKA;150
SOK;150
STUPIŃSKA;150
SZEJNER;150
SZYLING;150
TAJCHERT;150
TOMETCZAK;150
TYKHA;150
WADOŃ;150
WALC;150
WANOWSKA;150
WARSICKA;150
WICHTOWSKA;150
WIERTELORZ;150
WYCIŚLOK;150
ZBOINA;150
ZGRZEBNA;150
ZIUBIŃSKA;150
ŻESŁAWSKA;150
AMBROS;150
ARTYMOWICZ;150
BLACH;150
BŁAŻOWSKI;150
BŁAŻUSIAK;150
BODANKA;150
BUCZNY;150
BUDZYŁA;150
BUKOWCZAN;150
BUMBUL;150
CECELSKI;150
CHODNIK;150
CHRABAŃSKI;150
CIPIOR;150
CIŻMOWSKI;150
CYLIŃSKI;150
CYWONIUK;150
CZARNIAWSKI;150
CZESNY;150
DADUN;150
DASZCZUK;150
DOBROGOSZCZ;150
DOROŻKO;150
DUMANOWSKI;150
DYKTY;150
DZIONSKO;150
FALKOWICZ;150
FATALSKI;150
FORYSZEWSKI;150
GĘBA;150
GĘGA;150
GLITA;150
GORYWODA;150
GRABIK;150
GRĘŹLIKOWSKI;150
GRZEBIENIOWSKI;150
GRZEŚLAK;150
HOŁUBIEC;150
HOPPA;150
JANAKOWSKI;150
JÓŹKÓW;150
JUJECZKA;150
KAŁAMAJSKI;150
KAPELSKI;150
KAZA;150
KAZIÓW;150
KAŹMIERAK;150
KOCÓR;150
KOKOSZEWSKI;150
KONSTANTINOV;150
KORDELA;150
KROMOŁOWSKI;150
KRYJ;150
KUDIN;150
KUTKA;150
LANUSZNY;150
LAZAREV;150
LEDUCHOWSKI;150
LEHKYI;150
LUBACH;150
LULKO;150
MAKOTA;150
MARCYSIAK;150
MATSKEVICH;150
MAZIEJUK;150
MEJ;150
OSIEWACZ;150
OSUMEK;150
PACHO;150
PALLACH;150
PAPLA;150
PATYKOWSKI;150
PAWULSKI;150
PIĘTAL;150
PŁÓKARZ;150
POTYSZ;150
POZAŃSKI;150
RANIŚ;150
RESZUTA;150
RĘKAWIK;150
ROCHALA;150
ROSPARA;150
SADOWCZYK;150
SELONKE;150
SKOBODZIŃSKI;150
SMOGUR;150
SOCZAWA;150
SONDAJ;150
SOTWIN;150
SUCHOŃSKI;150
SWAKOŃ;150
SZCZURKOWSKI;150
SZEWKO;150
SZKOLAK;150
SZPACZYŃSKI;150
SZUFLA;150
ŚWITAJSKI;150
TABACZUK;150
TERPIŃSKI;150
WARSKI;150
WASŁOWICZ;150
WIELOSIK;150
WINSZTAL;150
WOLKO;150
WYSKWAR;150
YUSHKEVICH;150
ZDYCH;150
ZIĄBSKI;150
ZYGARSKI;150
ŻABNICKI;150
ŻELAŹNICKI;150
ARAUCZ;149
BANAKIEWICZ;149
BARTEK;149
BARWIKOWSKA;149
BAUR;149
BEHR;149
BŁAŻOWSKA;149
BORUCZKOWSKA;149
BRUTKOWSKA;149
CISIŃSKA;149
CZUŁOWSKA;149
DECKER;149
DRECZKA;149
DVORETSKA;149
FABERSKA;149
FURSA;149
GOŁYSKA;149
GRYKAŁOWSKA;149
GUGNACKA;149
HAP;149
JANTA-LIPIŃSKA;149
JAROMA;149
JUŁKOWSKA;149
KARNA;149
KĘBŁOWSKA;149
KHMELNYTSKA;149
KICIA;149
KOJTYCH;149
KOKHANEVYCH;149
KOLIESNIKOVA;149
KOZIEŃSKA;149
KUKLICZ;149
KUMIŃSKA;149
KUROPATNICKA;149
KUSZEK;149
KUŚTA;149
LASZEWSKA;149
LICZNER;149
LUKASHOVA;149
ŁAPUSZEK;149
ŁYTKOWSKA;149
MAJCHERKIEWICZ;149
MAJDZIAK;149
MELZER;149
MENDELOWSKA;149
MIENTKA;149
MINENKO;149
MRONCZ;149
NAPIERKOWSKA;149
NAPIONTEK;149
NECHAIEVA;149
NIEMCZYNOWICZ;149
OGŁODZIŃSKA;149
OPATOWSKA;149
PACWA;149
PAKUSZEWSKA;149
PIEŃCZUK;149
POPKIEWICZ;149
POTRZUSKA;149
PROŃ;149
PUKALSKA;149
RADYK;149
RATOMSKA;149
REGNER;149
ROSZEWSKA;149
RYŻKO;149
SCHRAMM;149
SEMERENKO;149
SEMKŁO;149
SENCHUK;149
SIEDLIKOWSKA;149
SIEGEL;149
SIEMIENIEWSKA;149
SŁOCZYŃSKA;149
SOBOLEVSKA;149
SOBOTKO;149
SOPOLIŃSKA;149
STRUTYNSKA;149
SUKHORUKOVA;149
SUROWSKA;149
SURTEL;149
SZAFRANOWSKA;149
ŚMIGLA;149
TERESZKO;149
TRITT;149
URBAŃCZAK;149
WEIHS;149
WĘDROWSKA;149
WIELOWIEJSKA;149
WISŁAWSKA;149
WOJCIAK;149
ZABIEGAŁOWSKA;149
ZAMARLIK;149
ŻYCH;149
ŻYMAŃCZYK;149
ADAŚKO;149
ANYŻ;149
ARAŚNIEWICZ;149
ARCHUTOWSKI;149
B K;149
BECZAK;149
BEDKA;149
BEZA;149
BIESIADZIŃSKI;149
BIRLET;149
BOHONOS;149
BORTNICZUK;149
BROMBLIK;149
BYLINOWSKI;149
CESARCZYK;149
CUBAŁA;149
DOWNAR-ZAPOLSKI;149
DROŻNIAK;149
DYGULSKI;149
DYRLA;149
DZIUBCZYŃSKI;149
DZIUŁKA;149
DŹWIERZYŃSKI;149
EGIERT;149
FATLA;149
FEDIRKO;149
FIKIER;149
FLASZ;149
FLEJTERSKI;149
FRYZEŁ;149
GIDELSKI;149
GIERASIMCZUK;149
GOŁECKI;149
GRABIANOWSKI;149
GRZECHOWSKI;149
GULSKI;149
HERTMANOWSKI;149
JURGAŁA;149
KAMELSKI;149
KAPCZUK;149
KARABELA;149
KAZUSEK;149
KIEŁBICKI;149
KINDLER;149
KISELOV;149
KOCZYWĄS;149
KOKOLUS;149
KOŁTUNIK;149
KOSTERSKI;149
KSIĘŻNIK;149
KULAWCZUK;149
KULOK;149
KUMIŃSKI;149
LAMENTOWICZ;149
LATOSEK;149
LELAS;149
LENTAS;149
LUTKA;149
ŁACHOWSKI;149
ŁOIN;149
ŁOMOZIK;149
MADEŁA;149
MADZIĄG;149
MASŁOCHA;149
MOŁODECKI;149
MONTEWKA;149
MORAS;149
MULCZYŃSKI;149
NICOŚ;149
OGŁOZIŃSKI;149
OLESKI;149
ONISZKO;149
PASZCZA;149
PATUCHA;149
PIEPRZKA;149
PIĘTEK;149
PIOTRKIEWICZ;149
PLASZCZAK;149
POMYKALSKI;149
PURSKI;149
PYLA;149
ROBÓTKA;149
ROŻNAWSKI;149
RYDZOŃ;149
RZEŚNY;149
SAWONIUK;149
SHABANOV;149
SOJECKI;149
SPUSTEK;149
SUROWSKI;149
SZKLORZ;149
SZLENK;149
SZPEK;149
SZUNIEWICZ;149
SZURGOCIŃSKI;149
SZYWACZ;149
ŚCIUBA;149
ŚMICH;149
TACZANOWSKI;149
TERKIEWICZ;149
ULKOWSKI;149
VARDANYAN;149
WIECZÓR;149
WRĘGA;149
WYPIORCZYK;149
ZAJDER;149
ZIELASKIEWICZ;149
ZŁOTOROWICZ;149
ANISIMOWICZ;148
AULICH;148
BAJURSKA;148
BEMOWSKA;148
BILIAK;148
BOREIKO;148
BREJNAKOWSKA;148
BUDZICKA;148
CHARAZIŃSKA;148
CHOJAN;148
CHRAMIEC;148
CIENKA;148
CIŻMOWSKA;148
CZUBAKOWSKA;148
CZYRWIK;148
DAJERLING;148
DENKO;148
DRAWSKA;148
FEMIAK;148
FIAŁKIEWICZ;148
FIEMA;148
FILIPKIEWICZ;148
FUHL;148
GIERMASIŃSKA;148
GIESE;148
GOŁECKA;148
GORZOŁKA;148
HEJNO;148
HELON;148
HERTMANOWSKA;148
JASZCZUROWSKA;148
JURKO;148
KAŁAMAJSKA;148
KAŁWIŃSKA;148
KAPUTA;148
KIRIEIEVA;148
KNEFEL;148
KOBLAŃSKA;148
KOCHOWICZ;148
KOLODYCH;148
KORCZYKOWSKA;148
KOZŁECKA;148
KUCZAWSKA;148
KUDINA;148
KUPROWSKA;148
LECHOCIŃSKA;148
LELO;148
LIGNAR;148
LUŻYŃSKA;148
ŁABECKA;148
ŁABOWSKA;148
MALUDZIŃSKA;148
MAŁOPOLSKA;148
MANDERLA;148
MARKOVYCH;148
MARTELA;148
METRYCKA;148
NABAKOWSKA;148
NAJUCH;148
NIEDBAŁKA;148
NIERUCHALSKA;148
OKRUCIŃSKA;148
OLESKA;148
OLIWIAK;148
OSZCZEPALSKA;148
OŻAŃSKA;148
PANFILOVA;148
PAPIERZYŃSKA;148
PIĄTCZAK;148
PIESZKA;148
PODOLIAK;148
POŁEDNIK;148
PUCZKA;148
RECH;148
ROZNERSKA;148
RZYCHOŃ;148
SHCHUKINA;148
SIEROCIUK;148
SMĘTKOWSKA;148
SNIZHKO;148
SPALONA;148
SUCHORZEWSKA;148
SVYRYD;148
SZACHEWICZ;148
SZCZEŚNIK;148
SZKLANNA;148
SZTANGRET;148
SZWEDOWICZ;148
TELER;148
TOKARENKO;148
TORA;148
TORBIŃSKA;148
TULISZKA;148
VINICHENKO;148
VOLOVYK;148
WALEC;148
WRANIK;148
WYLON;148
ZASOŃSKA;148
ZAWADZAK;148
ZEGAROWSKA;148
ZGÓRZAK;148
ABLEWSKI;148
ANTON;148
AUGUSTYNIK;148
BAUMERT;148
BINIEWICZ;148
BRZDĄK;148
BURNAGIEL;148
BYĆ;148
CEKLARZ;148
CHYZHYK;148
CICHOSTĘPSKI;148
CIEĆKIEWICZ;148
CIPKOWSKI;148
CIWONIUK;148
DELEGA;148
DENKA;148
DERNOGA;148
DUDOJĆ;148
DYGUDAJ;148
DZIANKOWSKI;148
FERTYKOWSKI;148
FURMANOWSKI;148
GAWRYLCZYK;148
GOLATOWSKI;148
GOŁYSZNY;148
GRIEGER;148
GRYKAŁOWSKI;148
GRYT;148
HENDRYCH;148
HODOR;148
HYCNAR;148
HYPIAK;148
JANDZIŃSKI;148
JEKIEL;148
KACZALSKI;148
KĘSZCZYK;148
KNOBEL;148
KOBIŃSKI;148
KOCIELNIK;148
KOCIELSKI;148
KORZHEVYCH;148
KOSTANOWICZ;148
KRAUCHUK;148
KRÓLASIK;148
KRYNYTSKYI;148
KUBASZCZYK;148
KWAPNIEWSKI;148
LISTEK;148
ŁĘŻNY;148
ŁOPUSIEWICZ;148
ŁYTKOWSKI;148
MALAROWSKI;148
MALCER;148
MAŁASZUK;148
METRYCKI;148
MĘCZYKOWSKI;148
MĘDRYGAŁ;148
MIKETA;148
MONDEL;148
NAPLOCHA;148
OBODZIŃSKI;148
ORPIK;148
PAKUSZEWSKI;148
PALEWSKI;148
PAZDA;148
PAŻUCHA;148
PISTOR;148
POCZĘTY;148
POHORECKI;148
PROFUS;148
PRZYGÓDZKI;148
REWERA;148
ROGOZINSKI;148
ROTARU;148
SACHS;148
SICIAREK;148
SKÓRCZEWSKI;148
SŁYŚ;148
SMAKULSKI;148
STALUSZKA;148
STERKOWICZ;148
SZAFIROWICZ;148
SZAJTER;148
SZCZUCIŃSKI;148
SZMOŁDA;148
SZUKIEL;148
SZYMCZYŃSKI;148
ŚWIETLIŃSKI;148
ŚWIĘCZKOWSKI;148
TUJAKA;148
TUTA;148
TYLIBA;148
URANTÓWKA;148
WALERZAK;148
WALĘDZIK;148
WASZKIEL;148
WEŁNOWSKI;148
WINOWIECKI;148
WYSK;148
YAKUBOV;148
ANTIPOVA;147
BAJKIEWICZ;147
BARCHUK;147
BOBRO;147
BROŻA;147
BUCZKOWICZ;147
BURNA;147
BYCZUK;147
BZINKOWSKA;147
CIECIOROWSKA;147
CIERNIA;147
CIURASZKIEWICZ;147
CURLEJ;147
CZARNOGÓRSKA;147
DELONG;147
DORSZYŃSKA;147
DREŚCIK;147
DRYNIAK;147
DRZEWICZ;147
DUKOWICZ;147
DYSZLEWSKA;147
FONTOSH;147
GAŁAŚ;147
GARLIKOWSKA;147
GĘBORSKA;147
GRABARCZUK;147
GRABIANOWSKA;147
GRECZKOWSKA;147
GROBELNIAK;147
GRUCZA;147
GRZONDZIEL;147
HAIVORONSKA;147
HERBICH;147
HRABAR;147
HUGHES;147
HYLLA;147
IGNAS;147
JAJCZYK;147
KAŁDUŃSKA;147
KATRYNIOK;147
KAVUN;147
KIEJNICH;147
KLYMOVYCH;147
KŁUCIŃSKA;147
KOLK;147
KRUPPA;147
KRYVKO;147
KUZIAN;147
LUDWICHOWSKA;147
ŁĄCZNIAK;147
ŁOPATYŃSKA;147
ŁYCZEWSKA;147
MACIUCH;147
MACZYSZYN;147
MAKOWIAK;147
MANDZIEJ;147
NATOŃSKA;147
NIZIURSKA;147
ODROBNA;147
PASTERNOK;147
PIWKA;147
POCHOWSKA;147
RADZIWANOWSKA;147
REWOLIŃSKA;147
ROPEK;147
RYBOTYCKA;147
SACHUK;147
SERWECIŃSKA;147
SIDLETSKA;147
SMUSZKIEWICZ;147
STRUCK;147
SULEIMANOVA;147
SUPERNAT;147
SUSLOVA;147
SWENDROWSKA;147
SWOBODZIŃSKA;147
SZPIKOWSKA;147
SZPULECKA;147
SZYBILSKA;147
ŚLADKOWSKA;147
ŚWIĘSZKOWSKA;147
TANASIEWICZ;147
TŁUCHOWSKA;147
TURKOSZ;147
UHEREK;147
WESÓŁ;147
WIĘSIK;147
ZASŁAWSKA;147
ZIĄBSKA;147
ZYGADLEWICZ;147
ŻYTKOWICZ;147
AMBRYSZEWSKI;147
ANCZARSKI;147
ANYSZKA;147
BAJUR;147
BASSARA;147
BEBEK;147
BEŁCIK;147
BEŁCZĄCKI;147
BIELERZEWSKI;147
BIERĆ;147
BRANCEWICZ;147
BREJNAKOWSKI;147
BUNDZ;147
CHECHŁA;147
CHOROSZUCHA;147
CHYŻEWSKI;147
CICHALEWSKI;147
CIKACZ;147
CIOTA;147
DANIŁKO;147
DUCZMAŃSKI;147
DYSZLEWSKI;147
ERNESTOWICZ;147
FEDORKO;147
FIEĆKO;147
FLEJSZER;147
GALUŚ;147
GANCARSKI;147
GASZCZYŃSKI;147
GAWINKOWSKI;147
GŁĄBAŁA;147
GOŃKA;147
GORZKO;147
GRYCHOWSKI;147
GRZESZAK;147
GUŁAJ;147
HAŁADUDA;147
HAMULSKI;147
HOP;147
HURNY;147
JACHNICKI;147
JEDLECKI;147
KAMOŃ;147
KARCHUT;147
KIWACKI;147
KRZYZIŃSKI;147
KRZYŻKOWSKI;147
KUDLICKI;147
KULASIEWICZ;147
KULBA;147
LEŚNIARA;147
LUBIEWSKI;147
MARYNIUK;147
PABISZCZAK;147
PIERZYNKA;147
PUPEL;147
PYŁA;147
RABICZKO;147
RABINIAK;147
REPLIN;147
RIEMER;147
ROMPCZYK;147
RUM;147
RYJAK;147
RYNARZEWSKI;147
RZYCKI;147
SALAMANDRA;147
SIERDZIŃSKI;147
SMERECKI;147
SMĘTKOWSKI;147
SMÓŁKO;147
STAWIREJ;147
STAWORKO;147
STELMASZYŃSKI;147
STOCHNIAŁEK;147
STORCZYK;147
SYLWESTROWICZ;147
SZCZAKOWSKI;147
SZCZYTKO;147
SZUBARCZYK;147
SZURYGA;147
SZYMOŃCZYK;147
ŚWISTUN;147
TADEJ;147
TOBÓR;147
TYMAN;147
WĄTRÓBSKI;147
WIEDER;147
WYGONOWSKI;147
ZARCZUK;147
ZIMEK;147
ŻARNA;147
ARMANOWSKA;146
AUGUŚCIŃSKA;146
BAJCER;146
BALCERKIEWICZ;146
BIZAN;146
BLASZCZYK;146
BORGUL;146
BOVKUN;146
BRÓG;146
CHROMCZAK;146
CHRULSKA;146
CHUBENKO;146
CZUCHRAJ;146
DEINEKO;146
DONTSOVA;146
DWOJEWSKA;146
DYRAGA;146
DZIĄBA;146
DZIEWIRZ;146
DZILIŃSKA;146
FURSOVA;146
GANDZIAROWSKA;146
GĄTARZ;146
GÓRNIACZYK;146
GREGER;146
GRUCHLIK;146
GUDANIEC;146
HAŚKIEWICZ;146
HERUD;146
HLADYSH;146
HORETSKA;146
HUDZIŃSKA;146
HUTSOL;146
IWANISZYN;146
JĘDRUŚ;146
JUKOWSKA;146
KACHELSKA;146
KADELSKA;146
KATRYCH;146
KHRUSHCH;146
KORC;146
KORNIEVA;146
KOZYRIEVA;146
KSOL;146
KUCKA;146
KUCZMIERCZYK;146
KULIKOVSKA;146
LENTOWICZ;146
LIŃSKA;146
LYRA;146
ŁEBSKA;146
MACHNO;146
MAGOSZ;146
MASZCZYŃSKA;146
MAZURKEVYCH;146
MEDYNSKA;146
MIKOŁAJCZEWSKA;146
MITULSKA;146
MOTYCKA;146
MYNAREK;146
NALIK;146
NOGLIK;146
NOSALIK;146
OKLESIŃSKA;146
OSTAFIICHUK;146
OSYDA;146
OWOCKA;146
PALEWSKA;146
PERSSON;146
POCZĘSNA;146
PODLAWSKA;146
RUBIŃSKA;146
SĘPEK;146
STEFEK;146
STELLMACH;146
STRUŻYK;146
SULTANOVA;146
SZCZYCIŃSKA;146
SZKOŁUDA;146
SZUBSTARSKA;146
SZULAKIEWICZ;146
SZYMUSIK;146
ŚWIĘTCZAK;146
ŚWISŁOWSKA;146
TROTSIUK;146
TRUSKOWSKA;146
UBOWSKA;146
URACZ;146
VALKO;146
WASICKA;146
WĘGORZEWSKA;146
WIERTLEWSKA;146
WULKIEWICZ;146
YANISHEVSKA;146
ZDAŃKOWSKA;146
ZELLER;146
ŻURYŃSKA;146
ANDRYSZKIEWICZ;146
BAŁUCKI;146
BANASZUK;146
BEBŁOT;146
BERECKI;146
BLUMKOWSKI;146
BOGDALSKI;146
BRZĘCZKOWSKI;146
BURDYN;146
CELAK;146
CIELICZKA;146
CIEMPIEL;146
CIMOSZKO;146
COFALIK;146
CWENAR;146
CZECHOROWSKI;146
CZEKAN;146
CZEREP;146
CZYCZ;146
DARECKI;146
DERCZ;146
DREWIENKOWSKI;146
DYKSA;146
FADIEIEV;146
GADZICKI;146
GANDZIAROWSKI;146
GOLJANEK;146
GRUDNY;146
GUMINIAK;146
HOMENDA;146
HWANG;146
JABKOWSKI;146
JUŁKOWSKI;146
KAPELKO;146
KASIUK;146
KASZKIEL;146
KIZIOR;146
KLIMOSZ;146
KLIMPEL;146
KOBYLECKI;146
KORNASIEWICZ;146
KOSTRUBAŁA;146
KOWALICZEK;146
KRYSZTOPA;146
LAMPRECHT;146
LEŃCZYK;146
LISHCHYNSKYI;146
LORYŚ;146
ŁAWIK;146
ŁOSOWSKI;146
MACHOLLA;146
MALENDOWICZ;146
MAREL;146
MARSZALEC;146
MĄDRALA;146
MEDYNSKYI;146
MĘCZKOWSKI;146
MINOTA;146
MŁYNKOWIAK;146
MONASTYRSKYI;146
MORDZIŃSKI;146
MOŻUCH;146
MRZYGŁOCKI;146
NAWOTCZYŃSKI;146
NIEWIEM;146
OKLESIŃSKI;146
OKUŃSKI;146
OSZMIAN;146
ÖZDEM?R;146
PALECZEK;146
PAPIERNIAK;146
PARANIAK;146
PASULA;146
PIDLISNYI;146
PIĘT;146
PILIPIEC;146
POLKA;146
PONIEWIERA;146
PRZEPERSKI;146
PUKALSKI;146
RAHIMOV;146
RASZKE;146
ROCZKOWSKI;146
RUTH;146
RYBARKIEWICZ;146
RZEŹNIKOWSKI;146
SAMLUK;146
SANDU;146
SERHEIEV;146
SITOWSKI;146
SKRZEKUT;146
SKRZYPNIAK;146
SMAŚ;146
SMORĄGIEWICZ;146
SOBIEWSKI;146
SPIECHOWICZ;146
SRAGA;146
STALSKI;146
STANUSZEK;146
STASIEŁUK;146
STĘŻAŁY;146
SZCZYGŁO;146
SZKALSKI;146
SZPULECKI;146
SZWABOWSKI;146
TRUSKOLAWSKI;146
ULITA;146
URBANKOWSKI;146
WĄTKOWSKI;146
WITYCH;146
ZBOREK;146
ZIEMAN;146
ZIERNICKI;146
ŻOKOWSKI;146
AFONINA;145
AMBROSZKIEWICZ;145
ARTYCH;145
BONDAREVA;145
BROZDOWSKA;145
BRZĘCZKOWSKA;145
BUĆKOWSKA;145
BUDNIEWSKA;145
COVACI;145
CZWARNÓG;145
DAŃKOWSKA;145
DORACZYŃSKA;145
DUBCHAK;145
DURECKA;145
DYKIERT;145
DZIANKOWSKA;145
FIODOROWICZ;145
FRANIEWSKA;145
GAWORCZYK;145
GŁADOSZ;145
GRĘBOWSKA;145
GRUPIŃSKA;145
HAJNRYCH;145
HERICH;145
JAGUŚCIK;145
JAŁOWSKA;145
JAZUREK;145
JURECZEK;145
KALEJTA;145
KAMYCKA;145
KROPACZEWSKA;145
KRUT;145
KULEWSKA;145
LEOPOLD;145
LEVINA;145
LIPIGÓRSKA;145
ŁACZKOWSKA;145
ŁODKOWSKA;145
ŁYSKAWIŃSKA;145
MAZEWSKA;145
MIŁOBĘDZKA;145
MITKIEWICZ;145
MŁODNICKA;145
MROŻKIEWICZ;145
MYKHAILIV;145
NAGODA;145
NASUTA;145
NOSKE;145
NUSZCZYŃSKA;145
OLENIUK;145
OLESHKO;145
OLKHOVSKA;145
PECOLD;145
PIETRASIŃSKA;145
PIWOŃ;145
POHORECKA;145
POKORNIECKA;145
PRZYGÓDZKA;145
RADOCH;145
ROPIŃSKA;145
RÓŻOWSKA;145
RUDNER;145
RYBKIEWICZ;145
RYSIEWSKA;145
SAMOJEDNA;145
SAMOLIUK;145
SANIUK;145
SENFTLEBEN;145
SERDIUCHENKO;145
SIGDA;145
SITOWSKA;145
SOLDATOVA;145
STEFFEN;145
STOJOWSKA;145
STRUCIŃSKA;145
STYCHNO;145
SZCZUDLIŃSKA;145
SZLEMBARSKA;145
ŚWITACZ;145
TEREBIŃSKA;145
TERTYCHNA;145
TOKAREWICZ;145
TOLMACHOVA;145
TYBUSZEWSKA;145
TYM;145
TYSIAK;145
WARZYCKA;145
WĄTKOWSKA;145
WIDZYK;145
WYROSTKIEWICZ;145
ZBOROVSKA;145
ZGÓRECKA;145
ZIERNICKA;145
ZIN;145
ZYGARSKA;145
BABIARSKI;145
BALITSKYI;145
BAŁATA;145
BĄBELEK;145
BELT;145
BERNATSKYI;145
BIENIEWSKI;145
BIGOTT;145
BISKO;145
BŁACHNO;145
BORDEWICZ;145
BRYNKUS;145
BUCHELT;145
BURDEINYI;145
BZDZION;145
CAN;145
CHAMIOŁO;145
CHERVINSKYI;145
CHIROWSKI;145
CIELEBAN;145
CIOŁKIEWICZ;145
CZACHÓR;145
CZUMAJ;145
DAWCZYK;145
DONIECKI;145
DRUZD;145
DUSZEK;145
FUDALEWSKI;145
GARCARZ;145
GAUTAM;145
GOGÓL;145
GOLICZ;145
GRĄDECKI;145
GRECZKOWSKI;145
GRODNICKI;145
GWIT;145
HEJNIAK;145
HERMANIUK;145
HOJEŃSKI;145
HORDIEIEV;145
JEDWABNY;145
JĘDRCZAK;145
KECZMERSKI;145
KIERSZKA;145
KIKLICA;145
KIKOLSKI;145
KLETA;145
KODŹ;145
KOREN;145
KORLAK;145
KROM;145
KROSNOWSKI;145
KUJACZYŃSKI;145
KUMKOWSKI;145
KUPILAS;145
KUPROWSKI;145
LAUKS;145
LIKOS;145
ŁABOWSKI;145
ŁAZIUK;145
ŁEPIK;145
MADERAK;145
MARTIROSYAN;145
MENDOŃ;145
MICHALCZYSZYN;145
MIĘTKIEWSKI;145
NIBURSKI;145
ODZIOBA;145
OSOSIŃSKI;145
PANIN;145
PANOCHA;145
PARDAŁA;145
PISKUNOWICZ;145
PITRA;145
PLĘS;145
POCZĄTKO;145
POMICHOWSKI;145
PRZEŚLICA;145
RACZYCKI;145
REDES;145
REGINIA;145
RULIŃSKI;145
SANIN;145
SANOK;145
SIMONOV;145
SKARBOWSKI;145
SŁAPCZYŃSKI;145
SMAGOŃ;145
SZWALA;145
ŚLUGAJ;145
ŚNIADEK;145
ŚNIOSZEK;145
TELAK;145
TIMOSZUK;145
TOLMACHOV;145
TULIKOWSKI;145
TYZO;145
UL;145
WASIKOWSKI;145
WILAS;145
WINDORPSKI;145
WISŁAWSKI;145
WOJDECKI;145
ZACHARJASZ;145
ZARUCKI;145
ŻANDARSKI;145
ŻOŁĘDZIOWSKI;145
ALWIN;144
BARTNIKIEWICZ;144
BELKIEWICZ;144
BISZEWSKA;144
BISZTYGA;144
BORODZIEJ;144
BROT;144
BYSTRZYŃSKA;144
CYBIŃSKA;144
CZYŻEWICZ;144
DAKOWSKA;144
DARECKA;144
DORDA;144
DORN;144
DUDAS;144
DUDZICKA;144
DUKARSKA;144
DURCZEWSKA;144
FERTYKOWSKA;144
FRASUNEK;144
FRESEL;144
FRYCZKOWSKA;144
FUDALEWSKA;144
GĄSIENIEC;144
GIMIŃSKA;144
GOEBEL;144
GRUDNIAK;144
HACZYKOWSKA;144
HRAB;144
HUTSALIUK;144
IHNATIUK;144
IVASHKO;144
IWKO;144
JAGIEŁŁA;144
JEZIERNA;144
JONATOWSKA;144
KAJCA;144
KALUHINA;144
KAŃCZUGA;144
KAPELSKA;144
KASIANCHUK;144
KIEWEL;144
KLAWON;144
KOCHUBEI;144
KORDYLA;144
KOTOVYCH;144
KRAJNIEWSKA;144
KRUCKA;144
KVASHA;144
LACHAWIEC;144
LUZAROWSKA;144
ŁACHMAŃSKA;144
ŁOWCZAK;144
MACHCZYŃSKA;144
MALIUTA;144
MANTHEY;144
MATYSKA;144
MEHRING;144
MICHAŁCZAK;144
MIRASZEWSKA;144
MURZAŃSKA;144
ODOR;144
OPULSKA;144
OVSIIENKO;144
PALICZKA;144
PAWULSKA;144
PENC;144
POKROPSKA;144
POLAN;144
POŻARYCKA;144
PROCHOWICZ;144
PRONIEWSKA;144
PRZYMĘCKA;144
PRZYSTAWSKA;144
RAKOCIŃSKA;144
REIMAN;144
ROZICKA;144
ROŻDŻYŃSKA;144
SAMARSKA;144
SASKOWSKA;144
SIERDZIŃSKA;144
SKIPIRZEPA;144
SKOCZKOWSKA;144
SMOL;144
SMUKOWSKA;144
SPŁAWIŃSKA;144
SPYCH;144
STOSIEK;144
STYLSKA;144
SYNYTSKA;144
SYZONENKO;144
SZPERA;144
SZPOND;144
SZYMCZAKOWSKA;144
SZYRWIŃSKA;144
TATYS;144
TISZBIEREK;144
TREPANOWSKA;144
TYRANOWSKA;144
UŻAROWSKA;144
VOLOBUIEVA;144
WILNER;144
YELISIEIEVA;144
ZARICHNA;144
ADASZKIEWICZ;144
BALASHOV;144
BALEJA;144
BROWAREK;144
BRYŁKOWSKI;144
BRZECZKOWSKI;144
BUŁAK;144
BURNUS;144
BYCZKIEWICZ;144
BZOMA;144
CHWIŁKA;144
CZAPKO;144
CZARNOTTA;144
CZEREPANIAK;144
CZORNIEJ;144
ĆWIR;144
DZIURMAN;144
EDEL;144
FARBOTKO;144
FIRAZA;144
GALOR;144
GĄCIK;144
GODOŃ;144
GRYCZKO;144
HERCUŃ;144
HO;144
HRYNYSHYN;144
HUMSKI;144
JAGODZIK;144
JAJEŚNIAK;144
JANTA-LIPIŃSKI;144
JARONIEC;144
JAWORNICKI;144
JENDRYSIAK;144
JUNCEWICZ;144
KASUMOV;144
KONFEDERAK;144
KOPCIOWSKI;144
KOPRIANIUK;144
KORCZYKOWSKI;144
KOSYTORZ;144
KUBCZYK;144
KWELLA;144
LĄD;144
LITWINIAK;144
LIZUN;144
MACIEJNY;144
MAMALA;144
MELNYKOVYCH;144
MOTŁAWSKI;144
NABAKOWSKI;144
NOŻYKOWSKI;144
OLECHOWICZ;144
PACZEWSKI;144
PALIŚ;144
PAWLUSIAK;144
PĘZA;144
PIECEWICZ;144
PIETRASIŃSKI;144
PILSKI;144
PIPIA;144
POŁAJDOWICZ;144
POPRAWKA;144
POSTÓJ;144
PSIK;144
PTASIK;144
PYCEK;144
RAKIEĆ;144
RDZAK;144
ROPIŃSKI;144
ROSZUK;144
SACHAREWICZ;144
SAPIELAK;144
SEWERYNEK;144
SILKOWSKI;144
SMUL;144
SOJAK;144
SROŚLAK;144
STROCZYŃSKI;144
SURDZIEL;144
SWOBODZIŃSKI;144
SZAMOTULSKI;144
SZANIEC;144
SZTENDEL;144
ŚLUZEK;144
TŁUCHOWSKI;144
TOKARIEV;144
TRĘDOWSKI;144
TURKOWIAK;144
WARACHOWSKI;144
WELK;144
WIDER;144
WIERZGAŁA;144
WINDYS;144
WIROWSKI;144
WITYK;144
WYRAZIK;144
ZAŁOMSKI;144
ZAMECKI;144
ZARDZEWIAŁY;144
ZAWISKI;144
ŻAŁOBA;144
ŻYWANOWSKI;144
ŻYŹNIEWSKI;144
ANDRYCHOWICZ;143
ANDRYSZEK;143
BANOWSKA;143
BARTMAŃSKA;143
BAZYLIŃSKA;143
BEDLIŃSKA;143
BERGEL;143
BEZULSKA;143
BIEDAL;143
BIESIADZIŃSKA;143
BLUMKOWSKA;143
BOSENKO;143
BROWARNA;143
BRZECZKOWSKA;143
BUSZYŃSKA;143
CECELSKA;143
CEJKO;143
CHOMSKA;143
CZESZEK;143
DURANOWSKA;143
GIBIEC;143
GRIM;143
GROBLICKA;143
GROTNIK;143
GUDALEWSKA;143
HOFMAŃSKA;143
IBRAGIMOVA;143
JACOŃ;143
JASONEK;143
KAUFMANN;143
KĄCIK;143
KISILEWICZ;143
KLAJDA;143
KLUGIEWICZ;143
KOBYLECKA;143
KOLOMIICHUK;143
KOŁKIEWICZ;143
KOPYSTYŃSKA;143
KOSIUK;143
KROPSKA;143
KROSNOWSKA;143
KUFTA;143
KULINOWSKA;143
KURDYŚ;143
LEONENKO;143
LISON;143
MAGNUCKA;143
MEŁGIEŚ;143
MINAIEVA;143
MOISIEIEVA;143
MORRIS;143
MUDYNA;143
MUSHYNSKA;143
MYŚLIWA;143
MYTLEWSKA;143
NARBUT;143
NIEŚCIEROWICZ;143
NURCZYŃSKA;143
OGŁOZIŃSKA;143
PETRASH;143
PILSZEK;143
PROSOWSKA;143
PUSHKAROVA;143
PYCHYŃSKA;143
RABCEWICZ;143
ROMPALSKA;143
SALWIŃSKA;143
SILKOWSKA;143
SMULCZYK;143
SPRADA;143
STĄCZEK;143
STELMASZYŃSKA;143
STOKWISZ;143
SZRAMEK;143
SZTRAMSKA;143
SZYWALSKA;143
TARNECKA;143
TYNDYK;143
WAWRZONKIEWICZ;143
WERBICKA;143
WERBLIŃSKA;143
WIERZYŃSKA;143
WILL;143
WISZYŃSKA;143
WOJDECKA;143
ZAHORULKO;143
ZGOLIŃSKA;143
ZYGMUNTOWSKA;143
ŻOŁĄDKOWSKA;143
AMBROSIEWICZ;143
BALIKOWSKI;143
BINCZYK;143
BISIŃSKI;143
BŁĄDZIŃSKI;143
BOYKE;143
BRUDEREK;143
BUDZIŁEK;143
BUDZYNOWSKI;143
CHRAPOWICKI;143
CIEMIECKI;143
CZYGIER;143
DUMBADZE;143
DYMALSKI;143
DZIENIA;143
FALEŃSKI;143
FARYJ;143
FESZTER;143
GERASIK;143
GERKA;143
GIGIEL;143
GLEMBIN;143
GŁAZIK;143
GODUN;143
GOSA;143
GROBLICKI;143
GRYNCEWICZ;143
GRYSIEWICZ;143
GRYZA;143
GUŹLIŃSKI;143
HAJNOS;143
HAŁADYJ;143
HANIEWICZ;143
HOPEK;143
JAGURA;143
JAKUSIK;143
JAMUŁA;143
KALISZAK;143
KALMYKOV;143
KALUTA;143
KAPALSKI;143
KARWALSKI;143
KATUS;143
KIEBLESZ;143
KISICKI;143
KOŁODA;143
KOMANDERA;143
KOMKOWSKI;143
KOTWASIŃSKI;143
KRAJKOWSKI;143
KROBSKI;143
KUBATY;143
KURLIT;143
KUZDRA;143
LACEK;143
LEGENZA;143
LESZCZEWICZ;143
MAJK;143
MAKARYK;143
MALANKOWSKI;143
MANOWIECKI;143
MASAJADA;143
MECNER;143
MICHAŁKOWSKI;143
MIOTŁA;143
MITA;143
MITULSKI;143
MOKRZANOWSKI;143
MURATOV;143
MYTLEWSKI;143
NAJDROWSKI;143
NIEWOLSKI;143
OHIIEVYCH;143
OLSZYK;143
OPRZĘDEK;143
PANTAK;143
PAPROT;143
PASYMOWSKI;143
PATUREJ;143
PERUŻYŃSKI;143
PIERA;143
PODLAWSKI;143
POGOŃSKI;143
PUZYREWSKI;143
PYZIŃSKI;143
RODIONOV;143
SAKHARCHUK;143
SAKTURA;143
SALECKI;143
SELIVANOV;143
SIEDLAREK;143
SIOŁEK;143
SKIERŚ;143
SOTNIKOV;143
STOJOWSKI;143
STRECKER;143
SUFLETA;143
SZALONY;143
ŚCIEŻKA;143
TAN;143
TRUBIŁOWICZ;143
UDOVENKO;143
VOLIANSKYI;143
WIELK;143
ŻYTKOWIAK;143
BAŁACHOWSKA;142
BĄSKA;142
BELCARZ;142
BEŁCZĄCKA;142
BIELICZ;142
BLUSIEWICZ;142
BOLONEK;142
BOZHOK;142
BRACICHOWICZ;142
BULEK;142
BURLAKOVA;142
CHMIELORZ;142
CHOCIANOWSKA;142
CHUDASZEK;142
DAMAS;142
DANYLKO;142
DASHKO;142
DITTMANN;142
DOŁASIŃSKA;142
DOMANIEWSKA;142
DOROSHCHUK;142
DRAHANCHUK;142
DREHER;142
DRZAŻDŻYŃSKA;142
DUTCZAK;142
DWORZYCKA;142
ERWIŃSKA;142
FLORECKA;142
GAWINKOWSKA;142
IVASHYNA;142
JAŁBRZYKOWSKA;142
JANDZIŃSKA;142
KADZIK;142
KAPŁONIAK;142
KIERKOWSKA;142
KIKA;142
KITKOWSKA;142
KLEEMANN;142
KOCIELSKA;142
KOLINKO;142
KOLLEK;142
KOMĘDERA;142
KORIN;142
KORPUSIK;142
KOTWIŃSKA;142
KRAJKOWSKA;142
KUCZMIŃSKA;142
KURYLIAK;142
LEMPKOWSKA;142
LEPSZA;142
LOTEK;142
LUDZIEJEWSKA;142
ŁANIA;142
ŁESZYK;142
MACHLAŃSKA;142
MACZAN;142
MALAROWSKA;142
MORUSIEWICZ;142
MURAWIECKA;142
MUZA;142
MUZAL;142
NALICHOWSKA;142
NASTACHOWSKA;142
NIESTATEK;142
PAVLICHENKO;142
PERYKASZA;142
POCHCIOŁ;142
RATUSHNIAK;142
RĄBALSKA;142
RUBTSOVA;142
RYBOŁOWICZ;142
RZECHUŁA;142
SALECKA;142
SERWIAK;142
SHARAPOVA;142
SHEMET;142
SIEMASZKIEWICZ;142
SIEMIENOWICZ;142
SMOLIAR;142
SOTKIEWICZ;142
SPRENGER;142
SZKLARZEWSKA;142
SZYPSZAK;142
ŚLIFIERZ;142
ŚLISKA;142
ŚLIWONIK;142
TERSA;142
TYMKOWSKA;142
VASILEVA;142
VDOVENKO;142
WARCHLEWSKA;142
WARSKA;142
WENDOŁOWSKA;142
WERSTAK;142
WOJTAKOWSKA;142
ZAMACHOWSKA;142
ZEMLIANA;142
ZGAJEWSKA;142
ZIENTALA;142
ZOLOTUKHINA;142
ZUBILEWICZ;142
ŻEMOJTEL;142
ANTOLEC;142
ARMANOWSKI;142
ASZKLAR;142
BAHDANOVICH;142
BARTCZUK;142
BARTUSZEK;142
BASISTY;142
BAZYLIŃSKI;142
BHATTARAI;142
BŁATOŃ;142
BOĆKO;142
BRUDZISZ;142
BRZUSTOWSKI;142
CEMBROWSKI;142
CHAMIK;142
CHOROSZ;142
CHWAŁOWSKI;142
CIAPCIŃSKI;142
CZERNISZEWSKI;142
DIAKÓW;142
DRAŁUS;142
DUFRAT;142
DULBA;142
DURCZEWSKI;142
DWOJEWSKI;142
DZIACHAN;142
DŹBIK;142
FORNAGIEL;142
FULARSKI;142
GBYL;142
GIBCZYŃSKI;142
GMYR;142
GOŚCIMIŃSKI;142
GRZEGORCZYN;142
HALIKOWSKI;142
HAMZA;142
HARUPA;142
HRYĆ;142
JACNIACKI;142
JASZOWSKI;142
JAŚKÓW;142
KAŃKA;142
KAPELAŃSKI;142
KINECKI;142
KLOKA;142
LETNIOWSKI;142
LISTKOWSKI;142
ŁOTOWSKI;142
MACINA;142
MALUS;142
MAŁCZYŃSKI;142
MAŁODZIŃSKI;142
MORUŚ;142
MURAWIECKI;142
NASTACHOWSKI;142
NIEMYSKI;142
OKRAJNI;142
PAJĄKOWSKI;142
PARDUS;142
PARSZYK;142
PATERCZYK;142
PEMPUŚ;142
PICHALSKI;142
PIEJEK;142
PIERLAK;142
POBIEDZIŃSKI;142
PODSIADŁOWSKI;142
PRZAŁA;142
PRZYPEK;142
PYSKATY;142
RADEL;142
ROKUSZEWSKI;142
RULSKI;142
SADOWNICZYK;142
SAUCHUK;142
SHUMSKYI;142
SIEDLARCZYK;142
SIPKO;142
SŁOMNICKI;142
SMACZYŃSKI;142
STĘŻOWSKI;142
STRUCZYŃSKI;142
STUBE;142
SWARYCZEWSKI;142
SYZDEK;142
SZARAWARA;142
SZAWARSKI;142
SZEPTUCH;142
SZEWCZUL;142
SZUFLIŃSKI;142
SZYLUK;142
ŚMIGRODZKI;142
ŚWIGOŃSKI;142
TRESKA;142
UDOD;142
USMANOV;142
WIECIECH;142
WISIECKI;142
WISZYŃSKI;142
WOJASIŃSKI;142
WYLĄG;142
WYMYSŁO;142
WYPCHAŁ;142
ZASOŃSKI;142
ZIUBIŃSKI;142
ŻARKIEWICZ;142
ŻELEŹNICKI;142
ŻERA;142
ANCZARSKA;141
BACHAN;141
BIBROWSKA;141
BICZKOWSKA;141
BLABUŚ;141
BŁĘDZKA;141
BONALSKA;141
BRAND;141
BUSKO;141
CELMEROWSKA;141
CHABRZYK;141
CHODURSKA;141
CICHALEWSKA;141
CICHOSTĘPSKA;141
CYMBORSKA;141
DANELCZYK;141
DUBACKA;141
DZIKOŃ;141
DZIWOŃ;141
FIEBICH;141
FIGOŁUSZKA;141
FILEC;141
FUJARSKA;141
FUZ;141
GADZICKA;141
GARDIASZ;141
GASZEK;141
GĘSIOR;141
GIERMAŃSKA;141
GLAMA;141
GODECKA;141
HABERLA;141
HADASIK;141
HADRYSIAK;141
HOJEŃSKA;141
HRYNIAK;141
JACNIACKA;141
JAWORNICKA;141
JĘDRUSZKO;141
KAMPCZYK;141
KARWALSKA;141
KIELJAN;141
KINACH;141
KŁUS;141
KOMPANOWSKA;141
KORIAT;141
KOSIŃ;141
KOTYL;141
KRĘCICKA;141
KROBSKA;141
KURTYS;141
KUSZNIER;141
LIGOWSKA;141
LIWERSKA;141
ŁYSONIEWSKA;141
MADZIŃSKA;141
MARUSA;141
MORACZYŃSKA;141
MOTŁAWSKA;141
MROCZKIEWICZ;141
MULCZYŃSKA;141
NABIELEC;141
NAIDA;141
NAWOTCZYŃSKA;141
NICER;141
NIEWADZISZ;141
OSOSIŃSKA;141
PFAJFER;141
PIECKOWSKA;141
PIĘKOSZ;141
PILAT;141
POREMSKA;141
POTAPOWICZ;141
PURSKA;141
PUSTKOWIAK;141
PYRIH;141
RULIŃSKA;141
SABADASH;141
SAJAN;141
SAMBOREK;141
SCHRŐDER;141
SOKOŁEK;141
SOWULEWSKA;141
SÓJKOWSKA;141
STASIŁOWICZ;141
STRAWCZYŃSKA;141
SUBOTOWICZ;141
SZKUDŁAPSKA;141
SZMITKA;141
SZRAMKOWSKA;141
SZUFLIŃSKA;141
ŚWIGOST;141
TEMCHENKO;141
TRUSZYŃSKA;141
WALCZUCH;141
WANTA;141
WARACHOWSKA;141
WEŁNOWSKA;141
WIROWSKA;141
WISNIEWSKA;141
WORKOWSKA;141
WOZNIAK;141
YATSYNA;141
ZABRODSKA;141
ZAIKINA;141
ŻYWCZYK;141
AGHAYEV;141
ANCZYKOWSKI;141
ARTYMIUK;141
ATANASOV;141
BADYŃSKI;141
BANASZYK;141
BERESTECKI;141
BIAŁOKOZOWICZ;141
BRZOSKWINIA;141
CEJBA;141
CHLEBIK;141
CIEMCIOCH;141
CŁAPIŃSKI;141
CYNOWSKI;141
CYTARZYŃSKI;141
DIDUSZKO;141
DO?AN;141
DRAGAŃSKI;141
DRZYŻDŻYK;141
DUBIL;141
DUKIELSKI;141
DUŹ;141
ERWIŃSKI;141
FABRYKIEWICZ;141
FOJUCIK;141
GAJEWCZYK;141
GAŁĘZKI;141
GĄGOLEWSKI;141
GISZCZYŃSKI;141
GLAJC;141
GLIN;141
GŁUSEK;141
GOLINOWSKI;141
HAJOST;141
IHNATOV;141
JAROWICZ;141
JĘCZALIK;141
JUŃSKI;141
KARAMAN;141
KLEPIN;141
KONDRUSIK;141
KOSTUREK;141
KRUPOWIES;141
KRZYWIK;141
KSIĄDZYNA;141
KULINOWSKI;141
LADACH;141
LEPUCKI;141
LIWERSKI;141
ŁANKIEWICZ;141
ŁASTOWIECKI;141
MAGNUCKI;141
MANTEUFEL;141
MATEUSZCZYK;141
MIDA;141
MIKOŁAJCZEWSKI;141
MINICKI;141
MLONKA;141
MODZELAN;141
MURGLIN;141
MUSIEJUK;141
NACZKE;141
NĘCKI;141
NIEWIEROWSKI;141
NIEWOLIK;141
OBCZYŃSKI;141
OBECNY;141
OBEL;141
OBLIŃSKI;141
OSTAPKIEWICZ;141
PACHURKA;141
PALENICA;141
PAŁKIEWICZ;141
PASISZ;141
PIEŚNIAK;141
PREDEL;141
RĘBOSZ;141
RUMAS;141
RZENNO;141
SELIN;141
SIKORZYŃSKI;141
SIODLACZEK;141
SKUPIEWSKI;141
SMETANIUK;141
SMÓL;141
SMUKOWSKI;141
SMULCZYŃSKI;141
SMUŻYŃSKI;141
STĘŻALSKI;141
SULGOSTOWSKI;141
SUSEŁ;141
SYRYCA;141
SZASZKIEWICZ;141
SZATKIEWICZ;141
SZNYCER;141
SZYMLET;141
ŚLEZIŃSKI;141
ŚNIECHOWSKI;141
TETLA;141
URSU;141
V?;141
WADOWIEC;141
WARDASZKO;141
WĄTEK;141
WDZIĘKOŃSKI;141
WRZOCHAL;141
ZABIEGŁY;141
ZAMIATOWSKI;141
ZAREMSKI;141
ZATON;141
ZYGMUNTOWSKI;141
ŻESŁAWSKI;141
ŻYRKOWSKI;141
ABRATAŃSKA;140
AUST;140
BĄTKOWSKA;140
BIEŃKA;140
BILENKA;140
BODZOŃ;140
BOŻĘTKA;140
BRZEZIAŃSKA;140
BUKIEWICZ;140
BURKOVSKA;140
CHIMKOWSKA;140
CISŁOWSKA;140
CUDA;140
DOBERSZTYN;140
DUMANOWSKA;140
DYBCZYŃSKA;140
DZIUBAŃSKA;140
FELISZEK;140
FERTACZ;140
FOSZCZYŃSKA;140
FRIEDEK;140
FUKOWSKA;140
GAICKA;140
GERBER;140
GOGŁOZA;140
GOŹDZIEJEWSKA;140
GROSSMANN;140
GRZĄBA;140
GRZEBSKA;140
GUMULIŃSKA;140
HAPONOVA;140
HERCHEL;140
HULANICKA;140
JANCZYŃSKA;140
JOSZ;140
KACZALSKA;140
KAZLOUSKAYA;140
KŁOBUT;140
KOSOVAN;140
KOZLENKO;140
KRAWCZYKIEWICZ;140
KURKIEREWICZ;140
KWAPNIEWSKA;140
LAWENDA;140
LICHTAŃSKA;140
ŁUKASZKA;140
ŁUKIANIUK;140
MACIANTOWICZ;140
MARCHLIŃSKA;140
MIC;140
MIESZANIEC;140
MIKHIEIEVA;140
MIKINKA;140
MODROWSKA;140
MURJAS;140
OPŁOTNA;140
OSTAPKOWICZ;140
OŚKIEWICZ;140
PELEC;140
PERGÓŁ;140
PICHLA;140
PIETZ;140
PINDYCH;140
PŁAŻEWSKA;140
PŁOCHARZ;140
PROCKA;140
PUHACHOVA;140
ROKUSZEWSKA;140
RUNIEWICZ;140
RZEMIEŃ;140
SAVITSKAYA;140
SIECZKAREK;140
SKOBODZIŃSKA;140
STRUCZYŃSKA;140
SYPYTKOWSKA;140
SZKIELA;140
SZPACZYŃSKA;140
SZPOTOWICZ;140
SZYFER;140
SZYGULSKA;140
SZYMONA;140
SZYRA;140
ŚMIATACZ;140
ŚMIGRODZKA;140
ŚWIGOŃSKA;140
TĄDEL;140
TIKHONOVA;140
TUŁA;140
TURA;140
ULICZNA;140
VITER;140
VOLOS;140
WALORCZYK;140
WALSH;140
WASILIK;140
WYPIOR;140
WYREMBAK;140
YEFYMENKO;140
YURKOVA;140
ZAJ;140
ZELENA;140
ZIMNOWODA;140
ŻABNICKA;140
ŻANDARSKA;140
ŻOCZEK;140
ŻWIRKO;140
ALEKSIEJCZYK;140
ANYSZ;140
AUGUŚCIŃSKI;140
BARTUZEL;140
BIAŁACHOWSKI;140
BIELAMOWICZ;140
BIERANOWSKI;140
BIERKA;140
BROCŁAWIK;140
BROŹ;140
BRYNCZKA;140
BULAT;140
BUTURLA;140
CARYK;140
CUPAŁ;140
CYRANIAK;140
CZARNOJAN;140
CZEMIEL;140
DAKOWSKI;140
DAWIDIUK;140
DOMOZYCH;140
DRANIKOWSKI;140
DZIEŻYC;140
DZIĘBOR;140
FEDONIUK;140
FILON;140
FRANIEWSKI;140
FROSIK;140
GALEWICZ;140
GĘSIKIEWICZ;140
GIERASIMOWICZ;140
GIERMASIŃSKI;140
GRZEJDAK;140
GURZĘDA;140
HAJDUCKI;140
HELICKI;140
HOFMAŃSKI;140
HOLK;140
HOROVYI;140
JANCZYŃSKI;140
KALWARA;140
KAŁMUCKI;140
KAPIŃSKI;140
KAPŁOŃSKI;140
KASEJA;140
KASZCZYŃSKI;140
KLATECKI;140
KONSTANCIUK;140
KORASIAK;140
KOSTANIAK;140
KRZYSICA;140
KSYBEK;140
KUCHYNSKI;140
KULĄGOWSKI;140
LINERT;140
ŁOCHYŃSKI;140
MAKAROW;140
MAKSALON;140
MASLOVSKYI;140
MIAZGOWSKI;140
MIKHAILAU;140
MIŁOCH;140
MISZK;140
MIZIELIŃSKI;140
MOSZUMAŃSKI;140
NUSZCZYŃSKI;140
OLIYNYK;140
PAROBCZY;140
PEŚLA;140
PĘKOWSKI;140
PITRUS;140
POBUDKIEWICZ;140
PORTALSKI;140
PRAŻANOWSKI;140
PRENTKI;140
PROSOWSKI;140
PRZYBYTKOWSKI;140
PYSSA;140
RAJTAK;140
ROLNICKI;140
RZYSKO;140
SIOCH;140
SIUTKOWSKI;140
SMOLEWSKI;140
SMÓŁKOWSKI;140
SOŁTYKIEWICZ;140
STAWUJAK;140
STEPCZYŃSKI;140
SZADO;140
SZARANEK;140
SZCZUDLIŃSKI;140
SZORNAK;140
SZREJTER;140
SZWEDZIK;140
SZYDEŁ;140
ŚLĘZOK;140
TROCHANOWSKI;140
TRUBA;140
TSIKLAURI;140
UTKIN;140
WACHELKA;140
WALENDZEWICZ;140
WDOWICKI;140
WICHERSKI;140
WIÓREK;140
WISOWSKI;140
WOSZCZYŁO;140
ZAKRAWACZ;140
ZALESZCZYK;140
ZAWIERACZ;140
ZGARDZIŃSKI;140
ZGLEJSZEWSKI;140
ANDRUCH;139
ANYSZEWSKA;139
BAJOWSKA;139
BISIŃSKA;139
BUBLEWICZ;139
BUDNYK;139
CHOSZCZYK;139
CHUCHERKO;139
CYRANKIEWICZ;139
CYRULEWSKA;139
CZELADKA;139
DRANKOWSKA;139
DUDRA;139
DYMAŃSKA;139
DZIEWECZYŃSKA;139
FELKEL;139
FIRSOVA;139
FRAJER;139
GANCARSKA;139
GASZCZYŃSKA;139
GILETA;139
GOŁEMBOWSKA;139
GRĘŹLIKOWSKA;139
GRODNICKA;139
GRZECHOWSKA;139
GRZESIEWICZ;139
HORBATENKO;139
JASZOWSKA;139
JEDWABNA;139
JEGLORZ;139
JUŃSKA;139
KASSNER;139
KAUC;139
KIESZ;139
KLICZKOWSKA;139
KOŚCIÓW;139
KOŚCISZ;139
KOŚLAK;139
KRUHLIAK;139
KRUPIAK;139
KULLA;139
LEGIĘĆ;139
LOTARSKA;139
ŁYGAN;139
MASTEK;139
MAŚLARZ;139
METZ;139
MICHURSKA;139
MIĘGOĆ;139
MURATOVA;139
NIEWIADOWSKA;139
NIKICIUK;139
NIKONOVA;139
OBORA;139
OGŁUSZKA;139
OMELANIUK;139
OŹMINKOWSKA;139
PACZOCHA;139
PASIERBIEWICZ;139
PEREGRYM;139
PODLIPSKA;139
PRZĄDA;139
PYSZNA;139
REDUCHA;139
RUBINKOWSKA;139
SĘKALA;139
SKATULSKA;139
SKURATOWICZ;139
SMOLCZEWSKA;139
SOTNIK;139
STAJUDA;139
STAWORZYŃSKA;139
STĘPNIEWICZ;139
SZAFARYN;139
SZCZURKOWSKA;139
SZMIGIERO;139
SZURGOCIŃSKA;139
SZWAN;139
ŚCISŁA;139
ŚWIERZBIN;139
ŚWIETLIŃSKA;139
VASILEUSKAYA;139
WATSON;139
WIENCONEK;139
WOJDANOWSKA;139
WOJTALAK;139
ZARUCKA;139
ZIOŁKOWSKA;139
ŻALIKOWSKA;139
ŻOŁNIERKIEWICZ;139
ŻUROWICZ;139
ANYSZEK;139
BOSSY;139
BURZYCKI;139
CELMEROWSKI;139
CHAPSKI;139
CHERNIKOV;139
CHLEWIŃSKI;139
CIECIAK;139
COJOCARU;139
CYBURA;139
CYFRA;139
CZĘCZEK;139
DRUCIAK;139
DUBIEŃSKI;139
DULCZEWSKI;139
DYNA;139
DZIERZKOWSKI;139
DZIURDZIAK;139
GIERKA;139
GILICKI;139
GŁOWATY;139
GOLLY;139
GRABUSIŃSKI;139
GRUDZIAK;139
GUŚPIEL;139
GUZEWSKI;139
HANCHAROU;139
HERBEĆ;139
HOROBA;139
IVANYK;139
JĘCZMIEŃ;139
JĘDRECKI;139
KNIGAWKA;139
KOJDA;139
KOLCZAK;139
KOŁA;139
KONOWAŁ;139
KORCYL;139
KOROLEWSKI;139
KOSIELSKI;139
KOSUDA;139
KUCZAWSKI;139
KUCZMIŃSKI;139
KURASZKIEWICZ;139
LARIONOV;139
LECKI;139
LEWOSIŃSKI;139
ŁAJCA;139
ŁAPKO;139
ŁAZEWSKI;139
ŁOWCZYŃSKI;139
MACHCZYŃSKI;139
MAGDZIORZ;139
MAGIELSKI;139
MAŁGORZACIAK;139
MERGALSKI;139
MICIUK;139
MUCHOWICZ;139
MUSZCZAK;139
NADWORSKI;139
NIEDBALEC;139
NISIO;139
NOZADZE;139
OBIEGŁY;139
OBUCH;139
OCHMANEK;139
OLEKSZYK;139
ONOPA;139
OSZCZEPALSKI;139
PAPIER;139
PIECHOCZEK;139
PIECZUL;139
PIENIO;139
PODSADNY;139
POKROP;139
PÓLKOWSKI;139
PROCIAK;139
RABIAŃSKI;139
RONDUDA;139
ROŻENEK;139
RÓŻOWICZ;139
RYCZYWOLSKI;139
SABALSKI;139
SAKSON;139
SIEDLIKOWSKI;139
SIM;139
SIPIORA;139
SIUDAJ;139
SKUPNIK;139
SOLORZ;139
SOPOLIŃSKI;139
SÓJKOWSKI;139
STRĄCZEWSKI;139
SYGIDUS;139
SZAFRANOWSKI;139
SZCZUKIECKI;139
TOBIAŃSKI;139
TRASKOWSKI;139
UFIR;139
VESELOVSKYI;139
VLADYKA;139
WALIŚ;139
WAWREJKO;139
WICENCIAK;139
WOJTAKOWSKI;139
WRONIKOWSKI;139
WUTKOWSKI;139
YAVUZ;139
ZAKRĘTA;139
ZAMIRSKI;139
ZASIEWSKI;139
ZBYSZEWSKI;139
ZGONDEK;139
ZYGNER;139
ŹRAŁKA;139
ANDRASZAK;138
ANDRUSYSHYN;138
ARTYM;138
BAŁUKA;138
BEDRUNKA;138
BERESTECKA;138
BLADZIAK;138
BORUSZAK;138
BREWCZAK;138
BRUDNA;138
CHRABAŃSKA;138
CIECHORSKA;138
CZERNISZEWSKA;138
CZMIELEWSKA;138
CZUMA;138
DAŃCZYSZYN;138
DOBRENKO;138
DULCZEWSKA;138
DULNIAK;138
DUMKA;138
FRANCISZKOWSKA;138
GAŁAŻYN;138
GARDZIEJEWSKA;138
GISZCZYŃSKA;138
GNIEWCZYŃSKA;138
GOLINOWSKA;138
GRZĄDZIELSKA;138
GRZESZYK;138
HAŁASIK;138
IMIŃSKA;138
IZOTOVA;138
JADŁOWSKA;138
JAJKIEWICZ;138
JAZŁOWIECKA;138
JĘCH;138
JĘDRASZYK;138
JUZAK;138
KAŁASZ;138
KAŁMUCKA;138
KASTNER;138
KAZIMIERAK;138
KLEWIN;138
KNACH;138
KOBRYŃSKA;138
KOSTIUKEVYCH;138
KOTIASH;138
KOZLIUK;138
KUCHMISTRZ;138
KUJACZYŃSKA;138
KUMKOWSKA;138
KUTNA;138
LAMOT;138
LAUK;138
LENGA;138
LIGUDZIŃSKA;138
ŁAPUĆ;138
ŁASISZ;138
ŁUKOSZEK;138
MARTULA;138
MILSKA;138
MISCH;138
MOWIŃSKA;138
MRZYGŁOCKA;138
MULYK;138
MUS;138
NEDASHKIVSKA;138
NIEWIDOK;138
NOŻYKOWSKA;138
OCHENDUSZKO;138
ORZIŃSKA;138
OSMĘDA;138
PADALKA;138
PADOWSKA;138
PASTERAK;138
PASYMOWSKA;138
PERCHEL;138
PRZYBOJEWSKA;138
PRZYBYTKOWSKA;138
RADZIWIŁŁ;138
RAPP;138
RASIEWICZ;138
ROGOZINSKA;138
ROSZCZYŃSKA;138
RUSINA;138
RUŚ;138
SALNIKOVA;138
SKUPIEWSKA;138
SKYDAN;138
SMĘDA;138
SMOLICZ;138
SMUŻYŃSKA;138
SPAS;138
STĘŻOWSKA;138
STROCZYŃSKA;138
STRZEMPEK;138
SYGIET;138
SZKLINIARZ;138
SZTAFIŃSKA;138
SZUMAL;138
SZYMERSKA;138
TATOJ;138
TROCHANOWSKA;138
TURCHENKO;138
URBACKA;138
URYĆ;138
VASIUK;138
VITAN;138
WAŁĘSKA;138
WICHERSKA;138
WINGERT;138
ZEMBOL;138
ZIEMIECKA;138
BAJURSKI;138
BANIOWSKI;138
BARBAREWICZ;138
BARTMAŃSKI;138
BEDUS;138
BEIER;138
BESSER;138
BIESOK;138
BREJDAK;138
BZIUKIEWICZ;138
CAREWICZ;138
CIARACH;138
CICHOWLAZ;138
CIENIEK;138
CISIŃSKI;138
CISZEWICZ;138
COJOCARI;138
CYZA;138
CZOPKO;138
DAŃSKI;138
DEPTAŁA;138
DOBERSTEIN;138
DOBRYNIEWSKI;138
DORACZYŃSKI;138
DREJKA;138
DRZAŻDŻYŃSKI;138
DZIATKOWSKI;138
FLEJTER;138
FLORCZYŃSKI;138
GACHEWICZ;138
GAJUR;138
GENEJA;138
GIERLASIŃSKI;138
GLIJER;138
GOCAL;138
GOŹDZIEJEWSKI;138
GRAMALA;138
GRANECKI;138
GRASELA;138
GRENDYSA;138
GRZĄDZIELSKI;138
GUZIEC;138
HADYŃSKI;138
HOJDYS;138
HOMZA;138
JANACZEK;138
JEONG;138
JĘDRASZKO;138
KATLEWSKI;138
KENDZIERSKI;138
KIAŁKA;138
KLAUSE;138
KORZAŃSKI;138
KOSYCARZ;138
KRZEPTOWSKI;138
KUDINOV;138
KUFLEWSKI;138
KUMOCH;138
KURYJ;138
KYSLYI;138
LEŻUCH;138
LOZOVSKYI;138
ŁAZAJ;138
ŁOŚKO;138
ŁYSZYK;138
MAJKUSIAK;138
MARIANKOWSKI;138
MENDELOWSKI;138
MENTEK;138
MIDAK;138
MIECHOWIECKI;138
MOKRZECKI;138
MUSZTYFAGA;138
NATOŃSKI;138
NIEKŁAŃ;138
NIEWIEJSKI;138
NIEŻURAWSKI;138
OGŁODZIŃSKI;138
OPAROWSKI;138
PACHLIŃSKI;138
PATYCKI;138
PAWŁOW;138
POKRZYWNIAK;138
POMPKA;138
PONTUS;138
POWIETRZYŃSKI;138
PRONDZINSKI;138
PRUDLIK;138
RĘBAS;138
RUSAKIEWICZ;138
SAJEK;138
SAMBOROWSKI;138
SAMPOLSKI;138
SAZONOV;138
SEVERYN;138
SKOTOWSKI;138
SMOLCZEWSKI;138
STERCZYŃSKI;138
STRASZKIEWICZ;138
SZCZYPIOROWSKI;138
SZÓSTAKOWSKI;138
SZTAFIŃSKI;138
ŚWIĘTALSKI;138
TERMENA;138
TOFEL;138
TOMCZOK;138
URYCKI;138
USOWSKI;138
WASILA;138
WCIŚLAK;138
WENDOŁOWSKI;138
WĘDROWSKI;138
WIERZYŃSKI;138
WOHLERT;138
WOLMAN;138
ZAGAJ;138
ŻERDKA;138
AMROGOWICZ;137
ARONOWSKA;137
ARTWIK;137
BACHMATIUK;137
BANAS;137
BLASZYŃSKA;137
BODECKA;137
BOGDALSKA;137
BUKAT;137
CIEPIENIAK;137
DOVBNIA;137
DRABIKOWSKA;137
DRECHSLER;137
DUDYCH;137
FEDORETS;137
FLICIŃSKA;137
GEPERT;137
GIEŁŻECKA;137
GUDERSKA;137
HABERA;137
HYBA;137
JAGODZKA;137
JURGOWIAK;137
KALINCHUK;137
KAMAĆ;137
KAMELSKA;137
KANIOS;137
KASZCZYŃSKA;137
KITTEL;137
KLABISZ;137
KMET;137
KOBLA;137
KOLODZIEJ;137
KOPCIOWSKA;137
KORZEŃSKA;137
KRĘCKA;137
KUKHARENKO;137
KULHAWIK;137
LEŻYŃSKA;137
LINNIK;137
LUBACZ;137
ŁASTOWIECKA;137
MALAJKA;137
NIEDZIELKO;137
NOWOSIELECKA;137
ONOFRIICHUK;137
OPAR;137
ORDYNIEC;137
ORLENKO;137
PEEK;137
PEROŃSKA;137
PILSKA;137
POLEJOWSKA;137
POPĘDA;137
PYT;137
REMBARZ;137
ROZENTALSKA;137
ROZWARSKA;137
RUJNER;137
RYZHUK;137
SAJUR;137
SAKIEWICZ;137
SEGDA;137
SEREDNICKA;137
SETNIK;137
SHKURKO;137
SIUDMAK;137
SMACZYŃSKA;137
SONGIN;137
SPÓLNICKA;137
STANISŁAWOWSKA;137
STROMCZYŃSKA;137
STRZELAK;137
SULGOSTOWSKA;137
SURMAJ;137
SYDOW;137
SYKTUS;137
SZCZEPONEK;137
SZUMA;137
SZWAROCKA;137
ŚRÓDECKA;137
TRUSKOLAWSKA;137
TRUTA;137
TUROSTOWSKA;137
TYNOR;137
TYPAŃSKA;137
WACHECKA;137
WAHL;137
WALORSKA;137
WOJCIUL;137
WRYK;137
WYSZKA;137
ZYKOVA;137
AKBAROV;137
ATRAS;137
AZIZ;137
BACHMURA;137
BAŁACHOWSKI;137
BAŁTOWSKI;137
BAŃBURSKI;137
BARDOŃSKI;137
BISZ;137
BŁĘDZKI;137
BRONECKI;137
BROWARNY;137
BRUNIECKI;137
BRZOST;137
BUBIK;137
BUDNIEWSKI;137
BUDZIASZEK;137
BURDECKI;137
BUSZYŃSKI;137
BUZIAK;137
CAŁCZYŃSKI;137
CHODUP;137
CIOMEK;137
CYMBALUK;137
CZAPIK;137
CZWOJDZIŃSKI;137
DERDZIKOWSKI;137
DOLIBÓG;137
DOMANUS;137
DUNIN;137
DZIUBAŃSKI;137
FALAK;137
FLĄDRO;137
FLORKO;137
FOK;137
FOŁDA;137
FRASIK;137
FUKOWSKI;137
GALAROWICZ;137
GAUDY;137
GIELETA;137
GOCKI;137
GOLKA;137
GRUSZA;137
HERBASZ;137
JAGIELAK;137
JOPP;137
JÓZAK;137
KARASEWICZ;137
KASIOREK;137
KAVALEVICH;137
KIELISZKOWSKI;137
KLAŚ;137
KOCZNUR;137
KOKSANOWICZ;137
KONICZEK;137
KRĘCICKI;137
KROCHMALSKI;137
KUNIEC;137
LEZNER;137
LIGOWSKI;137
ŁACHMAŃSKI;137
MACHAŁ;137
MACZUGOWSKI;137
MALUDZIŃSKI;137
MIEZIO;137
NOWAŃSKI;137
NOZDERKA;137
OMYLAK;137
PEPŁOŃSKI;137
PIASK;137
PIETRANIS;137
POGORZELCZYK;137
PRZEGENDZA;137
PRZYCHODNI;137
PRZYMĘCKI;137
PUSZAKOWSKI;137
PYSMENNYI;137
RODZAJ;137
RODZIŃSKI;137
ROTMAN;137
ROŻAK;137
SAGANEK;137
SASKOWSKI;137
SERWACZAK;137
SIANKO;137
SIERKO;137
SKRĘTKOWSKI;137
SPOCZYŃSKI;137
STAWORZYŃSKI;137
STOMSKI;137
STOPIAK;137
SUCHWAŁKO;137
SZPOJDA;137
SZUBRA;137
ŚLEPKO;137
TERNOVYI;137
TYMRAKIEWICZ;137
VILCHYNSKYI;137
WIELOCHOWSKI;137
WILEMSKI;137
WLEKLAK;137
YANOVSKYI;137
ZDYBEK;137
ZULEWSKI;137
ANOKHINA;136
ANTOCHÓW;136
BABIARSKA;136
BACZMAŃSKA;136
BAIDA;136
BALISZEWSKA;136
BAŁTOWSKA;136
BAMBER;136
BARDOŃSKA;136
BECHER;136
BETKOWSKA;136
BIAŁOSTOCKA;136
BIELOUSOVA;136
BŁANEK;136
BOSKA;136
BRYCHKA;136
BURDECKA;136
BUSZA;136
CHAT;136
DAJCZER;136
DEUTSCH;136
DMITROCA;136
DMITROWSKA;136
DOVBYSH;136
DRUCH;136
DYNDAŁ;136
DYNYSIUK;136
EDER;136
FRANKOWIAK;136
FRYZE;136
GACPARSKA;136
GĄGOLEWSKA;136
GĄSTOŁ;136
GODZIEWSKA;136
HALAN;136
HAŃSKA;136
HARAZIŃSKA;136
HAREMSKA;136
HARKAVENKO;136
HEKSEL;136
HOŁOWATA;136
HORNUNG;136
HUMEN;136
HUMMEL;136
JADZIŃSKA;136
KIRIIENKO;136
KIRSZENSTEIN;136
KIS;136
KNET;136
KRAWĘTKOWSKA;136
KRYSMANN;136
KRZYŚKA;136
KUCHARYK;136
KWILIŃSKA;136
LAKOTA;136
LAKTIONOVA;136
LEBOWSKA;136
ŁUCKOŚ;136
MACHNACZ;136
MAGDALIŃSKA;136
MAKSIMOVA;136
MARTYNCHUK;136
MASOŃ;136
MESHCHERIAKOVA;136
MIASTOWSKA;136
MIĘDZYBRODZKA;136
MIĘTKOWSKA;136
MOKRZANOWSKA;136
MROCHEŃ;136
NEBELSKA;136
NELKOWSKA;136
NIEŚMIAŁEK;136
OPOŃ;136
OSIKOWICZ;136
PASSON;136
PLAKHOTNIUK;136
POLONSKA;136
POZAŃSKA;136
PROTSIV;136
RAJECKA;136
ROSENBERG;136
RUDKOVSKA;136
SAMBOROWSKA;136
SAPIKOWSKA;136
SELERSKA;136
SHATALOVA;136
SIDENKO;136
SIDOROWSKA;136
SKAŁBA;136
SMĘDER;136
STRĄCZEWSKA;136
STRZĘBAŁA;136
SUKHOVA;136
SZCZUCIŃSKA;136
SZKALSKA;136
SZRAJER;136
SZUST;136
SZYMENDERSKA;136
ŚWIECHOWICZ;136
TOM;136
TUDYKA;136
USOWSKA;136
WALISZEK;136
WIERZELEWSKA;136
WILKOWIECKA;136
WYGONOWSKA;136
YAROVENKO;136
ZDRZAŁKA;136
ZIARNOWSKA;136
ZIELENIEWICZ;136
ZIENOWICZ;136
ZOMER;136
ŹRÓDŁOWSKA;136
ŻELAZNOWSKA;136
BACHURA;136
BAŃCEROWSKI;136
BAŃKO;136
BAZIOR;136
BĘCKI;136
BIESIEKIERSKI;136
BIGOSZEWSKI;136
BORAS;136
BULZAK;136
BUWAJ;136
CALÓW;136
CAPAJA;136
CELIŃSKI-MYSŁAW;136
CHAMIER-GLISZCZYŃSKI;136
CHU;136
CHUDOWOLSKI;136
CISŁOWSKI;136
CZESKI;136
DERDAK;136
DĘDYS;136
DOŁĘGIEWICZ;136
DOROFIEIEV;136
DRUŻDŻ;136
DUBANIK;136
DURTKA;136
DYCHAŁA;136
DYCHUS;136
DZIUBKA;136
DZYR;136
FEDEC;136
FLORYS;136
GAMRACY;136
GIERMAŃSKI;136
GODECKI;136
GOLARZ;136
GOŁYSKI;136
GORALEWSKI;136
GUMIENIK;136
HABUDA;136
HARASYMIUK;136
HAREMSKI;136
HINCKE;136
IHNATIEV;136
JADZIŃSKI;136
JAGODZKI;136
JAKIM;136
JAKIMCZYK;136
JAZŁOWIECKI;136
JOKS;136
JULKOWSKI;136
JURDECZKA;136
KALWAJTYS;136
KHUTSISHVILI;136
KONDAK;136
KOROTKIEWICZ;136
KORŻYŃSKI;136
KOWALCZYKIEWICZ;136
KREDENS;136
KRUBA;136
KRUSZAK;136
KUKIELSKI;136
KUPNICKI;136
LABY;136
LACHCIK;136
LEPCZAK;136
LICZBERSKI;136
MADZIARA;136
MAKARCZUK;136
MALINGER;136
MĄKOL;136
MELEWSKI;136
MENDYGRAŁ;136
MIERSKI;136
MOTYCKI;136
MUSHYNSKYI;136
NAGALSKI;136
NARBUTOWICZ;136
NATURALNY;136
NĘDZYŃSKI;136
OSNOWSKI;136
OSYPOV;136
PEL;136
PERNACH;136
PLEKANIEC;136
PLESIEWICZ;136
PŁODZIK;136
POCZEKAJ;136
PONIŻY;136
PROCKI;136
PRONIEWSKI;136
PRUSIEWICZ;136
PRYŁOWSKI;136
PUDLIS;136
PUGACEWICZ;136
RAUSZ;136
ROJDA;136
ROSZCZYŃSKI;136
ROZENTALSKI;136
ROŻNIAKOWSKI;136
RUŻYCKI;136
RYBOTYCKI;136
SALASA;136
SANIGÓRSKI;136
STĘPCZAK;136
SURMIŃSKI;136
SZTELIGA;136
SZUMIGAŁA;136
SZYMENDERSKI;136
ŚMIELEWSKI;136
TYLMANOWSKI;136
TYNKA;136
ULIDOWSKI;136
URAN;136
USNARSKI;136
WACHECKI;136
WANCERZ;136
WANIOWSKI;136
WASIOŁEK;136
WAWRZECKI;136
WERBOWY;136
WĘGORZEWSKI;136
WYPYSZYŃSKI;136
WYRĄBKIEWICZ;136
ZAWIELAK;136
ZELENIUK;136
ZEMSKI;136
ZYGAROWICZ;136
AKSMAN;135
ANDROSOVA;135
ARTEMCHUK;135
BALIKOWSKA;135
BARABAS;135
BARNAK;135
BERNAL;135
BIERNOT;135
BILAS;135
BOHDANETS;135
BOIARSKA;135
BREJZA;135
BRUZDEWICZ;135
BRYKSA;135
BUCHLA;135
CELIŃSKA-MYSŁAW;135
CHABANIUK;135
CHINIEWICZ;135
CHRZEŚCIJAŃSKA;135
CZYŻYKIEWICZ;135
DAMM;135
DOBBEK;135
DOVHANIUK;135
DREKSLER;135
DREWIENKOWSKA;135
DUBROVA;135
DUKIELSKA;135
DZIWISZEK;135
FERRA;135
FILIPOWIAK;135
FILLA;135
GORĄCZKA;135
GREGA;135
GRUCHEL;135
GRYCHOWSKA;135
GUTKIEWICZ;135
GWOZDOWSKA;135
HEJNE;135
HELICKA;135
JABKOWSKA;135
KALENSKA;135
KALYNIUK;135
KAPELAŃSKA;135
KATKOWSKA;135
KIERUZAL;135
KISZA;135
KORNILOVA;135
KOSIELSKA;135
KRYVOSHEI;135
KUKURENDA;135
KWIDZINSKA;135
LICHODZIEJEWSKA;135
ŁADYGA;135
MAIOROVA;135
MENDE;135
MĘCZKOWSKA;135
MIKOŁAJUN;135
NAWRATH;135
NIEMASZYK;135
NOWORZYN;135
OBECNA;135
OSTÓJ;135
OVCHYNNIKOVA;135
PABIANEK;135
PACZEWSKA;135
PAŁCZAK;135
PARAS;135
PIĘCEK;135
PLUSZCZYK;135
PORTAS;135
POWIETRZYŃSKA;135
PYROHOVA;135
PYSZNIK;135
RECZKA;135
REICHELT;135
REKSA;135
REUTER;135
RODINA;135
ROLNICKA;135
RYMARCHUK;135
RYRYCH;135
RYTER;135
SAWULSKA;135
SEKIETA;135
SHTEPA;135
SICHKAR;135
SIEDLARSKA;135
SKOTNIK;135
SKÓRNIEWSKA;135
SKUT;135
SLIUSARCHUK;135
STERCZYŃSKA;135
STEWART;135
STRAŚ;135
STYRC;135
SURUŁO;135
SZOJA;135
SZUMIEL;135
TENDAJ;135
TYBLEWSKA;135
TYRKIEL;135
USIŃSKA;135
USTINOVA;135
WALBURG;135
WARCZACHOWSKA;135
WĄSIKIEWICZ;135
WĘGLERSKA;135
WRONIKOWSKA;135
WYSTĘPEK;135
YANCHENKO;135
YURCHYSHYN;135
ZAWLIK;135
ZIENKOWICZ;135
ZULEWSKA;135
ZUZAŃSKA;135
ŻELAŹNICKA;135
ACHARYA;135
ANSARI;135
ARAMOWICZ;135
ASHUROV;135
BARNIK;135
BĄCZAK;135
BOBUSIA;135
BRONA;135
BURKOWICZ;135
CAPIK;135
CEBERNIK;135
CHLEBOŚ;135
CYMBALAK;135
CZECHOLIŃSKI;135
DINH;135
DOROSŁAWSKI;135
FOTA;135
GEMBKA;135
GIBES;135
GIRTLER;135
GŁOŚNY;135
GOSTEK;135
GREGIER;135
GREINERT;135
GUĆ;135
GWARDZIK;135
HAJDYŁA;135
HALERZ;135
HĘCIAK;135
HUSSEIN;135
IGNYŚ;135
KĘPAS;135
KIETLA;135
KLESZOWSKI;135
KOBLAŃSKI;135
KOÇ;135
KOCIMA;135
KOLNY;135
KOŁBUK;135
KRĘCKI;135
KUŹLAK;135
LAPKO;135
LEPER;135
LIASHCHUK;135
LICHODZIEJEWSKI;135
LUZAROWSKI;135
ŁAZORKO;135
MATAJ;135
MIKŁASZEWSKI;135
MIŁOWICKI;135
NAREJKO;135
NICIA;135
OKSIŃSKI;135
OPARCIK;135
ORZIŃSKI;135
OSMELAK;135
OSTROGÓRSKI;135
PENDZICH;135
PIERZCHANOWSKI;135
PŁAŻEWSKI;135
POMIRSKI;135
PRZYROWSKI;135
PRZYWOJSKI;135
PUDLISZEWSKI;135
PUŁACZEWSKI;135
RADELCZUK;135
RAJECKI;135
RESTEL;135
RUMOCKI;135
SACZYŃSKI;135
SASUŁA;135
SELERSKI;135
SHAIKH;135
SILNY;135
SITCHINAVA;135
SKUPSKI;135
SKURTYS;135
STAROŃSKI;135
SULEYMANOV;135
SUŚNIAK;135
SYSOIEV;135
SZACIŁŁO;135
SZAJERSKI;135
SZAJSTEK;135
SZCZYCIŃSKI;135
SZUPLEWSKI;135
SZWAL;135
TALER;135
TANG;135
TSETSKHLADZE;135
UKLEJEWSKI;135
WIERZELEWSKI;135
WOLSZLEGIER;135
WOŁOSZYNEK;135
WOZOWICZ;135
WRZASZCZ;135
ZASTAWNIK;135
ZASUWIK;135
ZIĘTY;135
ŻEBRO;135
ŻOŁĄDKOWSKI;135
ANGERMAN;134
BAKLARZ;134
BARANCEWICZ;134
BARYŁO;134
BĄCALSKA;134
BECHCIŃSKA;134
BŁĄDZIŃSKA;134
BORONOWSKA;134
BROMBEREK;134
BUNDA;134
CHARUK;134
CHLEBIŃSKA;134
CIELESZ;134
CZECHOROWSKA;134
CZYŻYŃSKA;134
DEHTIAR;134
DROBIEC;134
DZIEDZIUL;134
FELA;134
GAWINOWSKA;134
GILICKA;134
GOCKA;134
GORYCZKO;134
GRECZEK;134
GRIMM;134
HAMULSKA;134
HVOZDETSKA;134
JABŁKO;134
JABORSKA;134
KAMIZELA;134
KOCIELA;134
KORYCIORZ;134
KRYVOSHEIEVA;134
KUZIEMKOWSKA;134
LAWRENZ;134
LEITGEBER;134
LEKH;134
LENKOWSKA;134
LESKO;134
LEVKO;134
LIASHCHENKO;134
LICZBERSKA;134
LOPATINA;134
MACIUBA;134
MAGUSIAK;134
MAJKO;134
MALISIEWICZ;134
MANEK;134
MANIOS;134
MARIANKOWSKA;134
MARINOVA;134
MARTINI;134
MAZGAJSKA;134
MERYK;134
MOSKALETS;134
MYKHALCHENKO;134
MYSZCZYSZYN;134
NIESYT;134
OCHELSKA;134
OKONKOWSKA;134
OLOBRY;134
OSKIERKO;134
OSZCZAPIŃSKA;134
PAJCHROWSKA;134
PARAFIANOWICZ;134
PATERA;134
PIETRASZCZYK;134
PODBORĄCZYŃSKA;134
POGOŃSKA;134
PRASZKIEWICZ;134
REMBEK;134
RIABA;134
ROĆKO;134
ROZPŁOCHOWSKA;134
RUDNYK;134
SAPKOWSKA;134
SEBESTA;134
SHKLIAR;134
SIEDLEC;134
SIWARSKA;134
SLAVINSKA;134
SŁABCZYŃSKA;134
SŁAPIŃSKA;134
STACHNIO;134
STARNOWSKA;134
STOCZYŃSKA;134
STRZECHOWSKA;134
STUSEK;134
SUCHOŃSKA;134
SWORA;134
SZATANIAK;134
SZCZAKOWSKA;134
SZUMIERZ;134
SZWABOWSKA;134
SZYBOWICZ;134
SZYNDLAR;134
TOBIAŃSKA;134
WAJLER;134
WANATOWICZ;134
WAWRZYNIECKA;134
WINDORPSKA;134
WŁODYGA;134
WYPARŁO;134
ZAWISZ;134
ZAWOLSKA;134
ZGLEJSZEWSKA;134
ZIĄBER;134
ZONENBERG;134
AFONIN;134
ARONOWSKI;134
ART;134
BABAEV;134
BARABAŚ;134
BARANIEC;134
BASZCZOK;134
BISKUPIAK;134
BOJAN;134
BYDŁOWSKI;134
CAJLER;134
CHARNIAUSKI;134
CHENG;134
CHOŁOTA;134
CHOMEJ;134
CHOWDHURY;134
CHUDZIA;134
DECEWICZ;134
DIASAMIDZE;134
DMITROWSKI;134
DROŃSKI;134
DRZAŻDŻEWSKI;134
DUMIŃSKI;134
FLISIUK;134
FRANELAK;134
GADEK;134
GIERZ;134
GODALA;134
GOWARZEWSKI;134
GRATA;134
GRZĄŚKO;134
GUDZOWSKI;134
HABZA;134
HAŁDAŚ;134
HELWING;134
HONG;134
HRYŃCZUK;134
HUDZIEC;134
HUNIA;134
KANIASTY;134
KIEŁBIŃSKI;134
KLUZIŃSKI;134
KOLAWA;134
KOLODIAZHNYI;134
KOZIOŁKIEWICZ;134
KRAUTWURST;134
KRZEPICKI;134
ŁABUĆ;134
ŁOMOTOWSKI;134
MAJTKA;134
MAKSAJDA;134
MAMEŁKA;134
MIDUCH;134
MIERNIKIEWICZ;134
MINIAK;134
MONCZAK;134
NELEC;134
OKONKOWSKI;134
OLASIK;134
ORCIUCH;134
PAPOU;134
PASZCZAK;134
PĘTKOWSKI;134
PIKAŁA;134
PIPUTA;134
PLASKACZ;134
PODEJMA;134
POZNAR;134
PRUSZCZYK;134
PRZYBYTNIAK;134
PRZYGUCKI;134
RACHELSKI;134
RAMANOVICH;134
RASZCZUK;134
ROBIŃSKI;134
ROCHEWICZ;134
ROSOSIŃSKI;134
RZADKOWOLSKI;134
ŞAH?N;134
SAWULSKI;134
SIEMASZ;134
SIEMCZUK;134
SIKORRA;134
SKIBISZEWSKI;134
SKŁUCKI;134
SKOLARCZYK;134
SKROBAS;134
SMAKA;134
STOPIKOWSKI;134
STOYANOV;134
SUSKIEWICZ;134
SWENDROWSKI;134
SZAFERT;134
SZESTOWICKI;134
SZTEJKA;134
SZTRAMSKI;134
SZWACZYK;134
ŚWIERNIAK;134
TĘPIŃSKI;134
TRAFIDŁO;134
TURCAN;134
TYRCZ;134
ULIANOV;134
USMONOV;134
WOŁOSIAK;134
WOŁPIUK;134
WORSZTYNOWICZ;134
ZAGUMNY;134
ZIARNOWSKI;134
ZIĘBAKOWSKI;134
ZIMIN;134
ZWIERCAN;134
ZYDLEWSKI;134
ABRAHAMOWICZ;133
ALOSHYNA;133
BAĆMAGA;133
BAHNIUK;133
BANDUŁA;133
BIEGANEK;133
BIZIUK;133
BOHOMAZ;133
BORZYKOWSKA;133
BUŻ;133
CHOŁDA;133
CIERLICKA;133
CMIEL;133
DŁUGIEWICZ;133
DROBISZEWSKA;133
DRONKA;133
DRUBKOWSKA;133
DUMANA;133
FLORIANOWICZ;133
FOLTAK;133
FOLTYS;133
FREJNIK;133
GALBAS;133
GIELNIOWSKA;133
GIERMAKOWSKA;133
GOLATOWSKA;133
GUDZOWSKA;133
GUŹLIŃSKA;133
HABERSKA;133
HELM;133
HNIDA;133
HOLEK;133
HOŁOWIECKA;133
HUDOMIĘT;133
HUMSKA;133
ILIEVA;133
IMAŃSKA;133
JAGIELNICKA;133
JAMROCHA;133
KALINOVSKA;133
KECZMERSKA;133
KHOROLSKA;133
KIERDELEWICZ;133
KLESZOWSKA;133
KOCIAŁKOWSKA;133
KOPCIEWICZ;133
KORZAŃSKA;133
KOWEJSZA;133
KRYVOSHEIA;133
KRZYKALSKA;133
KRZYWA;133
KWIECIAK;133
LAHUTA;133
LAKS;133
LAPTIEVA;133
LENIARSKA;133
LEWOSIŃSKA;133
ŁUPIEŻOWIEC;133
MACHIŃSKA;133
MAICHER;133
MALISZKIEWICZ;133
MANDRYKA;133
MANIARA;133
MARAJ;133
MAROZAVA;133
MIKŁASZEWSKA;133
MIŁOWICKA;133
MROCHEN;133
MYKHAILICHENKO;133
NĘDZKA;133
NYKS;133
OSTROGÓRSKA;133
PARAT;133
PASLAVSKA;133
PATYCKA;133
PEŁECHATA;133
PEREVERZIEVA;133
PERŻYŁO;133
PIELOT;133
POLATOWSKA;133
PRZYKAZA;133
REJCH;133
ROZKRUT;133
RUDNIEVA;133
RYCZYWOLSKA;133
RZEŹNIKOWSKA;133
SADAJ;133
SALETA;133
SEJUD;133
SHEKHOVTSOVA;133
SHESTAK;133
SHUTKO;133
STYCZYRZ;133
SUPRANOWICZ;133
SURMIŃSKA;133
SZABELA;133
SZNAJDROWSKA;133
SZWANKE;133
TASAREK;133
TELMA;133
TESARSKA;133
TOMPALSKA;133
TRZCIELIŃSKA;133
TYSZEWSKA;133
UNISZEWSKA;133
WCZEŚNIAK;133
WIELOSZ;133
YASTREMSKA;133
ZAŁOMSKA;133
AFTANAS;133
BEDNARZAK;133
BEJMERT;133
BERGANDY;133
BIAŁOSTOCKI;133
BLINKIEWICZ;133
BODUS;133
BUDACZ;133
BYSTRZANOWSKI;133
CHOŁODOWSKI;133
CIECIOROWSKI;133
CIERLICKI;133
CIORGA;133
CIUCIAS;133
CYBIŃSKI;133
CZESTKOWSKI;133
CZYKIER;133
DAHM;133
DAWIDKO;133
DOMANIEWSKI;133
DOMONIK;133
DORYŃ;133
DRABIKOWSKI;133
DRABKOWSKI;133
DRECZKOWSKI;133
DYKO;133
FILIMON;133
FOLUSZ;133
FREJOWSKI;133
GACPARSKI;133
GIELNIOWSKI;133
GIEŁZAK;133
GŁOSEK;133
GŁYDA;133
GOŁEMBOWSKI;133
GORDZIEJEWSKI;133
GRADOMSKI;133
GRASZEK;133
HAJDACKI;133
HAJIYEV;133
HERTIG;133
HŁYWA;133
HOŁUBEK;133
JAKUBASZ;133
JURKA;133
KANOZA;133
KARPICKI;133
KEMSKI;133
KIEŻEL;133
KOBLAK;133
KORDAL;133
KORNIEIEV;133
KRAWCÓW;133
KRUŻEWSKI;133
KUMA;133
LEJKO;133
LENIARSKI;133
LEŚNOWOLSKI;133
LICHTAŃSKI;133
LIGOROWSKI;133
ŁODKOWSKI;133
MAIEVSKYI;133
MALOWANY;133
MAŁOPOLSKI;133
MILESZKO;133
MIŁUCH;133
MISZKOWSKI;133
MORGIEL;133
MURAK;133
NAHAJOWSKI;133
NESTOR;133
OKROY;133
OŁDZIEJ;133
OTOMAŃSKI;133
PENA;133
PĘKOSZ;133
PITLOK;133
PLICHA;133
PLUTKA;133
POŻARYCKI;133
PRUCZKOWSKI;133
PSZON;133
PUFAL;133
RAJABOV;133
RATOŃ;133
REJKOWICZ;133
ROZNERSKI;133
RÓŻYK;133
RUBIŃSKI;133
RZĄDCA;133
SENDERECKI;133
SIERAJ;133
SKATUŁA;133
SKUBEK;133
SKUDLARSKI;133
SŁĄBA;133
SPROCH;133
STASIACZEK;133
SZARF;133
SZENIAWSKI;133
SZKLANY;133
SZNURKOWSKI;133
SZRAMKE;133
SZUBSTARSKI;133
SZYWALSKI;133
ŚWIĘDRYCH;133
TARANTA;133
TATARATA;133
TRZCIELIŃSKI;133
TURLEWICZ;133
TYSIĄC;133
WAWRZECZKO;133
WIJA;133
WILARY;133
WODZISZ;133
WOJTURSKI;133
WOŁKOW;133
WYBRAŃCZYK;133
ZABŁOTNI;133
ZAKREVSKYI;133
ZGAJEWSKI;133
ZUCH;133
ŹDZIEBŁO;133
BALYTSKA;132
BAŃBURSKA;132
BEKIESZ;132
BLEWĄSKA;132
BRAZHNYK;132
BRYŁKOWSKA;132
BYSTRZANOWSKA;132
CHODOROWICZ;132
CYPERSKA;132
CYZ;132
DRYŃKOWSKA;132
DWORACKA;132
DWORNIAK;132
DYLUS;132
FERCHO;132
FLEJTERSKA;132
FLIEGEL;132
GIESA;132
GLUCH;132
HADYNIAK;132
HAFTKA;132
HAJDUS;132
HASA;132
HOSPOD;132
HUTNYK;132
ISAEVA;132
JÄGER;132
KABANOVA;132
KAJ;132
KAMCZYK;132
KAPŁOŃSKA;132
KAPRZYK;132
KAZANTSEVA;132
KELLNER;132
KĘDRAK;132
KLECZ;132
KNESZ;132
KNIAZIUK;132
KNOL;132
KOLENKIEWICZ;132
KONARCZAK;132
KORZENIEWICZ;132
KOSTUN;132
KROCHMALSKA;132
KRZEMIONKA;132
KRZYZIŃSKA;132
KUCIK;132
KUKIELSKA;132
LEBED;132
LEKSY;132
LETNIOWSKA;132
LISTKIEWICZ;132
LOPEZ;132
MACUR;132
MAJEREK;132
MALANKOWSKA;132
MARZECKA;132
MATEUSZUK;132
MĄDZIK;132
MEDYCKA;132
MELNICHUK;132
MICHÓR;132
MIĘTKIEWSKA;132
MIKUŁKO;132
MISIK;132
MITCHELL;132
MRACHACZ;132
NERLO;132
PAWŁASEK;132
PIERZCHANOWSKA;132
POLACZKIEWICZ;132
POLICIŃSKA;132
PORTALSKA;132
POTRĘĆ;132
PRUDEL;132
PRZENICZNA;132
RAMENDA;132
RAMSKA;132
RAPALSKA;132
RZEPPA;132
SIEMIENIUCH;132
SOBIEWSKA;132
SOŁOBODOWSKA;132
STĘŻALSKA;132
STRELTSOVA;132
SUPROŃ;132
SZEBESTA;132
SZMATLOCH;132
ŚLAZ;132
ŚWIERŻYŃSKA;132
TRAŁA;132
TURCHAK;132
VASYLYSHYNA;132
VIETROVA;132
VYHOVSKA;132
WERDA;132
WIĄZEK;132
WIŚLICKA;132
WOJASIŃSKA;132
WOJS;132
ZAMIELA;132
ZIĘBOWICZ;132
ZYDLEWSKA;132
ALIEVI;132
ANTONIÓW;132
AWSIUKIEWICZ;132
BABIRACKI;132
BARTELAK;132
BASOŃ;132
BĄBIAK;132
BĄCALSKI;132
BEBŁO;132
BEKASIEWICZ;132
BIEGACZ;132
BODNARIUK;132
BRALCZYK;132
BRANIEWSKI;132
BURYTA;132
BURZMIŃSKI;132
BUZE;132
CEGIEŁKO;132
CIEKLIŃSKI;132
CISAKOWSKI;132
CISEWSKI;132
CURYL;132
CYPERSKI;132
CZELADZKI;132
CZOBOT;132
CZUBAKOWSKI;132
DĄDALSKI;132
DEREBECKI;132
DESECKI;132
DŁONIAK;132
DOMŻAŁOWICZ;132
DRANKOWSKI;132
DUDAREWICZ;132
DZIESZKO;132
FAGASIŃSKI;132
FELIŃCZAK;132
FRANCISZKOWSKI;132
HEYDUK;132
HOŁOWIECKI;132
HRYNIV;132
JAKUSZ-GOSTOMSKI;132
JÓZEFKO;132
KAMPE;132
KASZEK;132
KATKOWSKI;132
KIEWRA;132
KNIAZIEV;132
KORCHYNSKYI;132
KORZYSTKA;132
KOSZELNIK;132
KOTABA;132
KOTUNIAK;132
KOTYRA;132
KOZUBIŃSKI;132
KREJ;132
KRZESIAK;132
KRZYCZMONIK;132
KUĆKA;132
KUNKOWSKI;132
KUPTZ;132
KURYŁA;132
LABRYGA;132
LOBACH;132
LUMA;132
LUŻYŃSKI;132
MACHLAŃSKI;132
MAGAR;132
MALC;132
MAŚLUK;132
MATKOVSKYI;132
MAŹ;132
MĘDRYK;132
MIELA;132
MIGAWA;132
MISHRA;132
MŁODNICKI;132
NADACHEWICZ;132
NIKLIBORC;132
NIKOŃCZUK;132
OH;132
ONDERKA;132
OSEŁKA;132
OSZCZAPIŃSKI;132
PARTEKA;132
PECKO;132
PIEKIELNIK;132
PINIEWSKI;132
PODBORĄCZYŃSKI;132
POLEWACZ;132
PRADUN;132
PRASAŁEK;132
PRAŻNIEWSKI;132
PRUSIECKI;132
PRYMKA;132
PRZENICZNY;132
PYŁKA;132
RADKOWIAK;132
REVUTSKYI;132
ROPA;132
ROSŁANOWSKI;132
RUMIK;132
SARGALSKI;132
SIDYK;132
SIWARSKI;132
STANISŁAWOWSKI;132
SZYMOREK;132
SZYPROWSKI;132
ŚCIĘGAJ;132
ŚNIETKA;132
ŚWIATLAK;132
TŁUSZCZ;132
TRĘDOWICZ;132
TRYBUSZEWSKI;132
VARABEI;132
WICHMAN;132
WIERTLEWSKI;132
WINECKI;132
WŁÓCZYK;132
WOJCIESZKIEWICZ;132
WOLNICZAK;132
WOŁTOSZ;132
WÓDECKI;132
WYLEŻUCH;132
ZADWÓRNY;132
ZAJĄCZEK;132
ZARACHOWICZ;132
ZIEMIECKI;132
ZORIN;132
ZUBIAK;132
ZUBYK;132
ZWĘGLIŃSKI;132
ANDRECKA;131
ARBASZEWSKA;131
BAŁUCKA;131
BEREZKA;131
BESPALOVA;131
BLINOVA;131
BONDAROWICZ;131
BYLINOWSKA;131
CHERNIAIEVA;131
CHWAŁOWSKA;131
CZECHANOWSKA;131
CZEKAŁOWSKA;131
CZEMPAS;131
CZYKIETA;131
DAMBIEC;131
DEMUTH;131
DOJNIKOWSKA;131
DOMAN;131
DRABKOWSKA;131
FEDAS;131
GAMŻA;131
GAZIŃSKA;131
GIBCZYŃSKA;131
GIDELSKA;131
GOGOŁEK;131
GOŚCIMIŃSKA;131
GROHS;131
HABIAK;131
HARBUT;131
HARRISON;131
HOŁOWCZAK;131
JĘDRZAK;131
KARMOLIŃSKA;131
KOTYŁA;131
KOWALIKOWSKA;131
KRECZMAN;131
KRZYŻKOWSKA;131
KUNASZYK;131
KUTSYK;131
LARSSON;131
LEVKIVSKA;131
LIGOROWSKA;131
ŁABANOWICZ;131
MAKSIMCZUK;131
MAN;131
MARCHAJ;131
MARTENS;131
MATYSZKOWICZ;131
MIARCZYŃSKA;131
MOKRZECKA;131
MÖLLER;131
MOTORNA;131
NAGALSKA;131
NAWA;131
NIEŻURAWSKA;131
OBCZYŃSKA;131
ONYSKIV;131
ORLEWICZ;131
PACHECKA;131
PAPINA;131
PĘKAL;131
PLAŻUK;131
PODRALSKA;131
PODWIŃSKA;131
POKUCIŃSKA;131
PRUSIECKA;131
PUSKARZ;131
PUSZAKOWSKA;131
RENN;131
REUS;131
RUDZIAK;131
RUMOCKA;131
SABALSKA;131
SAJDYK;131
SAKHNIUK;131
SAPIEHA;131
SEPCZYŃSKA;131
SIMSON;131
SKŁADZIEŃ;131
SKÓRCZEWSKA;131
SKRABALAK;131
SZAWARSKA;131
SZENIAWSKA;131
TARATUTA;131
TEODORSKA;131
TRZĘSIMIECH;131
URBANSKA;131
WALEWICZ;131
WALLACH;131
WARCZYGŁOWA;131
WIADROWSKA;131
WIELGOLEWSKA;131
WÓJTÓW;131
ZASIEWSKA;131
ZBIEŃ;131
ZIELENIECKA;131
ZIEMIAŃCZYK;131
ZIMINA;131
ZWĘGLIŃSKA;131
ŻYWANOWSKA;131
ALOKHIN;131
ANDRELCZYK;131
BALTYN;131
BAŁECKI;131
BAŃBURA;131
BARGAŃSKI;131
BOCHNA;131
BORISOV;131
BUCHANIEC;131
CHAŁUPCZYŃSKI;131
CHRZEŚCIJAŃSKI;131
CHWIL;131
CHWOŁKA;131
CHYBIORZ;131
CIECHORSKI;131
CZARNEK;131
CZYŻYŃSKI;131
DANYLYSHYN;131
DEMBITSKYI;131
DOBRASIEWICZ;131
DONIAK;131
DOROŻ;131
DUFAJ;131
FAŁDOWSKI;131
FLICIŃSKI;131
FUJARSKI;131
FULARZ;131
FULBISZEWSKI;131
GAJEWY;131
GANDURSKI;131
GAWEŁKO;131
GIERŁACH;131
GINIEWICZ;131
GLAMOWSKI;131
GORLACH;131
GOŚCIMSKI;131
GÓLCZYŃSKI;131
GRUZ;131
IQBAL;131
IŻYK;131
JANA;131
JESIOŁKIEWICZ;131
JONATOWSKI;131
KABAK;131
KAZIBUT;131
KIETA;131
KOCZYBA;131
KONDEL;131
KONKA;131
KOROŚCIK;131
KORZEŃSKI;131
KOSSEWSKI;131
KOZIANA;131
KRÓLSKI;131
KUBOK;131
KUCKI;131
KUMELA;131
LASKOSZ;131
LEBOK;131
LEBOWSKI;131
LEJAWKA;131
LELENIEWSKI;131
ŁABUDZIŃSKI;131
MALADA;131
MAŃTURZYK;131
MARGIELA;131
MASZCZYŃSKI;131
MIĘSOWICZ;131
MŁOTKIEWICZ;131
MOTOR;131
MYRLAK;131
MYSIOREK;131
NELKOWSKI;131
OCIPKA;131
OLK;131
OLTER;131
OŚRÓDKA;131
PALIDER;131
PASKUDA;131
PICHURA;131
PIETRUSIK;131
PIGIEL;131
PŁOUCHA;131
PODBILSKI;131
PODLIPSKI;131
POLANEK;131
PUDYSZ;131
RAMANOUSKI;131
REBELSKI;131
RUDAKOV;131
RZEMYK;131
RZEWUCKI;131
SALUS;131
SAMICZAK;131
SAWCZENKO;131
SHAKHOV;131
SIDEŁKO;131
SKOLARUS;131
SKORLIŃSKI;131
SPÓLNICKI;131
STARANOWICZ;131
STARSIAK;131
STECH;131
STILER;131
STPICZYŃSKI;131
STROMCZYŃSKI;131
STRUTYNSKYI;131
SZKORUPA;131
SZOŁDROWSKI;131
SZWAJKOSZ;131
SZWEDZIAK;131
THAPA MAGAR;131
UMIĘCKI;131
UVAROV;131
WANIC;131
WASYLKO;131
WELCZ;131
WOJEWNIK;131
WÓLTAŃSKI;131
WYBRANIAK;131
ZARITSKYI;131
ZIELNIEWICZ;131
ZIEŃKO;131
ZYGOWSKI;131
ŹRÓDŁOWSKI;131
ABRAMOVYCH;130
ANTOSIUK;130
AUGUSTIN;130
BARWAŚNA;130
BELEI;130
BEZPALA;130
BIELONKO;130
BIERANOWSKA;130
BLACHNIK;130
BOHACHOVA;130
BOHATYROVA;130
BRUNIECKA;130
BUSCH;130
CELI;130
CHUDZIKOWSKA;130
CZEREDYS;130
DĄDALSKA;130
DŁUBISZ;130
DONIECKA;130
DRECZKOWSKA;130
DYDYK;130
GARDULSKA;130
GŁYŻEWSKA;130
GOCMAN;130
GOLASIK;130
GORAZDOWSKA;130
GÓRNIKIEWICZ;130
GUZEWSKA;130
GZIUT;130
HARASHCHENKO;130
HEROLD;130
HLUKHOVA;130
HRABOVA;130
HUDYM;130
IGNACEK;130
JANS;130
JARZYNOWSKA;130
JOCHIM;130
KAIK;130
KARPICKA;130
KŁYSZEWSKA;130
KOŁCON;130
KOMISARCZUK;130
KONSUR;130
KORDULEWSKA;130
KORTH;130
KORWIN-PIOTROWSKA;130
KORZUCH;130
KOTWASIŃSKA;130
KRĘCIEWSKA;130
KUBASA;130
KURYLIUK;130
LAMPERSKA;130
LAVRENKO;130
LAWENDOWSKA;130
LAZAREWICZ;130
LICHA;130
LISICA;130
LOIKO;130
ŁAZEWSKA;130
ŁĄGIEWCZYK;130
ŁUCYSZYN;130
MAKSYLEWICZ;130
MATELOWSKA;130
MENDELA;130
MIERSKA;130
MINICKA;130
MOCZULAK;130
MONASTERSKA;130
MYSIŃSKA;130
NASKRENT;130
NOVYKOVA;130
NOWAŃSKA;130
ODÓJ;130
OKOLUS;130
OKULICZ;130
ORIEKHOVA;130
ORLEAŃSKA;130
OSADOWSKA;130
OVCHAR;130
PAPOŃ;130
PARCZYK;130
PAWLARCZYK;130
PĘCIKIEWICZ;130
PIECHACZYK;130
POLK;130
POMICHOWSKA;130
PROSKE;130
PROSZKIEWICZ;130
PRYŁOWSKA;130
PRZESZŁOWSKA;130
RASZYŃSKA;130
RZEWUCKA;130
SCHÜTZ;130
SHUT;130
SIEKIERKOWSKA;130
SMOLEWSKA;130
SMÓŁKOWSKA;130
SPECJAŁ;130
STACHARSKA;130
SYPIAŃSKA;130
SZAPOWAŁ;130
SZEMBORSKA;130
SZURMAN;130
SZUTKIEWICZ;130
SZYŁKO;130
SZYMAŚ;130
ŚWIOKŁO;130
TOLL;130
TOMKALSKA;130
UKLEJEWSKA;130
URSZULAK;130
UTKINA;130
WACHACZYK;130
WALCZYKIEWICZ;130
WEKWERT;130
WINECKA;130
YUSUPOVA;130
ZAGNIŃSKA;130
ZIMKOWSKA;130
ARUTIUNIAN;130
BADO;130
BAWOŁEK;130
BENECKI;130
BISWAS;130
BLOKESZ;130
BOBELA;130
BRÓD;130
BUDZIEWSKI;130
CHODURA;130
CHUDZIKOWSKI;130
CIMASZEWSKI;130
DENDURA;130
DOJLIDA;130
DOJNIKOWSKI;130
DRABIEC;130
FALGER;130
FARACIK;130
FEDERCZYK;130
FENGER;130
FULCZYK;130
GAĆKOWSKI;130
GAWEŁDA;130
GAŻA;130
GORAZDOWSKI;130
GRUPIŃSKI;130
HAWRYŁKO;130
HEJAK;130
HRYCYSZYN;130
HYZIAK;130
JABŁCZYŃSKI;130
JAGIELNIK;130
JENCZELEWSKI;130
JĘSIAK;130
KABANOV;130
KACZANOWICZ;130
KALECIAK;130
KAŁĘKA;130
KERIMOV;130
KISZYCKI;130
KŁUŚ;130
KOLASSA;130
KOLERSKI;130
KOŁĄTAJ;130
KOPAŃCZYK;130
KOPCZA;130
KOREŃ;130
KRĄŻEK;130
KRUPNIEWSKI;130
KUPIJAJ;130
LUKOSZ;130
LURANIEC;130
ŁAGIEWKA;130
ŁAJDECKI;130
ŁANECKI;130
ŁĘT;130
MAGDALIŃSKI;130
MAKIŁA;130
MANTYK;130
MARDAUS;130
MEKHTIEV;130
MĘDYK;130
MIŚKOWSKI;130
MITSKEVICH;130
MYSIŃSKI;130
NAGIĘĆ;130
NAJKOWSKI;130
NAWROTKIEWICZ;130
OCIŃSKI;130
PASZKIEL;130
PATRYARCHA;130
PELON;130
PĘCHEREK;130
PLISAK;130
POLICIŃSKI;130
POZIMSKI;130
PÓŁTORACZYK;130
RASZYŃSKI;130
ROŻDŻYŃSKI;130
SĄDAJ;130
SMOCZEK;130
SMUTNIAK;130
STAWISIŃSKI;130
SUSLOV;130
SYSIO;130
SZLACHTOWICZ;130
SZMACIŃSKI;130
SZMEICHEL;130
SZNAJDROWSKI;130
SZUKIEŁOWICZ;130
SZUR;130
SZURMAK;130
SZURNICKI;130
SZUSTKOWSKI;130
SZUTTA;130
SZYGULSKI;130
TEODORSKI;130
TŁOMAK;130
TOSNOWIEC;130
TROJAKOWSKI;130
TRZEPACZKA;130
URIASZ;130
USTOWSKI;130
WACIŃSKI;130
WAJNER;130
WIATROWICZ;130
WICZUK;130
WIELGOLEWSKI;130
WIĘSAK;130
WLAŹLIK;130
WORKOWSKI;130
WRZASKOWSKI;130
ZĄTEK;130
ZBIEGIEŃ;130
ZELENYI;130
ZONIK;130
ANDRUSYK;129
ANTONIV;129
BAŁECKA;129
BILIAIEVA;129
BORISOVA;129
BRANNY;129
CAŁCZYŃSKA;129
CEMBROWSKA;129
CHRISTENSEN;129
CIECHOCIŃSKA;129
CISEWSKA;129
ĆWIELONG;129
DARDAS;129
DERLACZ;129
DOBIASZ;129
DZHURA;129
EBEL;129
EKSNER;129
FEJFER;129
FILCEK;129
FIRUT;129
FORYSZEWSKA;129
FULBISZEWSKA;129
GAJDZICKA;129
GIERKOWSKA;129
GLAPSKA;129
GLENSK;129
GORALCZYK;129
GOWARZEWSKA;129
GRZĘDOWSKA;129
GRZYŚKA;129
HLUSHCHUK;129
HOŁDERNA;129
HOSTYŃSKA;129
HRUSHETSKA;129
HRYHORUK;129
HRYWNIAK;129
IWANKOWSKA;129
KARMIŃSKA;129
KENDZIA;129
KIEŁBIŃSKA;129
KILAŃSKA;129
KLEIBER;129
KLĘBOWSKA;129
KLYMOVA;129
KŁUJSZO;129
KOMKOWSKA;129
KONDERLA;129
KOSTRZAK;129
KRĘCIWILK;129
KROKHMAL;129
KUKURUZA;129
KUNKOWSKA;129
LAKSANDER;129
LOTYCZ;129
MACZUGOWSKA;129
MATOWICKA;129
MITINA;129
MOSKALOVA;129
NADWORSKA;129
NAJEWSKA;129
NATORA;129
NIELABA;129
NIESLER;129
NIEZNAJ;129
NONAS;129
OKAZ;129
OKUŃSKA;129
OTOMAŃSKA;129
PACHNICKA;129
PAWNUK;129
PĘTKOWSKA;129
PHILIPP;129
PIEŃCZAK;129
PLUZHNYK;129
PODBILSKA;129
POTOTSKA;129
PRENTKA;129
PRUCZKOWSKA;129
PRYIMA;129
RABIAŃSKA;129
REDMAN;129
REMIORZ;129
REZNIKOVA;129
RIABTSEVA;129
ROSŁANOWSKA;129
ROSOSIŃSKA;129
ROŻNIAKOWSKA;129
RÓŻYCZKA;129
SANIK;129
SAPRYKINA;129
SENDERECKA;129
SHAPRAN;129
SINCHUK;129
SKOTOWSKA;129
SKRĘTKOWSKA;129
SŁAWĘCKA;129
SOWICKA;129
STEGIENKO;129
SZACHOWSKA;129
SZATKA;129
SZLEPER;129
SZUSTKOWSKA;129
SZWAT;129
ŚCIECHOWSKA;129
TĄTA;129
TOBOLIK;129
TODORSKA;129
TRASKOWSKA;129
TSVIHUN;129
TWARDO;129
WALESKA;129
WAWRYN;129
WELKA;129
WISOWSKA;129
WOLAREK;129
WUJDA;129
WYCHOWSKA;129
ZABILSKA;129
ZACŁONA;129
ZAHORODNA;129
ZBRZYZNA;129
ZGARDZIŃSKA;129
ZIELEWICZ;129
ŻELEŹNICKA;129
AMBROŻAK;129
ANCZYK;129
BACHORA;129
BAJGROWICZ;129
BAŁONIAK;129
BARTA;129
BAUCH;129
BECZKOWSKI;129
BEŁŻEK;129
BOCER;129
BOCZNIEWICZ;129
BOGDANOV;129
BRĄŚ;129
BROJANOWSKI;129
BRZUSTEWICZ;129
BURNATOWSKI;129
BYRKA;129
BYSTRZYŃSKI;129
CHACHURA;129
CHOCHOŁOWICZ;129
CHUDOBIŃSKI;129
CUDECKI;129
CZOCHÓR;129
DEMIANOV;129
DOBRAŚ;129
DRAWSKI;129
DROBCZYŃSKI;129
DRYK;129
DUDZICKI;129
DULINIEC;129
DURANOWSKI;129
DUŻYK;129
DZIUBLEWSKI;129
DZIURLIKOWSKI;129
EDELMAN;129
FERNANDEZ;129
FIEDZIUKIEWICZ;129
FOSZCZYŃSKI;129
GAŁĘZIOK;129
GIERMAKOWSKI;129
GIERSZAL;129
GOJKE;129
GOŁOWACZ;129
GRAJCAREK;129
GUZIUK;129
GWORYS;129
HOŁODNIAK;129
HOSTYŃSKI;129
IGNACIK;129
IMBIOROWICZ;129
JADŁOWSKI;129
JASITCZAK;129
JĘDROS;129
JÓŹWIUK;129
KARKOSA;129
KARŁO;129
KARMIŃSKI;129
KARPLIUK;129
KISŁO;129
KLACZKOWSKI;129
KLEINOWSKI;129
KOLIBOWSKI;129
KOPISZKA;129
KOTRYCH;129
KOZIESTAŃSKI;129
KROSZCZYŃSKI;129
KUNYTSKYI;129
LEGACKI;129
LICHOROBIEC;129
LIPICKI;129
LULKIEWICZ;129
MAGNUS;129
MARCHEWCZYK;129
MARECZKO;129
MECHOWSKI;129
MIDZIO;129
MIĘDZYBRODZKI;129
MIŻEJEWSKI;129
MOISIEIEV;129
MOLEWSKI;129
MUDRY;129
NAROJEK;129
OMIECZYŃSKI;129
PAULAU;129
PAUTER;129
PISZCZYŃSKI;129
POBORCZYK;129
POKOJOWCZYK;129
PRUBAN;129
PRZYCZKA;129
PYSZKO;129
RAMSKI;129
RANDAK;129
RAPCIAK;129
RĄBA;129
REDEK;129
REMIN;129
RĘDZINA;129
ROZKOCHA;129
RUMIANTSEV;129
RYĆ;129
SERWECIŃSKI;129
SHI;129
SIBIELAK;129
SIDOROV;129
SIRANT;129
SŁUBIK;129
SOBUŃ;129
SOWICKI;129
SUCHIŃSKI;129
SUNAR;129
SWACHTA;129
SZCZUDŁOWSKI;129
SZURMA;129
ŚLUŻYŃSKI;129
ŚMIECHURA;129
TARACIŃSKI;129
TIWARI;129
TŁUŚCIAK;129
TONN;129
TUŁAZA;129
URYCH;129
UZAROWICZ;129
UŻAROWSKI;129
VASILEVICH;129
WACHOŃSKI;129
WALERYŚ;129
WARMIJAK;129
WAWRZEŃCZAK;129
WIECHNO;129
WIECIŃSKI;129
ZAJEGA;129
ZAMACHOWSKI;129
ZDANEK;129
ZDROWAK;129
ZIMKOWSKI;129
ZYDOR;129
ŻURAK;129
ŻYLEWICZ;129
AFTAŃSKA;128
ANANIEVA;128
ARKHYPOVA;128
BENNETT;128
BEZSMERTNA;128
BIBRZYCKA;128
BIENIEWICZ;128
BIRNBAUM;128
BISTRAM;128
BOZHENKO;128
BRAL;128
BRAWAŃSKA;128
BRUKWICKA;128
BURNO;128
BYDŁOWSKA;128
CHUDOBIŃSKA;128
CZARNASIAK;128
CZESKA;128
DARGIEL;128
DEMBINSKA;128
DEMIDOVA;128
DEMKIEWICZ;128
DEŃCA;128
DMOCHEWICZ;128
DRANIKOWSKA;128
DROŃSKA;128
DUMIŃSKA;128
DUNAJKO;128
DYLKA;128
FISHER;128
FRONCKIEWICZ;128
GAJDEROWICZ;128
GODERSKA;128
GOREK;128
HADYŃSKA;128
HAIDAR;128
HAPKE;128
HARKAVA;128
HREK;128
JACIUK;128
JARONIEWSKA;128
JASZKE;128
JAWNIAK;128
JEKEL;128
JUSTYNIARSKA;128
KAKIET;128
KIDYBA;128
KISZYCKA;128
KOKSA;128
KORCALA;128
KORŻYŃSKA;128
KREJNER;128
KROMP;128
KRZEPTOWSKA;128
KUCZARA;128
KUCZKOWIAK;128
KUJAŁOWICZ;128
LELENIEWSKA;128
LISTOS;128
LOSIAK;128
MALITOWSKA;128
MASLO;128
MAZERSKA;128
MINIEWSKA;128
MIZGAJSKA;128
MOJSYM;128
NĘDZYŃSKA;128
NIKITCHENKO;128
NIŚKIEWICZ;128
OLSHANSKA;128
OPAROWSKA;128
OTLIK;128
PIECHUT;128
PILACHOWSKA;128
PINIEWSKA;128
PLEBAŃCZYK;128
RACHELSKA;128
RACZYKOWSKA;128
RADZAJEWSKA;128
RASZ;128
REBELSKA;128
REJER;128
ROŻKOWICZ;128
RUSOWICZ;128
SAKRAJDA;128
SKIBISZEWSKA;128
SKUDLARSKA;128
SOBORSKA;128
SOCZOMSKA;128
SRIBNA;128
STAWISIŃSKA;128
STOCHŁA;128
STUDZIŻBA;128
SVENSSON;128
TOMACZKOWSKA;128
TROKOWSKA;128
TYMKIEWICZ;128
TYMOSIEWICZ;128
URYCKA;128
WALACH;128
WARDEŃSKA;128
WOŹNIEWICZ;128
WYMAZAŁA;128
YEVSIEIEVA;128
ZAŁĘGOWSKA;128
ZIOŁEK;128
ZŁOTORZYŃSKA;128
ZUZAK;128
BANDERA;128
BARWAŚNY;128
BIBROWSKI;128
BONCOL;128
BUŁATOWICZ;128
BZDAWKA;128
CHANEK;128
CHRABOŁ;128
CHRACA;128
CHRUL;128
CICHERSKI;128
CIEMNOCZOŁOWSKI;128
CYSARZ;128
DAŹ;128
DEBERNY;128
DERESZYŃSKI;128
DOAN;128
DRUMIŃSKI;128
DWORZYCKI;128
FEDIV;128
FELCZEREK;128
FIDALI;128
FUDRO;128
GABRYELEWICZ;128
GAŁUSZA;128
GEVORGYAN;128
GIELNIEWSKI;128
GIRI;128
GŁĄBOWSKI;128
GOŁYŚ;128
GRĘZICKI;128
HAJNOSZ;128
HAŃSKI;128
HARŁACZ;128
HUDZIŃSKI;128
JENDRASZEK;128
JUZALA;128
KALUHIN;128
KAPANOWSKI;128
KIELISZEWSKI;128
KLEM;128
KOK;128
KRACZKA;128
KRZUŚ;128
KRZYKALSKI;128
KUTWIN;128
LESHKO;128
LEWIKOWSKI;128
LIAUCHUK;128
LIBERTOWSKI;128
LUBRYKA;128
LUFT;128
ŁĄDKA;128
ŁYŹNIAK;128
MAKOVIICHUK;128
MAMMADLI;128
MARZECKI;128
MATURSKI;128
MATYŚNIAK;128
MAZIŃSKI;128
MĄDRASZEWSKI;128
MEDYCKI;128
MIELAŃCZUK;128
MILSKI;128
MIROŚ;128
MIŻDAL;128
MLECZKOWSKI;128
MORDAWSKI;128
NASZKIEWICZ;128
NEUPANE;128
NITARSKI;128
NOWOŚWIAT;128
NOWOTKO;128
ORŁOW;128
OSMOŁA;128
PACIERZ;128
PANASIK;128
PEIKERT;128
PEJKA;128
PERMUS;128
PĘPKOWSKI;128
PICHLIŃSKI;128
PIEKUŚ;128
PILACKI;128
POKUCIŃSKI;128
POPROCH;128
POZNAŃ;128
PRAGNĄCY;128
PRASOL;128
PRONDZIŃSKI;128
PUSIAK;128
RADU;128
RAJFUR;128
RANIOWSKI;128
ROKITKA;128
RYPUŁA;128
SAJNOG;128
SAŁAGAN;128
SAUERMANN;128
SETNY;128
SKÓRNIEWSKI;128
SKURZOK;128
SOROTA;128
SOWULEWSKI;128
SPECJALSKI;128
SPROT;128
STANDZIAK;128
STOICA;128
STRZĘPA;128
STYCZEK;128
SUTYŁA;128
SZAŁAMACHA;128
SZYMALSKI;128
SZYMOSZEK;128
SZYPCZYŃSKI;128
ŚCIECHOWSKI;128
ŚNIADKOWSKI;128
ŚRAMSKI;128
ŚWIERGOSZ;128
TABACZEK;128
TOMAŃSKI;128
TOPOL;128
TRĘBACKI;128
TYBLEWSKI;128
UŁAN;128
URBISZ;128
VOLSKYI;128
WANAGO;128
WASIEWSKI;128
WAWRZYNIECKI;128
WERBICKI;128
WIKALIŃSKI;128
WILAND;128
ZACHOLSKI;128
ZAJUSZ;128
ZAPOLNIK;128
ZAPÓR;128
ŻENDARSKI;128
ŻOŁYNIA;128
BAKINOWSKA;127
BANEL;127
BIJOCH;127
BOŁĄDŹ;127
BRONECKA;127
BRZUSTOWSKA;127
CELEJOWSKA;127
CHAŁADAJ;127
CHOŁODOWSKA;127
CIEMIECKA;127
CIOŁKA;127
CIPKOWSKA;127
CUGOWSKA;127
CYTARZYŃSKA;127
CZOGALIK;127
CZUDOWSKA;127
DERRA;127
DONNER;127
DYMURA;127
DZIERLATKA;127
FELNER;127
GATTNER;127
GLAMOWSKA;127
GROCHOWICKA;127
HALIKOWSKA;127
HLADKOVA;127
HLOVA;127
HUBENKO;127
JARMAKOWICZ;127
JUŹWIN;127
KAPALSKA;127
KENDRA;127
KLEPARSKA;127
KOCIUBOWSKA;127
KOŁPACZYŃSKA;127
KOROLEWSKA;127
KOSTIUKOVA;127
KRAIEVSKA;127
KROKOCKA;127
KUPRIIANOVA;127
KWAŚKIEWICZ;127
LICHACZEWSKA;127
LISSOWSKA;127
LIWOSZ;127
LOHINOVA;127
LUDEK;127
ŁUKOWIEC;127
MALENKO;127
MAŁODOBRA;127
MASTALERCZUK;127
MAURY;127
MIKLEWICZ;127
MOLEWSKA;127
MOŚKO;127
MUCHOROWSKA;127
NĘCEK;127
NICGORSKA;127
OGRODNICZEK;127
OLESZKOWICZ;127
OSNOWSKA;127
OSTROGA;127
PACHNOWSKA;127
PALION;127
PARFONOVA;127
PAWĘZOWSKA;127
PĘKOWSKA;127
PIETRYK;127
PIKIEWICZ;127
PIROS;127
PISZCZYŃSKA;127
POCZYNEK;127
PODCZERWIŃSKA;127
POGORZAŁEK;127
PÓLKOWSKA;127
PRZYWARTA;127
RZADKOWOLSKA;127
SAKHAROVA;127
SAWARYN;127
SHUBINA;127
SHYSHKA;127
SIÓDMAK;127
SŁOMNICKA;127
SŁOPIECKA;127
SOBOTKIEWICZ;127
SOPOROWSKA;127
STAMIROWSKA;127
STARODUBTSEVA;127
STEMBALSKA;127
STENDERA;127
STEPCZUK;127
STOŁECKA;127
STRABURZYŃSKA;127
SZCZUDŁOWSKA;127
SZCZYTKOWSKA;127
SZENDEL;127
SZLAMA;127
SZOŁDROWSKA;127
TADROWSKA;127
TEŚLUK;127
TOMANIAK;127
TROJAKOWSKA;127
TUSTANOWSKA;127
UMIĘCKA;127
YAKUBENKO;127
ZAMIELSKA;127
BAJKA;127
BANDYSZEWSKI;127
BESARABA;127
BETKOWSKI;127
BISZKONT;127
BONDEL;127
BRAWAŃSKI;127
BRUKWICKI;127
ÇELIK;127
CEREKWICKI;127
CHĘCIEK;127
CHOROBIŃSKI;127
CHYZHEVSKYI;127
ĆWIL;127
??NG;127
DARASZKIEWICZ;127
DOMORACKI;127
DROSIŃSKI;127
DRZENIEK;127
DUZOWSKI;127
DWORACKI;127
DYMCZAK;127
FORYSIUK;127
FURGACZ;127
GACHOWSKI;127
GAZIŃSKI;127
GĘBOŁYŚ;127
GOLASOWSKI;127
GOŚLICKI;127
GRABIASZ;127
HARAZIŃSKI;127
HEIMOWSKI;127
HUDECKI;127
IMAŃSKI;127
JABORSKI;127
JARDZIOCH;127
JARMUSZCZAK;127
JARMUSZEWSKI;127
JARZYNOWSKI;127
JĄCZYŃSKI;127
JUNGIEWICZ;127
KHALIL;127
KIKOŁA;127
KISIELOWSKI;127
KLĘPKA;127
KŁAPEĆ;127
KŁYSZEWSKI;127
KOŁTOŃSKI;127
KOMINIARCZYK;127
KOPIŚ;127
KORDYLASIŃSKI;127
KSYCKI;127
KURDYŁA;127
KUTRZEPA;127
KWASIŃSKI;127
LELIWA;127
LEPUTA;127
LEWCZYŃSKI;127
LIPNIACKI;127
LIPOWY;127
LUBRANT;127
LUSINA;127
MACIUSZKO;127
MACZKOWSKI;127
MAGDZIARCZYK;127
MALEWICKI;127
MATELOWSKI;127
MELNICKI;127
MERENA;127
MIHAYLOV;127
MISARKO;127
MOKRZAN;127
NICGORSKI;127
OSTRYCHARCZYK;127
OVCHAROV;127
PANFILOV;127
PEREZ;127
PEROŃCZYK;127
PILACHOWSKI;127
PIWARSKI;127
POCZTAREK;127
PONIEWSKI;127
PÓŁĆWIARTEK;127
PÓŁGĘSEK;127
PROJS;127
PRZEMIELEWSKI;127
PUCHER;127
RENC;127
REYES;127
ROGOŹNICKI;127
RYBOWICZ;127
SEKUTOWICZ;127
SENDERAK;127
SIEJK;127
SIEROV;127
SIERSZUŁA;127
SINKEVICH;127
SKOŁUDA;127
SKRAJNOWSKI;127
SKVORTSOV;127
SŁABCZYŃSKI;127
SŁAWĘCKI;127
SŁOWY;127
SOSWA;127
STAMM;127
STRĄCZKOWSKI;127
SZCZYTKOWSKI;127
SZMITKO;127
SZPAŁEK;127
SZUMIGALSKI;127
SZYROKI;127
TARAZEWICZ;127
TESARSKI;127
TICHONIUK;127
TRUSZYŃSKI;127
TRZEBUCHOWSKI;127
UHLENBERG;127
ULĄŻKA;127
WALESZCZYK;127
WĘŻOWICZ;127
WIERNEK;127
WIERZEJEWSKI;127
WITUSKI;127
WOJSYK;127
WOJTUŚCISZYN;127
WOŁUJEWICZ;127
WUJCZYK;127
WYPIJ;127
ZADRUŻYŃSKI;127
ZAGNIŃSKI;127
ZBONIKOWSKI;127
ZDOBYCH;127
ZGÓRECKI;127
ZMEŁTY;127
ZOCH;127
BADYŃSKA;126
BELICZYŃSKA;126
BOLCZAK;126
BÖTTCHER;126
BRANDEBURG;126
BRENKUS;126
BUBIEŃ;126
CZECHOLIŃSKA;126
CZWARTOSZ;126
ĆWIELUCH;126
DADAŁ;126
DEMETER;126
DERESZYŃSKA;126
DUDENKO;126
DZIAD;126
FĄFERKO;126
FEDINA;126
FIJEWSKA;126
FLORAS;126
FLORYN;126
FRIEBE;126
GARDEŁA;126
GĄDZIK;126
GIEDZIUN;126
GIEŁDON;126
GRADOMSKA;126
GRĄŻKA;126
GRĘDYSA;126
GRZESIKOWSKA;126
HEINZ;126
HRISTOVA;126
HUBANOVA;126
HUŃKA;126
IMACH;126
IVANTSOVA;126
JABŁCZYŃSKA;126
JANUŁA;126
JARENTOWSKA;126
JĄCZYŃSKA;126
JEMIOŁEK;126
JĘDRECKA;126
JULKOWSKA;126
KARWETA;126
KLEINOWSKA;126
KOŁASZEWSKA;126
KOŁC;126
KORDASIEWICZ;126
KRĘPEĆ;126
KROSZCZYŃSKA;126
KRÓLSKA;126
KRZYSZOWSKA;126
KUFLOWSKA;126
KUKHARSKA;126
KULAWSKA;126
KULINA;126
LABUT;126
LAMKOWSKA;126
LECKA;126
LIEGMANN;126
LOPUSHANSKA;126
LYPKA;126
MALETS;126
MARSKA;126
MIECHOWIECKA;126
MIEDVIEDIEVA;126
OLEJARNIK;126
OLĘCKA;126
OSTROWIECKA;126
PAŁUSKA;126
PANCHYRZ;126
PAWLICZUK;126
PERLEJEWSKA;126
PIEŚCIK;126
PISZEWSKA;126
PODSĘDEK;126
POŁOSAK;126
PORZEŻYŃSKA;126
PRACUCH;126
PRZYGUCKA;126
RACEWICZ;126
REKUCKA;126
RETELEWSKA;126
RIABCHUK;126
RIABKO;126
ROGOŹNICKA;126
RUDNITSKA;126
SERDIUKOVA;126
SHATOKHINA;126
SIERGIEJUK;126
SKORODZIEŃ;126
SKÓRCZ;126
SOMPOLIŃSKA;126
SROGOSZ;126
STOTSKA;126
SURKONT;126
SZCZYPIOROWSKA;126
TANASIICHUK;126
TCHOROWSKA;126
TRĘBACKA;126
USNARSKA;126
UTECHT;126
VAKULA;126
WALISIEWICZ;126
WĄTŁA;126
WLEKŁA;126
WÓJKIEWICZ;126
ZACIERA;126
ZAMECKA;126
ZDUNIK;126
ZWIERZYCKA;126
ŹRUBEK;126
ŻYGA;126
ABRATAŃSKI;126
AFTOWICZ;126
ARKHIPOV;126
BAŁAJEWICZ;126
BARYCZKA;126
BENDYKOWSKI;126
BERAŚ;126
BESTWINA;126
BISTUŁA;126
BOBRUCKI;126
BOT;126
BUŻAN;126
BZDUCHA;126
CHILMON;126
CHODOŁA;126
CHRÓŚCIEL;126
CIECIUCH;126
CZESZKIEWICZ;126
DEKIEL;126
DEMPC;126
DŁUCIK;126
DOMINEK;126
DUDOŃ;126
DYŁO;126
DYMUS;126
DYNUS;126
DZIEWIC;126
ENERLICH;126
FABRYCKI;126
FELCHNER;126
FIUCZEK;126
FRYGIER;126
FRYŃ;126
GAJOWIEC;126
GLAPSKI;126
GMUROWSKI;126
GODZIEWSKI;126
GROSU;126
GRUS;126
GURA;126
HEJNOSZ;126
HUDEK;126
HUPALO;126
ITRYCH;126
IWANKOWSKI;126
JAIN;126
JAJKOWSKI;126
JANTOSZ;126
JAROMINIAK;126
JASIAKIEWICZ;126
JASIKOWSKI;126
JI;126
JUSTYNIARSKI;126
KALEK;126
KANCLERSKI;126
KAPUSTIN;126
KEMPARA;126
KINASIEWICZ;126
KLEPARSKI;126
KLICZKOWSKI;126
KŁĘBOWSKI;126
KŁOSSOWSKI;126
KOŚCIARZ;126
KRAZIŃSKI;126
KRUSZAKIN;126
KUCZMERA;126
KULIKOVSKYI;126
KUSZTYKIEWICZ;126
KUTYNIA;126
KUZMINSKYI;126
KWIDZINSKI;126
LACHS;126
LENKOWSKI;126
LESIEŃ;126
LIPCZAK;126
LIPOWCZAN;126
MALINKIEWICZ;126
MASTALERCZYK;126
MELSON;126
MIKLUS;126
MODROWSKI;126
MOKROGULSKI;126
MUCHALSKI;126
MURMYŁO;126
OCHELSKI;126
OLECHNY;126
OSSOWICKI;126
PAWLUSEK;126
PERSAK;126
PETUKHOV;126
PŁUGOWSKI;126
POCHOWSKI;126
PODCZERWIŃSKI;126
POKAROWSKI;126
PRUSZCZYŃSKI;126
RABIJ;126
RAKHMONOV;126
REPETA;126
ROTNICKI;126
RZEŹWICKI;126
SALAUYOU;126
SALEH;126
SEWASTIANOWICZ;126
SĘDROWICZ;126
SHAUCHENKA;126
STOCHMIAŁEK;126
SUBSTELNY;126
SUREL;126
SZPERNA;126
SZWECHŁOWICZ;126
SZYMANSKI;126
ŚLISKI;126
TARCZYKOWSKI;126
TOBIAS;126
TODORSKI;126
TUROSZ;126
TUTKAJ;126
VASIN;126
WARZAŁA;126
WERBLIŃSKI;126
WERSOCKI;126
WINKIEWICZ;126
WOJTAREK;126
WYPYSKI;126
YANIUK;126
ZALASA;126
ZAPRZAŁA;126
ZGUDA;126
ZŁYDASZYK;126
ZUCHNIEWICZ;126
ZUŃ;126
ZVIERIEV;126
ŻACHOWSKI;126
ABBASOVA;125
ADAMOVYCH;125
ALBINGIER;125
ALEKS;125
ANDERWALD;125
ANDREJCZYK;125
BAHLAI;125
BELL;125
BIESCHKE;125
BODYLSKA;125
BRODKA;125
BUNK;125
BURTSEVA;125
CHERKOWSKA;125
CIAPCIŃSKA;125
CIEKLIŃSKA;125
CIEŚLOWSKA;125
CIRA;125
CYRANKA;125
DEREBECKA;125
DRELICHARZ;125
DROSIŃSKA;125
DUBIEC;125
DUZOWSKA;125
DZIUBLEWSKA;125
DZIURLIKOWSKA;125
FABRYCKA;125
FELICIAK;125
FERENTS;125
FLEGER;125
FORSTER;125
GIERLIK;125
GORZULA;125
GRUBIZNA;125
GUTH;125
HAJDYS;125
HANASZ;125
HLADII;125
HOLOVCHAK;125
INCZEWSKA;125
ITRICH;125
JAKUSZ-GOSTOMSKA;125
JERKA;125
JĘŻAK;125
KALLAS;125
KAPYŚ;125
KICZOR;125
KIELISZEWSKA;125
KIIASHKO;125
KLEMENSKA;125
KŁĘBOWSKA;125
KOCHANA;125
KORALIK;125
KOSZUCKA;125
KOWAŃSKA;125
KOZIESTAŃSKA;125
KUCIARA;125
KULINSKA;125
KURKO;125
LATAWSKA;125
LATYSHEVA;125
LISOVETS;125
LUHOVSKA;125
MAISON;125
MAKARCZYK;125
MAKLAKIEWICZ;125
MANTORSKA;125
MAŚNIK;125
MELNICKA;125
MICHAŁKOWSKA;125
MIHAYLOVA;125
MUDEL;125
MUSAEVA;125
OBNISKA;125
OLSZEWICZ;125
PACKA;125
PAVLIK;125
PENCONEK;125
PEPŁOŃSKA;125
PIETRYSZYN;125
POMAZAN;125
PONCYLIUSZ;125
POPPE;125
PRONDZIŃSKA;125
PRZYWOJSKA;125
PUCUŁA;125
RAMUŚ;125
REPA;125
SAMPOLSKA;125
SIUCHNIŃSKA;125
SIUTKOWSKA;125
SKŁUCKA;125
SLOBODA;125
SMETANA;125
SOJ;125
SOŁTOWSKA;125
SUROWA;125
SYNIUK;125
SZLOSARCZYK;125
SZÓSTAKOWSKA;125
SZUMICKA;125
ŚCIPIEŃ;125
TARACIŃSKA;125
TARCZYKOWSKA;125
TATARZYŃSKA;125
TĘTNOWSKA;125
TROKHYMENKO;125
TYMPALSKA;125
VESELOVA;125
WANATOWSKA;125
WARDAWA;125
WAWRÓW;125
WENCEK;125
WIECIŃSKA;125
WIERZEJEWSKA;125
WILEMSKA;125
WITASZAK;125
WOROPAJ;125
WUTKOWSKA;125
ZABIEGLIŃSKA;125
ZACHWIEJ;125
ŻMURKO;125
ALANKIEWICZ;125
BABILAS;125
BIEŁKA;125
BIŁAN;125
BIRYŁO;125
BODECKI;125
BONDAREV;125
BUKOWICZ;125
CEJNÓG;125
CHERKOWSKI;125
CHORNENKYI;125
CIAMAGA;125
CIEŚLOWSKI;125
CZECHANOWSKI;125
CZERNIC;125
DOBIAS;125
DOGIEL;125
DONDA;125
DUBIN;125
DYMAŃSKI;125
DZIEWECZYŃSKI;125
EMPEL;125
FIRLEJCZYK;125
FUSIK;125
GARYGA;125
GAZA;125
GLISTAK;125
GŁOGIEWICZ;125
GŁUSIŃSKI;125
GORZĄCH;125
GÓRALCZUK;125
GRZEBISZ;125
GWIS;125
HENNE;125
HERDZINA;125
HERETYK;125
HERMYT;125
IZYDOR;125
JĘDROWIAK;125
KAJOCH;125
KARPIENIA;125
KHAKIMOV;125
KIEROŃ;125
KIEROŃCZYK;125
KISIŃSKI;125
KLEKOWICKI;125
KLICZKA;125
KLUBIŃSKI;125
KŁÓDKA;125
KOCZ;125
KOCZURA;125
KOŁCZYK;125
KOMINOWSKI;125
KOPYSTYŃSKI;125
KORNALSKI;125
KOZORYS;125
KRAJNIEWSKI;125
KRĄKOWSKI;125
KRĘGLICKI;125
KRZYSZTOFIŃSKI;125
KURBONOV;125
KURDELSKI;125
KWOSKA;125
LAMCHA;125
LAPS;125
LIBICH;125
LOMAKIN;125
ŁAPSA;125
MAHMOUD;125
MENDOZA;125
MIĘTKOWSKI;125
MYCH;125
NOWIKOW;125
ODYJAS;125
OSŁOWSKI;125
OSMOLA;125
OZIOMEK;125
PASZT;125
PETROVYCH;125
PETYNIAK;125
PIEKLAK;125
PIELUSZCZAK;125
PIKRON;125
PINTARA;125
PISZCZÓR;125
PISZEWSKI;125
PIZON;125
PŁASKOŃ;125
PŁESZKA;125
POTEMPSKI;125
PUSTOVYI;125
PUŚCIZNA;125
RACHOCKI;125
ROSZCZYPAŁA;125
ROSZEWSKI;125
RUŚNIOK;125
RYGAS;125
RYŚNIK;125
SAKALOU;125
SAWCZYSZYN;125
SERÓWKA;125
SIEMCZYK;125
SKROBICH;125
SMĘT;125
SOBIESZKODA;125
SOCZOMSKI;125
SUMIŁA;125
SVINTSITSKYI;125
SWORST;125
SZYMERSKI;125
ŚCIUBIDŁO;125
ŚLAŻYŃSKI;125
ŚMIGLAK;125
ŚWIERŻYŃSKI;125
ŚWIĘSZEK;125
TABAŁA;125
TANKIEWICZ;125
TOMACZKOWSKI;125
TOPAL;125
TRĄBA;125
TRÓJCA;125
UGLIK;125
WACEWICZ;125
WARCZOK;125
WERNEROWSKI;125
WIELOWIEJSKI;125
WIĘCŁAWIK;125
WIŚNIEWICZ;125
WORONIAK;125
ZALESKO;125
ZAMERSKI;125
ZŁOTORZYŃSKI;125
ZUBAL;125
ZYCHAL;125
ŻALA;125
ŻELAWSKI;125
ŻWIRSKI;125
ANDRYKA;124
ASTRAMOWICZ;124
BABKINA;124
BYCZKO;124
CEREKWICKA;124
CHUCHROWSKA;124
CHWALIBÓG;124
CUDECKA;124
CUDOK;124
CWIELONG;124
CZAPOWSKA;124
CZYRKA;124
DAMASZEK;124
DAŃSKA;124
DIDKIVSKA;124
DOMINIUK;124
DRAK;124
FALTYŃSKA;124
FANGRAT;124
FRYZOWSKA;124
GALECKA;124
GAŁĘZKA;124
GANDURSKA;124
GARCZORZ;124
GAWAŁKIEWICZ;124
GŁODNA;124
GŁUSIEC;124
GRADZIUK;124
GRĄDECKA;124
GRYCNER;124
HACZKOWSKA;124
HAJCZUK;124
HAŁABURA;124
HASSE;124
HAUK;124
HELLMANN;124
HORBIK;124
HORSHKOVA;124
JADCZYSZYN;124
JAROSZCZYK;124
JASKIERSKA;124
KANIVETS;124
KAPANOWSKA;124
KARPISIEWICZ;124
KATLEWSKA;124
KLAKLA;124
KNITER;124
KNUTEL;124
KOLERSKA;124
KORZHOVA;124
KRUSZNIEWSKA;124
KUFLEWSKA;124
KULESZO;124
KULLING;124
LEŚNOWOLSKA;124
LEVKOVYCH;124
LISOK;124
LUKASHEVYCH;124
LYSKA;124
ŁABAZIEWICZ;124
ŁODZIEWSKA;124
ŁOMOTOWSKA;124
ŁOWCZYŃSKA;124
MAŃKUT;124
MARDOŃ;124
MARKEFKA;124
MAZIŃSKA;124
MEDVEDENKO;124
MIRANOWICZ;124
MIZERACKA;124
MYKOLIUK;124
NAJKOWSKA;124
NALIŃSKA;124
NOCNA;124
OLEJARKA;124
OPAŁKO;124
ORDYS;124
ORYŃCZAK;124
OŹDZIŃSKA;124
PACHLIŃSKA;124
PAGA;124
PECA;124
PIŁACIK;124
PLAMOWSKA;124
PODUFALSKA;124
POKAROWSKA;124
POMIRSKA;124
PRĘTKIEWICZ;124
PUSZKAREK;124
RAWINIS;124
REPKA;124
RESZELSKA;124
REZULAK;124
RZODECZKO;124
SARZALSKA;124
SASKA;124
SHKODA;124
SHMIDT;124
SIMA;124
SKAŹNIK;124
SŁABOŃSKA;124
SMAGŁOWSKA;124
SOŁKIEWICZ;124
SOPOĆKO;124
STRĄCZKOWSKA;124
STYLIŃSKA;124
SWINIARSKA;124
SYWAK;124
SYZDÓŁ;124
SZAJERSKA;124
SZKOTNICKA;124
SZNURKOWSKA;124
SZTUR;124
SZUMIGALSKA;124
SZYBICKA;124
ŚMIERZCHAŁA;124
ŚWIERZOWSKA;124
ŚWIRTA;124
TAŁACH;124
TEWS;124
TSAROVA;124
USTOWSKA;124
VOSS;124
WACIŃSKA;124
WAWRZYNÓW;124
WIKTORKO;124
WITTCHEN;124
WITUSKA;124
ZAHURSKA;124
ZAWARTA;124
ZINKOVSKA;124
ŻACHOWSKA;124
ABRAMOVICH;124
ANOKHIN;124
ASKEROV;124
BALDOWSKI;124
BALTAZIUK;124
BANDZAREWICZ;124
BECHT;124
BEDRYJ;124
BODALSKI;124
BODYLSKI;124
BOGDOŁ;124
BOLIBRZUCH;124
BOLKA;124
BUKAŃSKI;124
BULUT;124
BYSIEWICZ;124
CELEJOWSKI;124
CHAMERNIK;124
CHOCHEL;124
CHUCHNOWSKI;124
CIELEK;124
CZARTOWSKI;124
CZERNATOWICZ;124
CZUKIEWSKI;124
DMITRIIEV;124
DRELISZAK;124
DYMITRUK;124
FALTYŃSKI;124
FIJEWSKI;124
FYK;124
GARDZIEJEWSKI;124
GARNYSZ;124
GAWINOWSKI;124
GIEROWSKI;124
GIERSZYŃSKI;124
GONCZAR;124
GORZEJEWSKI;124
GRABCZYK;124
GUDAN;124
HA;124
HABIERA;124
HABRZYK;124
HALBINA;124
HARHAJ;124
HENKIEL;124
HORYD;124
HYLAK;124
IŁENDO;124
INCZEWSKI;124
JAGIELNICKI;124
JAKUBCEWICZ;124
JAMROSZCZYK;124
KACAK;124
KAJRYS;124
KAŁĄŻNY;124
KAPELAŃCZYK;124
KARMOLIŃSKI;124
KIERCUL;124
KIERKLO;124
KINDEL;124
KOPACZKA;124
KRUSZNIEWSKI;124
KŚCIUCZYK;124
KUBACZYŃSKI;124
KUŹMIK;124
LAMKOWSKI;124
LINCZOWSKI;124
LIPIETA;124
ŁANOWY;124
MADEJOWSKI;124
MASINA;124
MAZGAJSKI;124
MAŹNIAK;124
MENCFEL;124
MONASTERSKI;124
MORARU;124
NIEŚCIÓR;124
NOSOROWSKI;124
NUŻYŃSKI;124
OLKUSZ;124
ORŁÓW;124
PACKI;124
PARACKI;124
PARTACZ;124
PASZCZYŃSKI;124
PELIC;124
PERLEJEWSKI;124
PĘDLOWSKI;124
PILKIEWICZ;124
PIÓROWSKI;124
PLAMOWSKI;124
POSEŁ;124
POSŁOWSKI;124
POTENTAS;124
PRENDOTA;124
PUŁKOWSKI;124
PYVOVAROV;124
ROLIK;124
ROZNOWSKI;124
RUPOCIŃSKI;124
RURKOWSKI;124
SENDYK;124
SINIŁO;124
SIUPKA;124
SOMPOLIŃSKI;124
STANOSZEK;124
STEMBALSKI;124
STEPUCH;124
STRABURZYŃSKI;124
STUPKA;124
STYSIŃSKI;124
SZEGA;124
SZROM;124
SZUDERA;124
SZWAROCKI;124
TATAREWICZ;124
TYCHMANOWICZ;124
TYGIELSKI;124
TYMOSZCZUK;124
TYPAŃSKI;124
UMER;124
UNISZEWSKI;124
WIERCIMAK;124
WOJDYŃSKI;124
WOJTYCZEK;124
WOSTAL;124
ZARYTSKYI;124
ANACKA;123
ANUSIAK;123
BASAŁAJ;123
BEJSTER;123
BERESIŃSKA;123
BĘCKA;123
BIELACKA;123
BODALSKA;123
CELNIK;123
CENKIER;123
CETKOWSKA;123
CHARCIAREK;123
CHUDOWOLSKA;123
CIACHOWSKA;123
COMPA;123
CZASAK;123
CZELADZKA;123
CZUDEC;123
DELKOWSKA;123
DOBRYNIEWSKA;123
DRAMSKA;123
DYKUN;123
FIJAŁKIEWICZ;123
GARDUŁA;123
GOLL;123
GORTATOWSKA;123
HAŁATEK;123
HANO;123
HELIS;123
HENCLIK;123
JAJKOWSKA;123
JANURA;123
KAMASZEWSKA;123
KENDZIERSKA;123
KNABE;123
KORPACZ;123
KOSTERSKA;123
KOTOK;123
KREMIEC;123
KRYSHCHUK;123
KRZYSZTAŁOWICZ;123
KULĄGOWSKA;123
KUPICZ;123
KURPAN;123
KURPYTA;123
LATTA;123
LAVRUK;123
LAZARCHUK;123
LIBERTOWSKA;123
LIMINOWICZ;123
ŁANECKA;123
ŁOCHYŃSKA;123
ŁUKAŃKO;123
MACHNA;123
MALEWICKA;123
MATALEWSKA;123
MATEROWSKA;123
MATSENKO;123
MICZYŃSKA;123
MIRA;123
MURRAY;123
NAGRABSKA;123
NAHAJOWSKA;123
NAJDZION;123
NAKIELNA;123
NASARZEWSKA;123
NEDILKO;123
NICKA;123
OSTROMĘCKA;123
PACHELSKA;123
PASZCZYŃSKA;123
PĘPKOWSKA;123
PICK;123
PŁUGOWSKA;123
POBUTA;123
POTEMPSKA;123
PRZYPIS;123
RAKSZEWSKA;123
ROZMANOWSKA;123
ROŻNIECKA;123
RUCZAJ;123
RYAN;123
RZANNA;123
SAŁAPATA;123
SARGALSKA;123
SHMYHELSKA;123
SHVEDOVA;123
SIDORENKO;123
SIKORZYŃSKA;123
SIUDEJA;123
SKOROPAD;123
SMAHA;123
SPOCZYŃSKA;123
SREBRZYŃSKA;123
STRĘBSKA;123
SYNORACKA;123
SZCZUKIECKA;123
SZCZYGLIŃSKA;123
SZEREMET;123
SZESTOWICKA;123
SZULOWSKA;123
TOPOŁA;123
TORZYŃSKA;123
TUSZEWSKA;123
TYCZEWSKA;123
TYLAWSKA;123
VASYLEVYCH;123
VYSHYNSKA;123
WĘCŁAW;123
WODZICKA;123
WÓLTAŃSKA;123
WRANA;123
YASYNSKA;123
YURIICHUK;123
ZAICHUK;123
ZAPRZELSKA;123
ZYGAR;123
ŻĄDŁOWSKA;123
ANCEROWICZ;123
BAJZERT;123
BELCZYŃSKI;123
BELICZYŃSKI;123
BETKE;123
BODZIACHOWSKI;123
BRAMORSKI;123
BRZUSKIEWICZ;123
BRZYTWA;123
BUKOLT;123
BUŁACZ;123
BURZYCH;123
BYJOŚ;123
CAŁKO;123
CERKOWNIAK;123
CHIMKOWSKI;123
CICHOLSKI;123
CIELEC;123
CIOĆ;123
CNOTALSKI;123
CYPRYCH;123
CZAPOWSKI;123
CZUGAŁA;123
DEDEK;123
DŁUBEK;123
DRABIUK;123
DZIEWIERSKI;123
GARDULSKI;123
GLINOWIECKI;123
GNICH;123
GOMULEC;123
GRAMOWSKI;123
GROCHOWIEC;123
GRYSZTAR;123
GRZĘDOWSKI;123
HADZICKI;123
HEYMANN;123
HRYHORIAN;123
HULANICKI;123
HUPAŁO;123
IWANCZEWSKI;123
IWASZEK;123
JASKIERSKI;123
JERMACZ;123
KANARKOWSKI;123
KIEJKO;123
KIERKOWSKI;123
KIWACZ;123
KLEKOCIUK;123
KLĘBOWSKI;123
KOLOTYLO;123
KONOFAŁ;123
KOSZELAK;123
KOTLIAROV;123
KOWALIKOWSKI;123
KRYTSKYI;123
KURCZYCH;123
KURMANOWSKI;123
LEŚNIEROWSKI;123
LITWINKO;123
LOZINSKYI;123
ŁACWIK;123
MADZELAN;123
MATYL;123
MIENKINA;123
MOROZOW;123
MOŻDŻANOWSKI;123
MUSIEJ;123
NIKONOV;123
ORLECKI;123
OSADOWSKI;123
PACHNICKI;123
PACIUCH;123
PASHKOVSKYI;123
PASTUKHOV;123
PATURAJ;123
PAULOVICH;123
PERDJON;123
PIELACIŃSKI;123
PODURGIEL;123
POREMSKI;123
POŚLADA;123
POTAPSKI;123
PRACZUK;123
PRZEMYSKI;123
PSIURSKI;123
RZETELNY;123
SAMOSZUK;123
SAZON;123
SETERA;123
SIDUN;123
SIOŁKOWSKI;123
SKATULSKI;123
SMOLUCH;123
SPOJDA;123
SREBRZYŃSKI;123
STACHARSKI;123
STUCHŁY;123
SUWADA;123
SYPIAŃSKI;123
SZAWIEL;123
SZELACHOWSKI;123
SZLEJTER;123
SZLICHTA;123
SZPYTKO;123
SZRAMKOWSKI;123
SZTEJTER;123
SZUMCZYK;123
ŚLEDZIKOWSKI;123
ŚWINIAŃSKI;123
ŚWIRKO;123
TARA;123
TEREJKO;123
TOMPALSKI;123
TRALEWSKI;123
TSYHANKOV;123
TUROBOŚ;123
TUTRO;123
UGARENKO;123
UŁASIEWICZ;123
WARCHLEWSKI;123
WARDULIŃSKI;123
WARIAN;123
WEJDA;123
WEREMIUK;123
WEŚNIUK;123
WĘGLERSKI;123
WIŚLICKI;123
WODZICKI;123
WOJDANOWICZ;123
WOŹNIEL;123
WYDUBA;123
ZABILSKI;123
ZDANUCZYK;123
ZIEMBOWSKI;123
ZIEMNIK;123
ZIMKA;123
ZOSIUK;123
ZWOLENKIEWICZ;123
ŻMIJAN;123
ANDRIIUK;122
ANISHCHENKO;122
BABIJCZUK;122
BELCIK;122
BIEŻYŃSKA;122
BORETSKA;122
BORTACKA;122
BRACHOWSKA;122
BRAŃCZYK;122
BRZESZCZYŃSKA;122
BZDURSKA;122
CHAMIER-GLISZCZYŃSKA;122
DACKIEWICZ;122
DORD;122
DYCHTOŃ;122
FELDMANN;122
FIDURSKA;122
FISHCHUK;122
FISZ;122
FLEMMING;122
FOLTYNIEWICZ;122
GABROWSKA;122
GEMBAROWSKA;122
GEORGIEVA;122
GIERLASIŃSKA;122
GŁĄBICA;122
GOTOWICZ;122
GRELIK;122
GROSFELD;122
GRUDNA;122
GUZIEL;122
HANDEREK;122
HANOWSKA;122
HRUSHKO;122
ILIUK;122
KALYNOVSKA;122
KANARKOWSKA;122
KISIELOWSKA;122
KLEKOCIŃSKA;122
KOCHERHA;122
KOCIEMSKA;122
KORZECKA;122
KOSTARCZYK;122
KOSTECZKA;122
KOZAKEVYCH;122
KRAVTSIV;122
KRAWCZENKO;122
KUBALAK;122
KUDOSZ;122
KUPRIIENKO;122
KUZDROWSKA;122
KUZKO;122
KWIL;122
LEGEŻYŃSKA;122
LEWIKOWSKA;122
LICHNOWSKA;122
LISZTWAN;122
ŁABUDZIŃSKA;122
ŁAJDECKA;122
ŁEPPEK;122
ŁĘŻNA;122
MALITA;122
MAŁCZUK;122
MATURSKA;122
MĘTLEWICZ;122
MIGO;122
MOHYLNA;122
MUSIAŁKOWSKA;122
NAGIELSKA;122
NIEBOREK;122
OPASKA;122
ORCHEL;122
PAJUREK;122
PARDEL;122
PARZYSZ;122
PODWOJSKA;122
PODZIEMSKA;122
POROSŁO;122
POSŁOWSKA;122
POTIOPA;122
POZIMSKA;122
PROKUSKA;122
PUSZCZYKOWSKA;122
RAJNIK;122
RODZOŃ;122
ROMASHKO;122
SAVENKOVA;122
SCHMELTER;122
SIDOROVA;122
SKOCZYPIEC;122
SKORLIŃSKA;122
SMUGOWSKA;122
SOIKA;122
STOCHLA;122
STOMSKA;122
SYKUCKA;122
SZYLIŃSKA;122
ŚLEBOCKA;122
ŚWIĘTKOWSKA;122
TENETA;122
TOCZKOWSKA;122
TRAWA;122
TRUNOVA;122
TRYNKIEWICZ;122
TYLMANOWSKA;122
UKRAIŃSKA;122
VERBA;122
VYSOCHANSKA;122
WIEJACHA;122
WŁÓDARCZYK;122
WYPYSZYŃSKA;122
ZALEŃSKA;122
ZAMIRSKA;122
ZARUBA;122
ZDZICHOWSKA;122
ZUZEK;122
ZYWAR;122
ANGLART;122
ANTOŁ;122
BARZAK;122
BERNACZYK;122
BĘBENISTA;122
BRILLOWSKI;122
CERANOWSKI;122
CHODŹKO;122
CHUCHROWSKI;122
CZACHURA;122
CZELADZIŃSKI;122
DAĆKO;122
DAJDA;122
DEJNIAK;122
DOLUK;122
DORADA;122
DRAMSKI;122
DYCHTO;122
DYLAWERSKI;122
FELCZYKOWSKI;122
FILIPOW;122
GERSZEWSKI;122
GLANERT;122
GNIEWCZYŃSKI;122
GODERSKI;122
GOLMENTO;122
GONDKO;122
GOTKIEWICZ;122
GRECZYŁO;122
GROCIAK;122
GRUBIŃSKI;122
GRZESIOK;122
HANIECKI;122
HNATYSHYN;122
HUROV;122
IGNACZUK;122
INDA;122
JATCZYSZYN;122
JĘDA;122
JĘDRZYCKI;122
KARMASZ;122
KASZNICKI;122
KIEPIELA;122
KISIALIOU;122
KLAWA;122
KLEMENSKI;122
KLIMASIŃSKI;122
KNEĆ;122
KOCIUBOWSKI;122
KODA;122
KOŁTUNOWSKI;122
KONKIEL;122
KOPTAS;122
KOŚNIEWSKI;122
KOZARYN;122
KRAJENTA;122
KUDRIASHOV;122
KUFLOWSKI;122
KUJANEK;122
KUMUR;122
KUTRYBA;122
KUZON;122
LATASIEWICZ;122
LAWENDOWSKI;122
LEGUN;122
LEPIORZ;122
LEWAK;122
LICHOWSKI;122
LUDWICZUK;122
ŁAGUNIAK;122
ŁOCHNICKI;122
ŁUSZCZYNA;122
MACHIŃSKI;122
MAGIEREK;122
MAKSIMOV;122
MALISZCZAK;122
MARCOLA;122
MAZERSKI;122
MICHORZEWSKI;122
MINIKOWSKI;122
MIZGAJSKI;122
MUŚKO;122
NAJEWSKI;122
NALICHOWSKI;122
NAWAŁA;122
NIKITSIN;122
PARZOCH;122
PAWLĘGA;122
PIECIUL;122
PIETRZAKOWSKI;122
PODLIPNY;122
PORAWSKI;122
PROKOFIEV;122
PRZEBIĘDA;122
PUCIATO;122
RAMAZANOV;122
RAPTA;122
ROMUZGA;122
ROZMANOWSKI;122
RÓŻANEK;122
RUPACZ;122
RYGALIK;122
SABACIŃSKI;122
SHONIA;122
SHYDLOVSKYI;122
SŁOPIECKI;122
SMALUCH;122
SOPPA;122
SREBERSKI;122
STROISZ;122
SUKHYI;122
SUMKA;122
SWINIARSKI;122
SZARŁATA;122
SZELERSKI;122
SZENDZIELARZ;122
SZEPELAK;122
SZKOLNIK;122
SZTEJKOWSKI;122
SZUFRAJDA;122
SZYIŃSKI;122
SZYMAN;122
TREMBACZ;122
TRĘDEWICZ;122
TUNIA;122
UGORSKI;122
ULICHNOWSKI;122
VRUBLEVSKYI;122
WACHTA;122
WACHULAK;122
WERBANOWSKI;122
WICEK;122
WIDZIAK;122
WIEPRZOWSKI;122
WINISZEWSKI;122
WITNIK;122
WNĘKOWICZ;122
WORONIEC;122
WRONIEWSKI;122
WUS;122
ZAPRZELSKI;122
ZBIROWSKI;122
ZDOŃCZYK;122
ZELKOWSKI;122
ZMUDCZYŃSKI;122
ZOTOV;122
ALIMOVA;121
BANDUROWSKA;121
BECZKOWSKA;121
BEŁC;121
BEREZINA;121
BEŚCIAK;121
BIADASZ;121
BITOWT;121
BRDYS;121
BROVCHENKO;121
BUCHKOVSKA;121
BULLMANN;121
CEGLEWSKA;121
CHERNUKHA;121
CHYRVA;121
CIMASZEWSKA;121
CIUNOWICZ;121
CZEKANOWSKA;121
CZWOJDZIŃSKA;121
DABIŃSKA;121
DEMBICZAK;121
DIDUR;121
DRUKAŁA;121
DUMKIEWICZ;121
DZBIK;121
DZIANOK;121
ENGELHARDT;121
FALBORSKA;121
FIRYN;121
GOŚCIMSKA;121
GOŚLICKA;121
GRANOSZEWSKA;121
GRUBIŃSKA;121
GRZENIK;121
HEISE;121
HELIOS;121
HOLKO;121
HROM;121
HRYTSAN;121
HUBINA;121
ISAŃSKA;121
JEWIAK;121
KLIKOWICZ;121
KLOTZ;121
KOLIBOWSKA;121
KONTOWSKA;121
KOPASZEWSKA;121
KORBUSZEWSKA;121
KORZIŃSKA;121
KOTUK;121
KOZHEVNIKOVA;121
KRAKA;121
KREPS;121
KRZOK;121
KULAWIŃSKA;121
LAMENTA;121
LECHNIO;121
LENIAR;121
LEWCZYŃSKA;121
LISNA;121
LISOVENKO;121
LUKIANCHENKO;121
LYMARENKO;121
ŁAPIN;121
ŁYKUS;121
MACIUSZONEK;121
MANDOK;121
MARKISZ;121
MARSHALL;121
MAZIAR;121
MAZUREWICZ;121
MIODYŃSKA;121
MRUKWA;121
MURASZEWSKA;121
MUSIOL;121
NALEWSKA;121
NIETRZEBKA;121
OLSZTYŃSKA;121
OSEMLAK;121
OSMANOVA;121
OSYS;121
PACHANA;121
PENDRAK;121
PIECKO;121
PIELARZ;121
PIETSCH;121
PIWCZYK;121
PODSADNA;121
POŁACIK;121
POTARZYCKA;121
PRAGŁOWSKA;121
PRINZ;121
PUDLISZEWSKA;121
RAŁOWSKA;121
REINHOLD;121
RIAZANOVA;121
ROPSKA;121
ROZNOWSKA;121
ROZPĘDZIK;121
RZEŹWICKA;121
SADANOWICZ;121
SADŁEK;121
SAFAROVA;121
SOLONENKO;121
STABIŃSKA;121
STAJNO;121
STASINOWSKA;121
STRAŻYŃSKA;121
SWOSZOWSKA;121
SZELKOWSKA;121
SZTEJKOWSKA;121
ŚLAŻYŃSKA;121
ŚNIADKOWSKA;121
TROJNIAR;121
TROŚCIŃSKA;121
TRYBUCHOWSKA;121
TRYBUSZEWSKA;121
WALESIUK;121
WANIOWSKA;121
WEROŃSKA;121
WIDŁO;121
WILLMANN;121
WOJA;121
ZABIEGŁA;121
ZALUTSKA;121
ZASUCHA;121
ZBONIKOWSKA;121
ZYMON;121
ŻADZIŁKO;121
ŻYWEK;121
ARBASZEWSKI;121
ASADOV;121
BABCZYK;121
BABOWICZ;121
BĄCHÓR;121
BECHCIŃSKI;121
BENDIG;121
BORTO;121
BUBROWIECKI;121
BUCŁAW;121
BZDURSKI;121
CHOŁYS;121
CHUDYGA;121
CIELIBAŁA;121
CYRULIŃSKI;121
DWERNICKI;121
DYGANT;121
FENDER;121
FORNALEWICZ;121
FRYZOWSKI;121
GAO;121
GIERKOWSKI;121
GORSIAK;121
GÓRLIKOWSKI;121
GREMPKA;121
GRĘZIAK;121
GUDALEWICZ;121
HACZKOWSKI;121
HANOWSKI;121
HEŁMIŃSKI;121
HLUBEK;121
HORIN;121
JANCIK;121
JASZKOWIC;121
JUWA;121
KARAMAŃSKI;121
KARMIŁOWICZ;121
KEPKE;121
KIETRYS;121
KITKOWSKI;121
KLEWICKI;121
KŁAKOWICZ;121
KOŁPACZYŃSKI;121
KONOBROCKI;121
KOSPIN;121
KOSTROWSKI;121
KOZIEŁŁO;121
KOZIN;121
KUCZOWICZ;121
KUSIOŁEK;121
KUTAK;121
LENERT;121
LEWOC;121
LIEBIEDIEV;121
LIGIĘZA;121
LOPKO;121
MALENTA;121
MANTORSKI;121
MIKLASIŃSKI;121
MIŃKO;121
MISINIEC;121
MOKRACKI;121
NAHIRNYI;121
NIEDUZIAK;121
OKAS;121
OMERNIK;121
ORLIGÓRA;121
OSTAP;121
OVSIANNIKOV;121
OŹMINKOWSKI;121
PACTWA;121
PARIYAR;121
PARZĘCKI;121
PASIERSKI;121
PASOWICZ;121
PASTUSZUK;121
PAZDYK;121
PISKULSKI;121
POGORZAŁY;121
POTRACKI;121
POWCHOWICZ;121
POZIOMEK;121
PÓŹNIEWSKI;121
PREJZNER;121
PROCAK;121
PROKOPOVYCH;121
PROTAŚ;121
PUSTY;121
RABIAK;121
RAŁOWSKI;121
ROGACEWICZ;121
ROKITNICKI;121
ROZWARSKI;121
RYLL;121
SERWACKI;121
SETLIK;121
SIADACZKA;121
SINKA;121
SŁABOŃSKI;121
SŁAWNIKOWSKI;121
SOBAŃ;121
SOBOWIEC;121
SOBUTA;121
SOLDATOV;121
SPASIŃSKI;121
STARNOWSKI;121
STEINBERG;121
STOCZYŃSKI;121
STULGIS;121
SYSKI;121
SZANDURSKI;121
SZÓSTKA;121
SZULOWSKI;121
THRUN;121
TRUBACZ;121
ULLAH;121
VARABYOU;121
WARGA;121
WĄCHAL;121
WĘCLEWICZ;121
WIERZBIC;121
WIERZCHOWIAK;121
WILICKI;121
WISIOREK;121
WODO;121
ZAJDZIŃSKI;121
ZAŁĘGOWSKI;121
ZAMYŚLEWSKI;121
ZDECHLIK;121
ZDUŃ;121
ZDZICHOWSKI;121
ZHUKAU;121
ZNACZKO;121
ŻĘDZIAN;121
ŻYNDUL;121
ACKERMANN;120
ARTOMOVA;120
BAKIERSKA;120
BANDOŁA;120
BENDYKOWSKA;120
BENIAK;120
BERTRAND;120
BLASHCHUK;120
BOGDANOVA;120
BOHOMOLOVA;120
BORAKIEWICZ;120
BORCZAK;120
BORDUN;120
BRYLEWICZ;120
BZDRĘGA;120
CEGIEŁKOWSKA;120
CHOMACKA;120
CHWEDOROWICZ;120
CISAKOWSKA;120
CYTRYNIAK;120
DERDZIKOWSKA;120
DOBRACZYŃSKA;120
DUBROVINA;120
DURAJSKA;120
FABJAŃCZYK;120
FAŁDOWSKA;120
FELCZYKOWSKA;120
FENDRYCH;120
FITAK;120
FLUDA;120
FURMANOWSKA;120
GALISZEWSKA;120
GARBIAK;120
GMACHOWSKA;120
GOŁASKA;120
GRABUSIŃSKA;120
GRANECKA;120
HAMERLIŃSKA;120
HANCZARUK;120
HARHALA;120
HARTUNG;120
HOJNOR;120
HORBOWA;120
JAGODZINSKA;120
JAKLEWICZ;120
JANELT;120
JANKÓW;120
JARNECKA;120
JASIKOWSKA;120
KALUŹNIAK;120
KAŹMIERUK;120
KICMAN;120
KLIMCZYŃSKA;120
KLONOWICZ;120
KOBIAŁKO;120
KOCIOŁ;120
KOLBUSZEWSKA;120
KOŁPACZEWSKA;120
KORDYLASIŃSKA;120
KOSINSKA;120
KOSZTOWNIAK;120
KOTARAK;120
KOTNOWSKA;120
KRĘGLICKA;120
KUCERA;120
LEWANDROWSKA;120
LULKOWSKA;120
ŁABUSZEWSKA;120
ŁOCHOCKA;120
MARX;120
MATROS;120
MATWIJÓW;120
MĄDEL;120
MELZACKA;120
MICHNIOWSKA;120
MICUDA;120
MIŻEJEWSKA;120
NADTOCHII;120
NECZAJ;120
OBLIŃSKA;120
OBORZYŃSKA;120
OCIŃSKA;120
OGROCKA;120
OSIEWALSKA;120
PEŁDIAK;120
PERCHUĆ;120
PETERSON;120
PETRYSHYNA;120
PĘDRYS;120
PIAŚCIŃSKA;120
PIWARSKA;120
PIWOWOŃSKA;120
PRIADKA;120
PSTROWSKA;120
PUPKO;120
REPETSKA;120
RIAZANTSEVA;120
RUŻYCKA;120
RYBACHOK;120
RYBCHUK;120
RYLEWICZ;120
SACZYŃSKA;120
SAFADER;120
SĘPIOŁ;120
SHLIAKHOVA;120
SIĘKA;120
SKRAJNOWSKA;120
SOBOTTA;120
SOLPA;120
SPECJALSKA;120
STESHENKO;120
STICH;120
STOPIKOWSKA;120
SYCHEVSKA;120
SZELERSKA;120
SZOL;120
SZTAJER;120
SZURNICKA;120
ŚLEZIŃSKA;120
ŚMIDOWICZ;120
ŚMIETANOWSKA;120
TETERUK;120
TOLKACHOVA;120
TORCHALSKA;120
TRZEŚNIAK;120
VUS;120
WACKO;120
WAZ;120
WENDE;120
WĘCŁAŚ;120
WIDZISZEWSKA;120
WIOSKA;120
WITAŁA;120
WOJTULSKA;120
WOLSZTYŃSKA;120
WYRĘBAK;120
ZABIEGA;120
ZALEPA;120
ZBIROWSKA;120
ZDYBICKA;120
ZŁOMANIEC;120
ZNOSKO;120
ANCHIMIUK;120
ANDREEV;120
ANIMUCKI;120
BACHUSZ;120
BAROS;120
BEDYNEK;120
BIAŁASZCZYK;120
BIELACKI;120
BOLKO;120
CHAJDUK;120
CHODURSKI;120
CICIRKO;120
CZARNAS;120
DEREŻYŃSKI;120
DRYNKOWSKI;120
DRYŃKOWSKI;120
DUBCZYK;120
DUDIAK;120
DUKARSKI;120
DYNAREK;120
FEĆ;120
FERFET;120
GABREL;120
GAJZNER;120
GAPSA;120
GĄGALSKI;120
GERMAŃSKI;120
GREGORKIEWICZ;120
GUDANOWSKI;120
GÜLER;120
HABERSKI;120
HAKAŁO;120
HEJKA;120
HOJNOWSKI;120
HRYTSUK;120
HUTKOWSKI;120
IVANITSKYI;120
JAGLEWICZ;120
JASTROWSKI;120
KAŁABUN;120
KAMIENICZNY;120
KASZUB;120
KŁEK;120
KOLANUS;120
KONDRASHOV;120
KORZENECKI;120
KOŻUCHOWICZ;120
KREJPCIO;120
KRYPSKI;120
KUBKOWSKI;120
KWASIŻUR;120
LADOWSKI;120
LATAWSKI;120
LEGEŻYŃSKI;120
LEMPERT;120
LEWINSKI;120
LOOSE;120
LUDOWICZ;120
ŁYSZCZARCZYK;120
MALIKOV;120
MAŁETKA;120
MARDOFEL;120
MENSFELD;120
MĘZIŃSKI;120
MIŁOBĘDZKI;120
MISZTALSKI;120
MOISEIEV;120
MONACH;120
MOROCH;120
NEBELSKI;120
NICAŁEK;120
NIEMYŃSKI;120
OBIELAK;120
OGÓRKIS;120
OLIPRA;120
OZIEWICZ;120
PACHNOWSKI;120
PASTOK;120
PETECKI;120
PORCZEK;120
POROMBKA;120
PROCZKA;120
PRYJOMSKI;120
PYSNO;120
RAULIN;120
REMPALSKI;120
REWAK;120
ROGALKA;120
ROLOFF;120
ROMECKI;120
ROSIEJKA;120
RUSZCZYCKI;120
SAJDŁOWSKI;120
SARACYN;120
SAWCZYK;120
SEMCHYSHYN;120
SHUBIN;120
SIDOROWSKI;120
SIEPIELSKI;120
SPISZ;120
STAMIROWSKI;120
STASINOWSKI;120
STEFANIEC;120
STEPA;120
STRACHANOWSKI;120
STRÓŻYNA;120
STUCKI;120
STYLIŃSKI;120
SUMOWSKI;120
SYRYJCZYK;120
SZĄSZOR;120
SZELKOWSKI;120
SZEWCÓW;120
SZEWERDA;120
SZOKALUK;120
SZRAMSKI;120
SZTABKOWSKI;120
SZUMICKI;120
SZUSTOWSKI;120
SZUTY;120
ŚLESIK;120
ŚWIĘTKOWSKI;120
TRUNOV;120
TRZESZKOWSKI;120
TULICKI;120
TUSZ;120
UGNIEWSKI;120
UZIAK;120
VARGHESE;120
WARCZYK;120
WARDAL;120
WARGALA;120
WAWRZYŃCZUK;120
WEI;120
WENSKI;120
WIERNOWOLSKI;120
YANKOUSKI;120
YASHCHYSHYN;120
ZUBOV;120
ATANASOVA;119
BABINSKA;119
BAĆKOWSKA;119
BALYK;119
BAŁAŻYK;119
BANDYSZEWSKA;119
BANERT;119
BANIOWSKA;119
BELCZYŃSKA;119
BENECKA;119
BIENIOSZEK;119
BLANDZI;119
BOBECKA;119
BOJARYN;119
BORÓWKO;119
BORSIAK;119
BRILLOWSKA;119
BRYKAŁA;119
BUBROWIECKA;119
BUDZICHOWSKA;119
BUDZIEWSKA;119
BURDUN;119
BZDOŃ;119
CZORT;119
DEREJ;119
DEWOR;119
DISTERHEFT;119
DOBROLIŃSKA;119
DOBRZELECKA;119
DUŻA;119
DYLAWERSKA;119
DYNKOWSKA;119
DZIATKOWSKA;119
ELMINOWSKA;119
FAFUŁA;119
FUTERA;119
GAJERSKA;119
GAŁĘŻEWSKA;119
GERSZEWSKA;119
GIEROWSKA;119
GOLCZYŃSKA;119
GORAJEWSKA;119
GREFKOWICZ;119
GRUBEK;119
HAJDUCKA;119
HAUPT;119
HAWLICZEK;119
HAZUBSKA;119
HĘŚ;119
HOLOVANOVA;119
HORMAŃSKA;119
HUPERT;119
INSADOWSKA;119
ISTOMINA;119
IWANKIEWICZ;119
JANERKA;119
KAŁDOŃSKA;119
KATYŃSKA;119
KIELISZKOWSKA;119
KOKORNACZYK;119
KOŁTOŃSKA;119
KORCIPA;119
KOŚNIEWSKA;119
KRAKIEWICZ;119
KRAZIŃSKA;119
KRÓWCZYŃSKA;119
KRZEPICKA;119
KRZYSZTOFIŃSKA;119
KUPNICKA;119
KURLANC;119
LANKAMER;119
LECIŃSKA;119
LEPOROWSKA;119
LIPOWCZYK;119
LUKOWSKA;119
MALCHENKO;119
MALETSKA;119
MERTENS;119
MICHCIK;119
MIERCZAK;119
MOKRACKA;119
MOSEICHUK;119
MOTYLEWICZ;119
MOŻDŻANOWSKA;119
NAPIERAJCZYK;119
NAUKA;119
NIEWIEJSKA;119
NOREMBERG;119
OBŁĘKOWSKA;119
OKORSKA;119
PAWLISZEWSKA;119
PEISERT;119
PETECKA;119
PETRZAK;119
PICHLIŃSKA;119
PIEROŻEK;119
PIETROSZEK;119
POKUSIŃSKA;119
POPIL;119
POTAPSKA;119
PRAJSNER;119
PRAŻNIEWSKA;119
PSZCZOŁOWSKA;119
PYZIŃSKA;119
RAPKIEWICZ;119
RAROK;119
REINHOLZ;119
ROKITNICKA;119
RZETELNA;119
RZOSIŃSKA;119
SALIUK;119
SERETNA;119
SHEMCHUK;119
SHULIKA;119
SIANKOWSKA;119
SIEKIERZYCKA;119
STOSZKO;119
STRACHANOWSKA;119
SWORCZUK;119
SZARGUT;119
SZTUL;119
SZUBARGA;119
SZUBIELSKA;119
SZULAR;119
SZYMALSKA;119
SZYNCZEWSKA;119
ŚMIELEWSKA;119
TĘPIŃSKA;119
TIURINA;119
TUŁAK;119
TYKHOMYROVA;119
TYMOREK;119
VORONKO;119
WALEK;119
WIELKIEWICZ;119
WIKALIŃSKA;119
WILKANIEC;119
WIÓRKOWSKA;119
WOOD;119
YAKYMOVYCH;119
ZACHOLSKA;119
ZELENCHUK;119
ŻELAWSKA;119
ŻUCHELKOWSKA;119
AKERMAN;119
ANTONOW;119
BABAIEV;119
BAĆKOWSKI;119
BAHDANAU;119
BIEGUSZEWSKI;119
BIEŻYŃSKI;119
BIMKIEWICZ;119
BOGAJ;119
BRACHOWSKI;119
BUBIŃSKI;119
BUJNIEWICZ;119
BUŁAJEWSKI;119
BUNALSKI;119
CHARYTANOWICZ;119
CHODZICKI;119
CHODZIDŁO;119
CHUCHMACZ;119
CIEŚNIEWSKI;119
CUL;119
CZAPROWSKI;119
CZYRNIA;119
DAŃCZURA;119
DOBROLIŃSKI;119
DRABARZ;119
DRACZ;119
DZWOLAK;119
EHRLICH;119
FIECEK;119
FINGAS;119
FUSIARA;119
GABIGA;119
GAMBAL;119
GINKO;119
GONSKA;119
GOSIENIECKI;119
GÓLCZ;119
GRALICKI;119
GRDUSZAK;119
GROBAREK;119
GROCHOL;119
GUDERSKI;119
HADY;119
HAŁUN;119
HAQUE;119
HYC;119
IVASIV;119
JÓWKO;119
KACZAK;119
KAŁCZUGA;119
KIEREPA;119
KLEC;119
KNYZIAK;119
KOLOSA;119
KONERA;119
KOPASZEWSKI;119
KORLAGA;119
KOZACZKIEWICZ;119
KRASOWIAK;119
KRECH;119
KROTECKI;119
KRUSZKO;119
KRYZEL;119
KUZDROWSKI;119
KVIATKOVSKYI;119
LIBELT;119
LICHACZEWSKI;119
LISAJ;119
ŁOPĄG;119
ŁYK;119
MANSUROV;119
MAZALON;119
MENET;119
MICHOR;119
MICZYŃSKI;119
MIKLASZ;119
MINIEWSKI;119
MURKOWSKI;119
MYCIO;119
MYSONA;119
NALEŚNIK;119
NICKI;119
OCZAK;119
OSZCZEPALIŃSKI;119
PAŁASZYŃSKI;119
PAŹDZIERNY;119
PIAŚCIŃSKI;119
PIELACHA;119
PIETRUKANIEC;119
PIĘDZIO;119
PIZUN;119
PODRALSKI;119
POHRIBNYI;119
POKOROWSKI;119
PROKUSKI;119
PRYPUTNIEWICZ;119
PYZDROWSKI;119
REROŃ;119
SCHEFFS;119
SEYDA;119
SHVETSOV;119
SIEMIRADZKI;119
SKORUT;119
SMORAWIŃSKI;119
SOŁOBODOWSKI;119
STANOSZ;119
STARIKOV;119
STELMASIŃSKI;119
SYPION;119
SZOREK;119
SZUBIELSKI;119
SZYSIAK;119
ŚLUZ;119
TABACZKA;119
TARANOV;119
TOSIEK;119
TRACEWSKI;119
TRYBUCHOWSKI;119
TRZEPLA;119
TUCHEWICZ;119
VOLOBUIEV;119
WIADROWSKI;119
WIZOR;119
WRONKO;119
WYSZOWSKI;119
ZAMIELSKI;119
ZOZULA;119
ZYDEL;119
ŻAGIEL;119
ŻEBRYK;119
ŻURAWEL;119
ŻYŻA;119
ADAMIOK;118
ALEJSKA;118
BACHORCZYK;118
BANCER;118
BAŃCEROWSKA;118
BŁOCIŃSKA;118
BOLSHAKOVA;118
BOŁDAK;118
BORUSIAK;118
BOŻEWICZ;118
BRZĄKOWSKA;118
BUKAŃSKA;118
CARTER;118
CHOŁAJ;118
CIACHOROWSKA;118
CIACIUCH;118
CNOTALSKA;118
CYNOWSKA;118
CYPARA;118
DANILEWSKA;118
DASTYCH;118
DESECKA;118
DON;118
DROBNICA;118
DYTMAN;118
ELŻANOWSKA;118
FIDZIUKIEWICZ;118
FREIBERG;118
GILLNER;118
GROMNIAK;118
GRYN;118
GRZESIKIEWICZ;118
GWIOŹDZIK;118
GWOŹDZIŃSKA;118
HAAK;118
HAJNCE;118
HAWRANEK;118
HOŚCIŁO;118
HRECHANA;118
JAMER;118
JENDRYCH;118
JĘDRUSIŃSKA;118
JUCHNICKA;118
JURCZYGA;118
KANNENBERG;118
KATEUSZ;118
KAZALSKA;118
KĘCIŃSKA;118
KĘPISTA;118
KIOŁBASA;118
KLYMKO;118
KOFIN;118
KORSKA;118
KOSHEVA;118
KUKLO;118
KUROCHKINA;118
LENKO;118
LINCZOWSKA;118
LITWIC;118
ŁASSA;118
MAKSOŃ;118
MAŃKUS;118
MARCZOK;118
MARSULA;118
MICHORZEWSKA;118
MIELNICZYN;118
MINAKOVA;118
MOSKALYK;118
NOVOKHATSKA;118
OSŁOWSKA;118
OSTANEK;118
OSZCZEPALIŃSKA;118
PALYVODA;118
PANKRATOVA;118
PAŚNIKOWSKA;118
PISOTSKA;118
PRACOŃ;118
PRZEMYSKA;118
PRZYSŁO;118
PYTLASIŃSKA;118
PYŻYŃSKA;118
RATUŁOWSKA;118
REDZYNIA;118
RESZKIEWICZ;118
ROŃDA;118
RYBACZEWSKA;118
RYDELSKA;118
SABACIŃSKA;118
SALCZYŃSKA;118
SAMMLER;118
SANDACH;118
SARA;118
SICZYŃSKA;118
SINKEVYCH;118
SIUPA;118
SKÓRNÓG;118
SMAROŃ;118
STEPURA;118
SUGAJSKA;118
SYLWANOWICZ;118
SYROCZYŃSKA;118
SZAFIŃSKA;118
SZALCZYŃSKA;118
SZEMPRUCH;118
SZPERLIK;118
SZULERECKA;118
SZYMANSKA;118
TARASEVYCH;118
TARGOS;118
TOSZA;118
TUBISZ;118
TUROWIECKA;118
UMANSKA;118
WAWOK;118
WEJNEROWSKA;118
WENSKA;118
WEPA;118
WĘDRYCHOWSKA;118
WIEDRO;118
WISIECKA;118
WÓDECKA;118
WRONIEWSKA;118
ZACHARKIEWICZ;118
ZELKOWSKA;118
ZIĘDALSKA;118
ZINENKO;118
ZWIERZAŃSKA;118
ZYDOROWICZ;118
ZYGOWSKA;118
ACEWICZ;118
ANKIEL;118
ANTOWSKI;118
BALONEK;118
BAMBURSKI;118
BARNUŚ;118
BIESTEK;118
BODZIŃSKI;118
BRAJA;118
BRZESZCZYŃSKI;118
BUDZIOCH;118
BURDZIUK;118
CENDAL;118
CHHETRI;118
CHLEBIŃSKI;118
CHWAL;118
CIERZNIEWSKI;118
COK;118
CUPRYCH;118
CZUWARA;118
DALBA;118
DANIEK;118
DOBRACZYŃSKI;118
DOLASIŃSKI;118
DUBOVIK;118
DUMANSKYI;118
DYMANUS;118
FALBORSKI;118
FEKNER;118
FLOREA;118
GAJDZICKI;118
GAJERSKI;118
GEMBAROWSKI;118
GĘSINA;118
GIESZCZ;118
GOLBIAK;118
GORAZD;118
GORTATOWSKI;118
GORZEWSKI;118
GRĘDZIAK;118
GROCHOWY;118
GRZOMBA;118
GWAZDACZ;118
HABROWSKI;118
HAWRYŁ;118
HUJDUS;118
IGNACYK;118
JAGODZINSKI;118
JANUZIK;118
JUTRZENKA TRZEBIATOWSKI;118
KADŁUBIEC;118
KALICH;118
KALIS;118
KAŁDOŃSKI;118
KASIELSKI;118
KOMUŃSKI;118
KONRADY;118
KOWAŃSKI;118
KROKOCKI;118
KRYSZTOPOWICZ;118
KUKA;118
KURDUBSKI;118
KWON;118
LAMPERSKI;118
LEJAWA;118
LEWANDROWSKI;118
LOT;118
ŁOCHOCKI;118
MAKAĆ;118
MAŁACHOWICZ;118
MICHOTA;118
MIELCARZEWICZ;118
MITIN;118
MORSZCZYZNA;118
MULIŃSKI;118
MUTS;118
MUŻYŁO;118
NALIŃSKI;118
NIEOCZYM;118
NIKOLIN;118
OGROCKI;118
OLSZANECKI;118
OSIEWALSKI;118
ÖZDEMIR;118
PALIAKOU;118
PAN;118
PASTEWKA;118
PAUDEL;118
PAZIAK;118
PĘCHERCZYK;118
PIESZCZYŃSKI;118
PIOWCZYK;118
PISZCZAŁKOWSKI;118
POSIŁEK;118
POŚNIAK;118
PRZYKUCKI;118
PSTROWSKI;118
PSTRUCHA;118
PYSKA;118
RAKSZAWSKI;118
RUBINKOWSKI;118
RUSAKOV;118
SADLIŃSKI;118
SANTOS;118
SAPKOWSKI;118
SEKUTERSKI;118
SIANKOWSKI;118
SIEKIERZYCKI;118
SIUDEM;118
SKOCZKOWSKI;118
SMUGOWSKI;118
SOBULA;118
SOŁOWIANIUK;118
SOWIECKI;118
STARYK;118
STRAUCH;118
STROJEC;118
SZACHOWSKI;118
SZALLA;118
SZERWIŃSKI;118
SZEWERNIAK;118
SZUTARSKI;118
SZYKULSKI;118
SZYMANKOWSKI;118
TRĄBCZYŃSKI;118
TRZEBUNIA;118
TYSZEWSKI;118
URZYKOWSKI;118
WAJZER;118
WĄWOŹNY;118
WIATKOWSKI;118
WICHNIAREK;118
WIŁA;118
WINNY;118
WNĘCZAK;118
WOLSZLEGER;118
WORONOWSKI;118
WRZOŁ;118
WYGRABEK;118
WYLECIAŁ;118
WYRÓD;118
YAKUSHEV;118
ZABOLOTNII;118
ZWIERZAŃSKI;118
ZYSIAK;118
ADASIK;117
ALTMANN;117
APOLA;117
BABIRACKA;117
BARCZYSZYN;117
BARKOVA;117
BARTAS;117
BARUL;117
BEKH;117
BESARAB;117
BIRNBACH;117
BODZIACHOWSKA;117
BOJAROWICZ;117
BONDARETS;117
BORUS;117
BORUSIŃSKA;117
BOŻEMSKA;117
BRATUŚ;117
BRZESZKIEWICZ;117
BUNALSKA;117
BURNECKA;117
BUSEK;117
CEROWSKA;117
CHAŁUPCZYŃSKA;117
CHEKHOVSKA;117
CIEŚLEWSKA;117
CYRULIŃSKA;117
CZEREPIŃSKA;117
CZWARTEK;117
ĆMIELEWSKA;117
DARMACH;117
DUBSKA;117
DYBEŁ;117
ENGIEL;117
FEDOSOVA;117
GARBOCZ;117
GMITRZAK;117
GNOZA;117
GROSZKIEWICZ;117
GRZESISTA;117
HADRZYŃSKA;117
HALAHAN;117
HŁADUN;117
HOSHKO;117
KASZOWICZ;117
KLASSA;117
KNYSZYŃSKA;117
KOCHELAK;117
KOLTSOVA;117
KOŁTUNOWSKA;117
KOWALENKO;117
KSYCKA;117
KUMOŚ;117
KURZYDYM;117
LINNYK;117
LIZIŃCZYK;117
LUTOBORSKA;117
LUTS;117
ŁOSIOWSKA;117
MAKSYMCZUK;117
MALYKHINA;117
MARKIEFKA;117
MARTUSEWICZ;117
MASZKE;117
MEŁNICKA;117
MIESZEK;117
MONDRA;117
MÓJTA;117
MÓWKA;117
MYHAL;117
NIEWITECKA;117
OLSSON;117
OLSZANECKA;117
OPOŃSKA;117
PAJKOWSKA;117
PAŁASZYŃSKA;117
PEDCHENKO;117
PIEKOŚ;117
PIESAK;117
PIETERWAS;117
PLACZEK;117
PODLIPNA;117
POTRZEBSKA;117
PRADELOK;117
PROTASOVA;117
PRZERACKA;117
PUZYNIAK;117
RACHOCKA;117
RATS;117
REINHARDT;117
RIABUKHA;117
ROSIN;117
RUPOCIŃSKA;117
RUSZCZYCKA;117
SCHOEN;117
SĘDZIELEWSKA;117
SIEŃCZYK;117
SKIBIAK;117
SKŁADNIK;117
SMAGŁO;117
SMORAWIŃSKA;117
SOBORAK;117
SOLIWODZKA;117
SOLOMKO;117
SONNEK;117
STAROŃSKA;117
STAVYTSKA;117
STRZEDUŁA;117
SYREWICZ;117
SZMYCIŃSKA;117
SZNEL;117
SZUDA;117
SZWAGRZAK;117
SZYMACZEK;117
TOŁYSZ;117
TRĄBCZYŃSKA;117
TRĘDOWSKA;117
TWARDOKĘS;117
UDYCZ;117
VOICHUK;117
WALERYSIAK;117
WENDLANDT;117
WIADERKIEWICZ;117
WRZASKOWSKA;117
YAKUNINA;117
ZABRZAŃSKA;117
ZADRUŻYŃSKA;117
AHAFONOV;117
ASKAROV;117
BALISZEWSKI;117
BATOGOWSKI;117
BEJENKA;117
BERESIŃSKI;117
BIAŁOGŁOWICZ;117
BŁOCIŃSKI;117
BOBECKI;117
BORZEWSKI;117
BRESZKA;117
BRUSS;117
CHOCIAN;117
CHODACZ;117
CHORĄŻYK;117
CHOROSZYŃSKI;117
CHRUŚCIELSKI;117
CIACHOROWSKI;117
CIACHOWSKI;117
CIEPIELSKI;117
DAN;117
DASZYKOWSKI;117
DEMBCZYŃSKI;117
DUDZISZ;117
DURAJEWSKI;117
DZADZ;117
FUDYMA;117
GAJCZAK;117
GAŁOWICZ;117
GIEŁŻECKI;117
GMACHOWSKI;117
GOLICZEWSKI;117
GRYCHNIK;117
GRZESIKOWSKI;117
GZEL;117
HAWRYLCZAK;117
HORETSKYI;117
HRACHOV;117
HUBIN;117
INTEREWICZ;117
ISAŃSKI;117
JĘDRUSIŃSKI;117
KAJDANIAK;117
KALAS;117
KALIADA;117
KAMASZEWSKI;117
KARASOV;117
KASIORKIEWICZ;117
KIERYK;117
KIFER;117
KLEKOCIŃSKI;117
KLISHCH;117
KŁAKUS;117
KOLTSOV;117
KONTOWSKI;117
KOPACZEL;117
KRĘTOWSKI;117
KUKS;117
KUSZKOWSKI;117
LAUTERBACH;117
LICHNOWSKI;117
LUBINIECKI;117
LUBOWIEDZKI;117
LUTOBORSKI;117
ŁAZOWY;117
ŁYSIUK;117
MACUK;117
MAŃCZUK;117
MATAŚKA;117
MATEROWSKI;117
MATYSZCZUK;117
MAZURO;117
MELONEK;117
MEŁNICKI;117
MIĘSIAK;117
MIKUSIŃSKI;117
MOLĄG;117
MOLO;117
MONDAL;117
MORYŚ;117
MUSIAŁKOWSKI;117
MUSIELIŃSKI;117
MYŁEK;117
NAJGRODZKI;117
NALEWSKI;117
NOROWSKI;117
OCHAP;117
OSES;117
OSZCZAK;117
OŹDZIŃSKI;117
PAJKOWSKI;117
PIELECHA;117
PISAREWICZ;117
PLUTO;117
PODWIŃSKI;117
PORĘBIAK;117
PRONIUK;117
PRZEDWOJEWSKI;117
PRZESZŁOWSKI;117
PRZYNOGA;117
PSZCZOŁOWSKI;117
REKIEĆ;117
REMIAN;117
ROSSI;117
ROZKWITALSKI;117
SAKOVICH;117
SALIMOV;117
SAVA;117
SĘPKA;117
SIECZKOŚ;117
SIMINIAK;117
SŁANIA;117
STABIŃSKI;117
STETSYK;117
STRZECHOWSKI;117
SYNORACKI;117
SZCZOCZARZ;117
SZKOTNICKI;117
SZKUAT;117
SZORCZ;117
SZYDZIK;117
ŚCIEPURO;117
ŚWIRSZCZ;117
TADROWSKI;117
TALECKI;117
TCHOROWSKI;117
TEISTER;117
TOMKO;117
TROŚCIŃSKI;117
TYMPALSKI;117
TYNKIEWICZ;117
USTINOV;117
WANIO;117
WAWIERNIA;117
WERONIECKI;117
WITASIAK;117
WOELKE;117
WORONECKI;117
WOŹNOWSKI;117
WRÓŻEK;117
WUDNIAK;117
WUJAK;117
ZASIADCZYK;117
ZAWIEJSKI;117
ZEMBATY;117
ZYBOWSKI;117
ŹRÓBEK;117
ŻEGARSKI;117
ŻÓŁTKOWSKI;117
ŻUCHNIEWICZ;117
ANSZCZAK;116
BANCARZEWSKA;116
BARWIAK;116
BLACHNICKA;116
BONDARA;116
BRASZKIEWICZ;116
BRYGAŁA;116
BUBNOVA;116
CHEPURKO;116
CHERNIAKOVA;116
CIEPIELSKA;116
CYRIS;116
CZELADKO;116
CZESNA;116
DACZ;116
DASZYKOWSKA;116
DOLASIŃSKA;116
DRZĘŹLA;116
DURAJEWSKA;116
DZWONIARKIEWICZ;116
FILICZKOWSKA;116
FRASZCZYŃSKA;116
GIREK;116
GŁUSIŃSKA;116
GMUROWSKA;116
GRAU;116
GRYZIAK;116
GULEJ;116
HAGNO;116
HARCZUK;116
HENSCHKE;116
HEPPNER;116
HERASYMIUK;116
HOLOVENKO;116
HONTA;116
HORVÁTH;116
INTEK;116
IVANKO;116
JAŹWA;116
KALAMAT;116
KARASOVA;116
KARDELA;116
KASZNICKA;116
KEMUŚ;116
KHODAK;116
KLĘBA;116
KOSIDOWSKA;116
KOVPAK;116
KOVTUNENKO;116
KOWALKA;116
KOZOŁUP;116
KOZUBIŃSKA;116
KRĘTOWSKA;116
KROPYVNYTSKA;116
KUBŚ;116
KULAWINEK;116
KUSIDEŁ;116
KWACZAŁA;116
KWELA;116
LEMBOWICZ;116
LEŚNIOK;116
LIPNIACKA;116
LONGAWA;116
LOTZ;116
LUBOWIEDZKA;116
LUTSKA;116
ŁAKUS;116
MAMYS;116
MANEROWSKA;116
MARCZENIA;116
MASKIEWICZ;116
MATULIS;116
MĄDRECKA;116
MIESIĄCZEK;116
MIRCZAK;116
MOCHEL;116
MORELOWSKA;116
MORTON;116
MYKOLAIENKO;116
MYKOLENKO;116
MYKOWSKA;116
NIBURSKA;116
NICZKE;116
NOLKA;116
NOSOROWSKA;116
NOWACZKIEWICZ;116
OMIECZYŃSKA;116
OSADCZUK;116
PANICZKO;116
PASICHNA;116
PASIERSKA;116
PASOWSKA;116
PENDOWSKA;116
PIETROCZUK;116
PLESZEWSKA;116
POHNKE;116
POPENKO;116
POSZEPCZYŃSKA;116
PROKOPETS;116
PRONDZINSKA;116
PYRCHAŁA;116
RACA;116
ROMANYK;116
ROZMARYNOWICZ;116
SAMBORA;116
SAMELAK;116
SAPUN;116
SARNOWICZ;116
SCHUMANN;116
SEVASTIANOVA;116
SIDOREK;116
SKRABANIA;116
SKRECZKO;116
SKUPSKA;116
SMERDEL;116
SMOTRYCKA;116
STALMIERSKA;116
SZUPLEWSKA;116
SZUSTOWSKA;116
ŚMIGAŁA;116
TAJDUŚ;116
TIMOFIEIEVA;116
TRALEWSKA;116
TRUCHANOWICZ;116
TRZESZKOWSKA;116
UCIEKLAK;116
URZYKOWSKA;116
VESELSKA;116
WADLEWSKA;116
WAKSMAŃSKA;116
WALISKO;116
WASZCZYKOWSKA;116
WYLAZŁOWSKA;116
ZAKHARUK;116
ZDEBIAK;116
ZHOVNIR;116
ZIĘBACZ;116
ZMUDCZYŃSKA;116
ZUCHMAŃSKA;116
ZWIERKO;116
AN;116
ANDRECKI;116
ANDRONIK;116
AZAROV;116
BAKIERSKI;116
BARABACH;116
BILENKYI;116
BIŁOS;116
BINDEK;116
BŁACHUCKI;116
BOBRZYŃSKI;116
BOHUTSKYI;116
BOLKOWSKI;116
BORUSIŃSKI;116
BOSKI;116
BRYDZIŃSKI;116
CEGIEŁKOWSKI;116
CEGLEWSKI;116
CHRASTEK;116
CHYTROWSKI;116
CIECIOR;116
CIUNEL;116
CZEPIŻAK;116
CZOIK;116
CZUCHNOWSKI;116
CZUJA;116
CZWARTOS;116
DEJWOREK;116
DENISOV;116
DRUĆ;116
DUBROVSKYI;116
DUDOWICZ;116
DYZMA;116
ELENDT;116
FIJAŁKA;116
FLISIK;116
GABROWSKI;116
GALAR;116
GŁADYKOWSKI;116
GOJLIK;116
GRABALA;116
GRANOS;116
GRĄZ;116
GRĘZAK;116
GRZYBCZAK;116
HAJKOWICZ;116
HOLZER;116
HORSHKOV;116
HRECZYŃSKI;116
HULALKA;116
JAKOWICZ;116
JĘDRZEJUK;116
JUNKER;116
KALWA;116
KARTECZKA;116
KAZAŃSKI;116
KĘCIŃSKI;116
KIJANIA;116
KLEPAK;116
KLUPIEĆ;116
KOKOSA;116
KOMINKIEWICZ;116
KONICZ;116
KORCHUT;116
KORNATA;116
KRIUCHKOV;116
KUCHOWICZ;116
KUKURYKA;116
KURIAN;116
LATOŚ;116
LAVRIV;116
LEWOSZ;116
LIBURSKI;116
LIRA;116
ŁOSEK;116
MACAŁKA;116
MAKAŁA;116
MASIERAK;116
MATŁACZ;116
MATUSEVICH;116
MATYBA;116
MĘDYKOWSKI;116
MIARCZYŃSKI;116
MORZYC;116
MOTULEWICZ;116
MUCHOROWSKI;116
MUSZKA;116
NAKONOWSKI;116
OBAROWSKI;116
OBSTAWSKI;116
OŁTUSZYK;116
OSZAL;116
PAGÓREK;116
PINIECKI;116
PŁOCHACKI;116
POKLĘKOWSKI;116
POKUSIŃSKI;116
POKUTA;116
POUDEL;116
PRAKAPOVICH;116
PRZECHERKA;116
PYZALSKI;116
RACKIEWICZ;116
RADLICA;116
RAMANCHUK;116
RASHID;116
RATUŁOWSKI;116
RAZOWSKI;116
ROCHON;116
RUSANOV;116
RYBACZEWSKI;116
RYBANIEC;116
SEREDNICKI;116
SIEDLOK;116
SILICKI;116
SIONKO;116
SKRZYDELSKI;116
SŁAWICKI;116
SŁOMOWICZ;116
SŁONINKA;116
SOBAL;116
SOLOMON;116
SPRATEK;116
SPUTOWSKI;116
STRAŻYŃSKI;116
STRĘBSKI;116
SYNAKOWSKI;116
SYROCZYŃSKI;116
SYSIK;116
SZCZERBUK;116
SZEMIEL;116
SZOSKA;116
ŚCIĘGOSZ;116
ŚLEWA;116
ŚMIGALSKI;116
ŚPIEWLA;116
TAŁAJCZYK;116
TARABURA;116
TOBOROWICZ;116
TRAFISZ;116
TREMBOWSKI;116
TROWSKI;116
TYMOWSKI;116
UCHEREK;116
UNDZIAKIEWICZ;116
USIŃSKI;116
WEDER;116
WESTER;116
WIDACHA;116
WIDANKA;116
WIELICHOWSKI;116
WIESZAŁA;116
WILKOŁASKI;116
WINCZA;116
WOJCIESZONEK;116
WUTKE;116
ZABROŃ;116
ZGÓRZYŃSKI;116
ZYM;116
ANTKOWSKA;115
BAILEY;115
BALANIUK;115
BALANT;115
BANACZKOWSKA;115
BARTOLIK;115
BOBRUCKA;115
BOBYR;115
BOEHM;115
BOLOTOVA;115
BONTER;115
BORLIK;115
BRANIEWSKA;115
BRUCHAJZER;115
CHMIELOWICZ;115
CHOROSZKO;115
CHUHAI;115
CIWIS;115
CYMAŃSKA;115
CYTRYCKA;115
CYZMAN;115
CZESZYŃSKA;115
CZUKIEWSKA;115
DAC;115
DENISOVA;115
DIKHTIAR;115
DROPEK;115
DUBIEŃSKA;115
DŹWIGAŁ;115
ELWARTOWSKA;115
FLANC;115
FONTAŃSKA;115
FUSEK;115
GAMBUŚ;115
GARBATA;115
GAUL;115
GĄGALSKA;115
GEDIGA;115
GORALEWSKA;115
GOŚCIAK;115
GRALICKA;115
GWIZDOWSKA;115
HLOBA;115
HOLOVATSKA;115
HUDECKA;115
HURIEVA;115
JOKEL;115
KAJDANA;115
KAJUT;115
KALĘBA;115
KASYNA;115
KAZUŁA;115
KHANAS;115
KLEJN;115
KLIUIEVA;115
KLUSIEWICZ;115
KOŁOWIECKA;115
KOMINOWSKA;115
KOMOŃSKA;115
KOMUR;115
KORNOWICZ;115
KOROBOVA;115
KOZERAWSKA;115
KRAJCZYK;115
KRĄKOWSKA;115
KRZEWNIAK;115
KURPIERS;115
KUTKO;115
KYRYCHOK;115
LITVINENKO;115
LUTSAK;115
ŁAZUCHIEWICZ;115
MAIDANIUK;115
METYK;115
MIĘSIKOWSKA;115
MIKŁA;115
MIKUSIŃSKA;115
MISIACZYK;115
MOLITOR;115
MOLNAR;115
MORDAWSKA;115
MORIC;115
MUSIELIŃSKA;115
NEC;115
NOPARLIK;115
NUŻYŃSKA;115
ONUFRIIENKO;115
ONYSKO;115
OPENCHOWSKA;115
OSOWICZ;115
OSZKIEL;115
OZÓG;115
PAULOUSKAYA;115
PEREHINETS;115
PERERVA;115
PIECHUCKA;115
PŁOTECKA;115
PODLESKA;115
POPIELECKA;115
PROSZKOWIEC;115
RADKEVYCH;115
RAZOWSKA;115
RYGOŁ;115
RZYMAN;115
SALISZ;115
SĄPÓR;115
SCHWICHTENBERG;115
SEMKÓW;115
SENDLEWSKA;115
SHYSHKOVA;115
SIEMAK;115
SMUCZYŃSKA;115
STETSKO;115
STRILETSKA;115
STUCKA;115
STYSIŃSKA;115
SULAK;115
SURKOVA;115
SWARBUŁA;115
SZARWAS;115
SZEJKA;115
SZPADERSKA;115
SZPULAK;115
SZYDERSKA;115
SZYLIN;115
SZYPCZYŃSKA;115
SZYPULEWSKA;115
TOMAŃSKA;115
TOMOWIAK;115
TOMŻYŃSKA;115
TRZEPAŁKOWSKA;115
TUZIAK;115
URBANCZYK;115
WILICKA;115
WOJCIESZCZAK;115
WOJCIUKIEWICZ;115
ZADURSKA;115
ZIEMCZYK;115
ZMYSŁO;115
ŻYTYŃSKA;115
BADERA;115
BALCARCZYK;115
BANDUROWSKI;115
BEZKROVNYI;115
BRZEMIŃSKI;115
BRZYCHCZY;115
BUDLEWSKI;115
BUŻEK;115
CEBELIŃSKI;115
CEROWSKI;115
CIECHOCIŃSKI;115
CIPORA;115
CYRKLAFF;115
CZEBIENIAK;115
CZEBOTAR;115
DAVITADZE;115
DENICKI;115
DOMANSKYI;115
DRENDA;115
DUCZYMIŃSKI;115
DUDCZYK;115
DUNETS;115
DUREJKO;115
FIR;115
FRANIKOWSKI;115
FRIEDMAN;115
GASZAK;115
GESING;115
GOLEWSKI;115
GOLĘDZINOWSKI;115
GOŁASKI;115
GORAJEWSKI;115
GORĄCZNIAK;115
GUŁAŚ;115
HABIŃSKI;115
HAJT;115
HAŁAJDA;115
HAŃCZAK;115
HARAŹNY;115
INSADOWSKI;115
JOSE;115
JURETKO;115
KAJDER;115
KALACZYŃSKI;115
KARATYSZ;115
KAZMIRUK;115
KHILKO;115
KHUDYK;115
KIERSTAN;115
KLACZA;115
KLETKIEWICZ;115
KNOZOWSKI;115
KOBAN;115
KOLBUSZEWSKI;115
KOŁBON;115
KOMODA;115
KONDASZEWSKI;115
KOROTKYI;115
KRAŚNIAK;115
KUBICIUS;115
KUKUŚ;115
KULAWSKI;115
KUSZNIERUK;115
KUZIEMKOWSKI;115
LASER;115
LEONCZUK;115
LISKOWICZ;115
LISOUSKI;115
LUL;115
LULKOWSKI;115
LUNOV;115
ŁOGIN;115
MACUGOWSKI;115
MAJSNEROWSKI;115
MAKSYMÓW;115
MARCHWACKI;115
MATALEWSKI;115
MIASKOWSKI;115
MIŁAK;115
MONDRZEJEWSKI;115
MUMINOV;115
MUSZYTOWSKI;115
NEŚCIOR;115
NIECZYPOR;115
NIEMIRKA;115
OCZYŃSKI;115
OLĘCKI;115
ONASZKIEWICZ;115
ORLEAŃSKI;115
PACHELSKI;115
PAŁECKI;115
PASIOWIEC;115
PEKAR;115
PIŚKO;115
PODLODOWSKI;115
PODUFALSKI;115
POMAGALSKI;115
POSADOWSKI;115
PRAGŁOWSKI;115
PROTSAK;115
PYŁKO;115
RĘBALSKI;115
ROŻNIECKI;115
RYGAŁA;115
RZYMYSZKIEWICZ;115
SALCZYŃSKI;115
SAUCHANKA;115
SEGIETA;115
SEKRET;115
SEO;115
SHTYK;115
SICZYŃSKI;115
SIUCHNIŃSKI;115
SKARPETOWSKI;115
SKRZYPICIEL;115
SŁUŻALEC;115
SMUŁA;115
SOROCHYNSKYI;115
STROK;115
SUTERSKI;115
SYKUCKI;115
SZCZEPURA;115
SZCZYRA;115
SZWALEC;115
SZYMALAK;115
ŚLIFIRCZYK;115
TALIPSKI;115
TRACICHLEB;115
TROKOWSKI;115
UKRAIŃSKI;115
WAKSMAŃSKI;115
WALACIK;115
WALENTYN;115
WALKARZ;115
WARDAWY;115
WĄTROBIŃSKI;115
WEJNEROWSKI;115
WILCZĘGA;115
WOJTULSKI;115
WYCHOWSKI;115
ZACHA;115
ZDOLIŃSKI;115
ZHDANIUK;115
ZOLOTUKHIN;115
ZWIERZYCKI;115
ŻELIGOWSKI;115
ŻOŁĘDZIEJEWSKI;115
ŻURECKI;115
ABRAHAMCZYK;114
ANTOWSKA;114
BADTKE;114
BALDOWSKA;114
BIELINSKA;114
BIŁOUS;114
BISCHOFF;114
BODZENTA;114
BRAMORSKA;114
BUŁAJEWSKA;114
CHERNYSHEVA;114
CHREPTOWICZ;114
CZEPIL;114
DALGIEWICZ;114
DELIJEWSKA;114
DOBROMILSKA;114
DOLHOPOLOVA;114
DOLZHENKO;114
DRYJAS;114
DRYNKOWSKA;114
FROS;114
GACHOWSKA;114
GAWRYL;114
GOLASOWSKA;114
GOŁA;114
GONZALEZ;114
GROCHOWA;114
GROEGER;114
GROSSMAN;114
HABROWSKA;114
HALECKA;114
HAŃCZUK;114
HAUER;114
HOFF;114
HRYNENKO;114
ILNITSKA;114
JAHOŁKOWSKA;114
JAKUBIŃSKA;114
KALACZYŃSKA;114
KARASIUK;114
KARTASHOVA;114
KATAŃSKA;114
KHOMIAKOVA;114
KHOMIK;114
KICLER;114
KIELIŚ;114
KINASTOWSKA;114
KOMUŃSKA;114
KOPICA;114
KROMOLICKA;114
KRUŻEWSKA;114
KRYPSKA;114
KUBACZYŃSKA;114
KUBATA;114
KUBERACKA;114
KUSZKOWSKA;114
LENCKA;114
LIWOWSKA;114
LUKIANETS;114
ŁABACZ;114
MACIOŃCZYK;114
MALEJKO;114
MARCIOCH;114
MERTIN;114
MIAKISZ;114
MICHAŁCZYK;114
MORDON;114
MUCHLA;114
MURKOWSKA;114
NABOKA;114
NIEGEL;114
NIKITCHUK;114
NOSYK;114
OBAROWSKA;114
OBUKHOVA;114
OPRYCH;114
OSÓWNIAK;114
PALKO;114
PARACKA;114
PARNICKA;114
PARZELSKA;114
PASTUSHOK;114
PECHENIUK;114
PICHALSKA;114
PORAWSKA;114
RADZIMIERSKA;114
SCHARMACH;114
SIDORKO;114
SŁAPCZYŃSKA;114
SONTAG;114
SOZONIUK;114
SPORYS;114
STANGEL;114
STANISHEVSKA;114
STEFAŃCZAK;114
STELMASIŃSKA;114
STĘCHŁA;114
STĘCLIK;114
STOBRAWA;114
STUKA;114
SYNAKOWSKA;114
SZADE;114
SZAJBA;114
SZELER;114
SZUKIEWICZ;114
SZULWIC;114
SZYBISTA;114
SZYPROWSKA;114
TACZALSKA;114
TAMM;114
TARNOGRODZKA;114
TATAJ;114
TOKAREVA;114
UTRATNA;114
WERES;114
WILKOŁASKA;114
WYRAZ;114
WYRODEK;114
ZAMYŚLEWSKA;114
ZAPARTA;114
ZARYCZAŃSKA;114
ZUBIEL;114
ZUJKO;114
ŻEGARSKA;114
ABASOV;114
ANACKI;114
BABKIN;114
BIELOUSOV;114
BINDUGA;114
BŁAZUCKI;114
BORUSZCZAK;114
BRUNKE;114
BUDZICHOWSKI;114
BUDZINSKI;114
BULWAN;114
BUSKI;114
BYRTUS;114
CELLMER;114
CHAŁUDA;114
CHARMUSZKO;114
CHWOJNICKI;114
CIELOSZCZYK;114
CIĘŻOBKA;114
CIŹLA;114
CUDNOWSKI;114
CZEKANOWSKI;114
CZUDOWSKI;114
DANYLUK;114
DAŃKÓW;114
DELIJEWSKI;114
DOTKA;114
DULEWSKI;114
DYGDOŃ;114
DZIEWIERZ;114
ERDANOWSKI;114
FAJGER;114
FARAŚ;114
FEDUS;114
FIDURSKI;114
FLORKÓW;114
GABARKIEWICZ;114
GAŁASZKIEWICZ;114
GAŁĘŻEWSKI;114
GLAZ;114
GOCLON;114
GRABINSKI;114
GROTKIEWICZ;114
GRUSZOWSKI;114
GWOZDEK;114
HAJDUŁA;114
HAŚ;114
HOWIS;114
HUZAREK;114
INDEKA;114
JAKSZUK;114
JAŚLAR;114
JAWNY;114
JĘDRASIEWICZ;114
JĘDRYCHA;114
JOCEK;114
KACPEROWSKI;114
KAZIMOV;114
KĄCIAK;114
KLEPACZKO;114
KLIMCZYŃSKI;114
KLONECKI;114
KOŁOWIECKI;114
KOŁPACZEWSKI;114
KORKMAZ;114
KORZIŃSKI;114
KOZERAWSKI;114
KOZINOGA;114
KRUCZKIEWICZ;114
KRZYSZOWSKI;114
KUBERACKI;114
KUPISIŃSKI;114
KUTOVYI;114
KWOCZKO;114
LEVANDOVSKYI;114
LISKOWSKI;114
LUTSYSHYN;114
ŁAMACZ;114
MALITOWSKI;114
MARCHOCKI;114
MARKWART;114
MARYNIARCZYK;114
MATYSKO;114
MIĄC;114
MIĄSO;114
MIESZCZAKOWSKI;114
MILANOWICZ;114
MORZE;114
MOTEK;114
NADSTAWEK;114
NATCHKEBIA;114
NOWOSTAWSKI;114
NYDEREK;114
OBŁĘKOWSKI;114
ONICHIMIUK;114
OPOCZYŃSKI;114
OSYSKO;114
PALT;114
PARUSZKIEWICZ;114
PASZKA;114
PAZNIAK;114
PENCARSKI;114
PIEJDAK;114
PIEKARUŚ;114
POCAŁUJKO;114
PODWOJSKI;114
POLANIAK;114
POPESCU;114
POŻARSKI;114
PRYSZCZEWSKI;114
RARAK;114
RAUBA;114
REMISIEWICZ;114
RESTÁS;114
RESZCZYK;114
ROHRAFF;114
SAREŁO;114
SARZALSKI;114
SATER;114
SENDLEWSKI;114
SIDAROVICH;114
SIEBYŁA;114
SKURKA;114
SMOTRYCKI;114
SPERZYŃSKI;114
STECIAK;114
STOPPEL;114
STUBIŃSKI;114
STYSZ;114
SWAKOWSKI;114
SZAFIŃSKI;114
SZEWERA;114
SZNER;114
SZPOJANKOWSKI;114
SZPRYNGIEL;114
ŚLIPSKI;114
ŚLIWOŃ;114
ŚNIEGULSKI;114
ŚWIRGOŃ;114
TEICHMAN;114
TELAKOWIEC;114
TOMŻYŃSKI;114
TREBUNIA;114
TRZASKACZ;114
WIERZEWSKI;114
WULTAŃSKI;114
WYGRALAK;114
WYREMBEK;114
ZADURSKI;114
ZASŁAWSKI;114
ZATOKA;114
ZINCZUK;114
ANDREJEW;113
BADŹMIEROWSKA;113
BINERT;113
BŁESZNOWSKA;113
BOJACZUK;113
BORZEMSKA;113
BREITENBACH;113
BUCZNA;113
BULAVINA;113
CERTA;113
CICHOLSKA;113
CIEMNOCZOŁOWSKA;113
CIERPIK;113
DAWISKIBA;113
DEBUDAJ;113
DOBUCKA;113
DRZAŻDŻEWSKA;113
DRZEWOWSKA;113
DUBIJ;113
EICHHORN;113
ERENC;113
FALENDER;113
FARMAS;113
FATIEIEVA;113
FREDYK;113
GARNCZAREK;113
GIERULSKA;113
GLOGER;113
GŁUSKA;113
GNIAŹ;113
GORZEWSKA;113
HALAI;113
HECHT;113
HENRYKOWSKA;113
HOŁDYS;113
HOTSULIAK;113
HUEBNER;113
HUTSAL;113
IWANCZEWSKA;113
IWASIUK;113
JUSZKA;113
KASIERSKA;113
KIEŁBASKA;113
KLATECKA;113
KLEKOWICKA;113
KLIMAJ;113
KŁAPA;113
KOLAD;113
KORPYS;113
KOSTROWSKA;113
KOWALKIEWICZ;113
KUMEK;113
KUZHEL;113
LANDA;113
LANKOCZ;113
LEGACKA;113
LISIKIEWICZ;113
LOEWENAU;113
LOFEK;113
LUBINIECKA;113
ŁOPUCKA;113
ŁOZIAK;113
ŁUCAK;113
MAKIEL;113
MALOWANIEC;113
MELNIKAVA;113
MILCZAK;113
MINAKOWSKA;113
MUŚLEWSKA;113
NABYWANIEC;113
NOVOSOLOVA;113
NOWOJSKA;113
NYCZAJ;113
OCŁOŃ;113
OLEJEK;113
OLEŚKO;113
OLIZAROWICZ;113
ORZECHOWICZ;113
PARAMONOVA;113
PIĄTAK;113
PIECHEL;113
PISKULSKA;113
PŁOSZAJSKA;113
PRANCZKE;113
PRUSZCZYŃSKA;113
PRYZMONT;113
PRZEŚNIAK;113
PSIURSKA;113
PUŁASKA;113
PUNDA;113
RASTAWICKA;113
RIABENKO;113
ROSZCZYNIAŁA;113
ROTNICKA;113
RUBINOWSKA;113
RUSTAMOVA;113
RYCKA;113
RYZHKO;113
SHCHEHLOVA;113
SIUPIK;113
SŁAWICKA;113
SŁOMIAK;113
SMACZNA;113
SOCHACZ;113
SPANIER;113
STANECZEK;113
STOJAŃSKA;113
STOJEWSKA;113
STRONA;113
SZADA BORZYSZKOWSKA;113
SZCZYBELSKA;113
SZMIDLA;113
SZPRĘGLEWSKA;113
SZURKOWSKA;113
ŚLIZEWSKA;113
ŚMIEJCZAK;113
ŚNIEGULSKA;113
ŚRAMSKA;113
ŚWIERGUŁA;113
TARGOSIŃSKA;113
TELĘGA;113
TRACEWSKA;113
WALASZ;113
WALCZOK;113
WARMUZIŃSKA;113
WINISZEWSKA;113
WITUSIŃSKA;113
WOJDYŃSKA;113
WOJTYNOWSKA;113
WYSAKOWSKA;113
ZAMERSKA;113
ZIEMBOWSKA;113
ZIĘBAKOWSKA;113
ZIUZIA;113
ZYBOWSKA;113
ZYSEK;113
ŻYCHOŃ;113
ANDRZEJKIEWICZ;113
BAKSALARY;113
BASOV;113
BIAŁASZEWSKI;113
BIELUCZYK;113
BIERCZAK;113
BLACHNICKI;113
BOBULSKI;113
BORDON;113
BORTACKI;113
BOSZKE;113
BRACISIEWICZ;113
BURYI;113
BZIK;113
CEPLIN;113
CETKOWSKI;113
CHABINKA;113
CIARCZYŃSKI;113
CUŻYTEK;113
CYFKA;113
CYMAŃSKI;113
DABIŃSKI;113
DELIŚ;113
DELKOWSKI;113
DELMACZYŃSKI;113
DEMUS;113
DENERT;113
DERYNG;113
DRANKIEWICZ;113
DYBISZ;113
DZIERZĘGA;113
ELMINOWSKI;113
FERKO;113
FIAŁKA;113
FRASZEK;113
FUJAWA;113
FURSOV;113
GENIUSZ;113
GISZKA;113
GLABA;113
GNIEWASZEWSKI;113
GOLCZYŃSKI;113
GOMOLIŃSKI;113
GRUZIEL;113
HAJEC;113
HAPUNIK;113
HEC;113
HERDUŚ;113
HOGA;113
HRYNOWIECKI;113
HUPTYŚ;113
HYPTA;113
JAHOŁKOWSKI;113
JASIOK;113
JEFIMOW;113
KAFLIK;113
KANTOWICZ;113
KASIANIUK;113
KAZAKEVICH;113
KAZALSKI;113
KIERNOŻYCKI;113
KILAŃSKI;113
KITRYS;113
KLANOWSKI;113
KŁAPCIA;113
KOJTEK;113
KOLISZ;113
KOŁOSZYC;113
KONIECZKOWSKI;113
KONIORCZYK;113
KOSZALSKI;113
KOTNOWSKI;113
KOZUBIK;113
KRYSZTOFIŃSKI;113
KRYVOSHEIEV;113
KUCZMASZEWSKI;113
KUREC;113
LABUN;113
LOKS;113
LUKANIUK;113
ŁABUSZEWSKI;113
ŁOJOWSKI;113
ŁOWIGUS;113
ŁUŃSKI;113
ŁYSKA;113
MATOWICKI;113
MELZACKI;113
MIKOSIŃSKI;113
MIŁOTA;113
MOGILEWSKI;113
MOJKOWSKI;113
MOJZYK;113
MUŚLEWSKI;113
MYSZKE;113
MYŚLEWSKI;113
NETER;113
OCHEL;113
OSTROWIECKI;113
OTOK;113
PALENTA;113
PIRECKI;113
POBOŻNIAK;113
POLONSKYI;113
POŁONOWSKI;113
PROKOPSKI;113
PROŚCIAK;113
PSTRONG;113
PURCELEWSKI;113
PUSZKARZ;113
PYŹ;113
RACHOWICZ;113
REJMANOWSKI;113
REMPLEWICZ;113
RENIEWICZ;113
ROGÓZ;113
ROMAK;113
RUBAJCZYK;113
RUKS;113
RYDELSKI;113
RZEPIAK;113
SAMOJŁOWICZ;113
SAP;113
SARKAR;113
SARZYNIAK;113
SHCHUKIN;113
SIŃCZAK;113
SKORNIA;113
SKÓROWSKI;113
SKRAJDA;113
SŁAWETA;113
SMOLICH;113
SOPOROWSKI;113
SOSNECKI;113
STARAVOITAU;113
STRABEL;113
STRUMNIK;113
STYBEL;113
SVIDERSKYI;113
SWARZYŃSKI;113
SYMELA;113
SZCZEPONIK;113
SZORDYKOWSKI;113
SZPADERSKI;113
SZPITALNY;113
SZUMLIŃSKI;113
SZYPA;113
TACZALSKI;113
TARAPACKI;113
TIKHONOV;113
TORZYŃSKI;113
TUSTANOWSKI;113
TUZIEMSKI;113
WARCZACHOWSKI;113
WĘDRYCHOWSKI;113
WIEJOWSKI;113
WIERNASZ;113
WISŁOWSKI;113
WNUCZKO;113
WOLSZTYŃSKI;113
WÓR;113
WRZAŁKA;113
WYLAŹ;113
WYŻYCKI;113
ZIMMERMAN;113
ŻELAZIŃSKI;113
ŻELAZNOWSKI;113
ARMAŃSKA;112
AWDZIEJ;112
BAJOŁEK;112
BARLAK;112
BASARABA;112
BIGA;112
BODZIONA;112
BRUSZKIEWICZ;112
BRZEMIŃSKA;112
BURNATOWSKA;112
CHOCIAJ;112
CHRUBASIK;112
CHWEDORCZUK;112
CHYTROWSKA;112
CIEPIELAK;112
CZARNOCIŃSKA;112
DAWCZAK;112
DEHTIARENKO;112
DESZCZAK;112
DOBOSZYŃSKA;112
DOJUTREK;112
DOLHOVA;112
DOLIGALSKA;112
DOLYNSKA;112
DROBYSZ;112
DURAŃSKA;112
DZIEWULAK;112
EBERHARDT;112
FABROWICZ;112
FAGASIŃSKA;112
FARKAS;112
FEDENKO;112
FELIX;112
GAWERSKA;112
GOLĘDZINOWSKA;112
GOŁASIEWICZ;112
GOŁDOWSKA;112
GORUS;112
GOSIENIECKA;112
GRYSZPANOWICZ;112
HALAREWICZ;112
HASTEROK;112
HOLIKOVA;112
IGNOR;112
JAKOBSZE;112
JOPA;112
KARALUCH;112
KLICZEK;112
KLIMASIŃSKA;112
KŁĘBOKOWSKA;112
KONIECZKOWSKA;112
KOPIA;112
KORCHAK;112
KORYZNA;112
KOSHELIEVA;112
KOSIENIAK;112
KRAJCZY;112
KRALL;112
KUPIDŁOWSKA;112
KWASIŃSKA;112
LIEDKE;112
LISKOWSKA;112
ŁATWIŃSKA;112
ŁOTECKA;112
MAGIELSKA;112
MAKIEIEVA;112
MATYSZOK;112
MERECKA;112
MIERNICZEK;112
MIESZCZAKOWSKA;112
MIKLEWSKA;112
MINIOR;112
MISZTALSKA;112
MOJKOWSKA;112
MOWCZAN;112
MURACZEWSKA;112
NOVYK;112
NOŻOWNIK;112
ORLECKA;112
ORMAŃCZYK;112
PIJAROWSKA;112
PILACKA;112
PILIMON;112
POCZĘTA;112
PONIEWSKA;112
POTRACKA;112
POWOLNA;112
RANIOWSKA;112
RAPICKA;112
REPLIŃSKA;112
ROMECKA;112
RUSEWICZ;112
RUSIŁOWSKA;112
RUSJAN;112
RYBCHAK;112
RYKALSKA;112
RZESZEWSKA;112
SABATOWICZ;112
SAKHARUK;112
SEPKO;112
SIODA;112
SŁUCHOCKA;112
SOLOMAKHA;112
SOROCHAN;112
STAWIECKA;112
STOPNICKA;112
STORCHAK;112
STUBIŃSKA;112
SWARZYŃSKA;112
SYGNECKA;112
SYLLA;112
SZERWIŃSKA;112
SZMACIŃSKA;112
SZORDYKOWSKA;112
SZYNDLAREWICZ;112
TALECKA;112
TAMAS;112
TRZEWIKOWSKA;112
TUŚNIO;112
ULISZEWSKA;112
VARAVA;112
VYNOKUROVA;112
WARSZYŃSKA;112
WARZYC;112
WASIEWSKA;112
WĄSIOŁEK;112
WĄTROBIŃSKA;112
WIERZCHOSŁAWSKA;112
WISŁOWSKA;112
WOJCZAK;112
YEVDOKIMOVA;112
ZAITSAVA;112
ŻOŁĘDZIEJEWSKA;112
ŻURECKA;112
ŻWIRSKA;112
BALBUZA;112
BEMBENIK;112
BEMBNOWICZ;112
BEZVERKHYI;112
BOŻEMSKI;112
BRZÓSKO;112
BULAS;112
BUŁDAK;112
CENCEK;112
CIEPLECHOWICZ;112
CUKIERDA;112
CYGNAROWICZ;112
CZARNOCIŃSKI;112
CZEMKO;112
CZEREPIŃSKI;112
CZYSTY;112
ĆMAK;112
DANILEWSKI;112
DEJAS;112
DELCZYK;112
DEMIROV;112
DĘBNY;112
DIMOV;112
DMYTRÓW;112
DRZEWI;112
DUONG;112
DZIÓŁKO;112
FAMIELEC;112
FIŁOŃCZUK;112
GAŁCZYK;112
GAŁOSZ;112
GAWARZYŃSKI;112
GAWRYSZAK;112
GOŁEMBIOWSKI;112
GOWKIELEWICZ;112
GRĄDZ;112
GROCHOWICKI;112
GROMOTOWICZ;112
GRYWALSKI;112
HAJSKI;112
HAPANOWICZ;112
HOJOŁ;112
ILECKI;112
ISMOILOV;112
JAKS;112
JAKUBOWIAK;112
JANCZUKOWICZ;112
JÓZEF;112
JÓŹKO;112
KAL;112
KALL;112
KARAPUDA;112
KARWASIŃSKI;112
KIBIL;112
KIELANOWSKI;112
KINASTOWSKI;112
KIRKO;112
KMUK;112
KOCIAŁKOWSKI;112
KOLECZKO;112
KOŁACIAK;112
KOŁASZEWSKI;112
KOMOŃSKI;112
KORBUSZEWSKI;112
KOSIDOWSKI;112
KOSMATY;112
KOSZCZUK;112
KOSZUCKI;112
KRAWCZUN;112
KRONKOWSKI;112
KRUSIEC;112
KRYSTMAN;112
KURZYNOWSKI;112
KUŹBIŃSKI;112
LENDER;112
LEWONIEWSKI;112
LICHOŁAT;112
LISSOWSKI;112
LUKOWSKI;112
ŁATWIŃSKI;112
MACHOŚ;112
MADEKSZA;112
MAGAJ;112
MAGOLAN;112
MAHMOOD;112
MARSKI;112
MARZOCH;112
MĄDRASZEK;112
MELANOWICZ;112
MENDECKI;112
MIAZGOWICZ;112
MICHLEWSKI;112
MICKA;112
MIEMCZYK;112
MISKO;112
MŁODY;112
MOCKO;112
MURASZEWSKI;112
NYKOLYN;112
OCHTABIŃSKI;112
OLENIAK;112
OLICHWIRUK;112
PASLAVSKYI;112
PAWĘZOWSKI;112
PĄSIEK;112
PERDUTA;112
PETERMAN;112
PETKO;112
PILUŚ;112
POTRZEBSKI;112
PROGA;112
PRYLUTSKYI;112
PRZEKAZA;112
PTASZYK;112
PUPECKI;112
PUTERNICKI;112
PUTKARADZE;112
RAUCHUT;112
REKUCKI;112
RUZHYTSKYI;112
RYDZOWSKI;112
RYFCZYŃSKI;112
RZĘDZIAN;112
RZOSIŃSKI;112
SEJDA;112
SIEROTOWICZ;112
SÎRBU;112
SKWARLIŃSKI;112
SMOLARKIEWICZ;112
SOBIROV;112
SOŁTOWSKI;112
STACHAK;112
STALMIERSKI;112
STOJAŃSKI;112
SUKHANOV;112
SZAJRYCH;112
SZALCZYK;112
SZOPIERAJ;112
SZOPNY;112
SZOSTECKI;112
SZURKOWSKI;112
SZWAGIEL;112
SZYDERSKI;112
SZYPKOWSKI;112
ŚRÓDECKI;112
TOMIŃSKI;112
USOV;112
WARCHOLIK;112
WARELIŚ;112
WARMUZIŃSKI;112
WEDZIUK;112
WERESZCZAK;112
WIERZCHOSŁAWSKI;112
WIŚLIŃSKI;112
WOJCIACZYK;112
YUNUSOV;112
ZABRZAŃSKI;112
ZAKRZACKI;112
ZDYBICKI;112
ZIEJKA;112
ZUBELEWICZ;112
ZYSKO;112
ZYZNOWSKI;112
ŻĄDŁOWSKI;112
ŻENDZIAN;112
ANIMUCKA;111
BAĆKO;111
BESPALKO;111
BEZRUK;111
BŁACHUCKA;111
BOLARCZYK;111
BOLKOWSKA;111
BONCZYK;111
BOŻKIEWICZ;111
BUROVA;111
CHODZICKA;111
CHUDOBSKA;111
CHYZHOVA;111
CIERZNIEWSKA;111
CZARTOWSKA;111
CZOŁCZYŃSKA;111
DELIK;111
DOBIS;111
DROBCZYŃSKA;111
DROBNIKOWSKA;111
DWERNICKA;111
FALANDYS;111
GERMAŃSKA;111
GIERKO;111
GIZIEWICZ;111
GOLOWSKA;111
GRELICH;111
GRELUS;111
GRĘZICKA;111
GRONERT;111
GRZECZYŃSKA;111
GRZEMBA;111
GRZYWOK;111
HANIECKA;111
HARENDA;111
HAWRYLIK;111
HLUCHNIK;111
IWOŁA;111
JAKŚ;111
JANKOŚ;111
JARASZEK;111
JARAWKA;111
JAREMKIEWICZ;111
JAŚTAK;111
JENCZ;111
JĘDRYCHOWICZ;111
JĘDRZYCKA;111
JOST;111
KACPEROWSKA;111
KAZMIERCZAK;111
KIEŁKUCKA;111
KIERNOŻYCKA;111
KINICKA;111
KNOZOWSKA;111
KOBRZAK;111
KOCKA;111
KONACHOWICZ;111
KOPYSTECKA;111
KOSOVA;111
KOSSEWSKA;111
KOSTON;111
KOTVYTSKA;111
KOVALETS;111
KOZYNETS;111
KRAMP;111
KRUPNIEWSKA;111
LEC;111
LEWIN;111
LICHOWSKA;111
LIPICKA;111
LNIAK;111
LUO;111
LVOVA;111
ŁOCHNICKA;111
ŁOJOWSKA;111
MADERSKA;111
MARCHELEK;111
MAŚLEWSKA;111
METZGER;111
MĘDYKOWSKA;111
MIESZCZANKOWSKA;111
MIKLASIŃSKA;111
MIRKA;111
MUSZEL;111
MYSIEWICZ;111
MYSKIV;111
NALEWAJA;111
NATONIEWSKA;111
NATURALNA;111
NAUMCZUK;111
NEHODA;111
NEYMAN;111
NIEMIERKA;111
OLEFIR;111
OLESHCHUK;111
OPOCZYŃSKA;111
PALIUKH;111
PĘDLOWSKA;111
PIDHAINA;111
PIECHULEK;111
PIETRZAKOWSKA;111
PIWOROWICZ;111
PODOŁOWSKA;111
POKLĘKOWSKA;111
POKOROWSKA;111
PRZEDWOJEWSKA;111
PUŁKOWSKA;111
PUTERNICKA;111
RABE;111
RÓŻNOWICZ;111
RUBINKIEWICZ;111
SŁAWNIKOWSKA;111
SOCKA;111
STAŁANOWSKA;111
STARSKA;111
STODOLNIK;111
SUBBOTINA;111
SUWICZAK;111
SWIERZY;111
SZADOWIAK;111
SZCZEGÓLSKA;111
SZEWIOR;111
SZOSTECKA;111
SZRAMSKA;111
SZUTARSKA;111
SZYMANKOWSKA;111
TUZIK;111
ULICHNOWSKA;111
USACHOVA;111
VASIANOVYCH;111
WAPNIARSKA;111
WERONIECKA;111
WESSEL;111
WIEJOWSKA;111
WIELICHOWSKA;111
YATSIV;111
ZAKRZACKA;111
ZAPĘDOWSKA;111
ZBOJNA;111
ZDŻALIK;111
ZIMOŃSKA;111
ŻELAŚKIEWICZ;111
ŻENDARSKA;111
AMROZIK;111
ARNAUT;111
BANCARZEWSKI;111
BANDZIAK;111
BECIŃSKI;111
BEREHOVYI;111
BIECKI;111
BIERDZIŃSKI;111
BŁACHEWICZ;111
BŁAJEK;111
BONIEWSKI;111
CHATŁAS;111
CHOCHLEWICZ;111
CIECIERĘGA;111
CILULKO;111
CZEREPKO;111
DOBRZELECKI;111
DORNOWSKI;111
DOWLASZEWICZ;111
DRĄŻCZYK;111
DROSSEL;111
DUDIK;111
DUDKIN;111
DURAŃSKI;111
DYNKOWSKI;111
FENGIER;111
FIGURNIAK;111
FRANCIS;111
GAJIEV;111
GALLER;111
GARDYJAS;111
GAŹDZIAK;111
GĘBOREK;111
GIZOWSKI;111
GLIMASIŃSKI;111
GONIEWICZ;111
GORYCA;111
GRZEGOCKI;111
GRZEGRZUŁKA;111
GRZEJKA;111
HAIK;111
HAJDRYCH;111
HANUSHCHAK;111
HAZUBSKI;111
HENCZEL;111
HOLUK;111
HUCHRAK;111
HYTREK;111
JASIC;111
JUCHNOWSKI;111
JUSIEL;111
KAŁECKI;111
KAMUSIŃSKI;111
KANTAROWSKI;111
KAPOL;111
KASIBORSKI;111
KĘCIEK;111
KIĆ;111
KIELSKI;111
KIEŁKUCKI;111
KNYSZYŃSKI;111
KOBYLAREK;111
KOZŁOW;111
KRAC;111
KRACZLA;111
KRASNIKOV;111
KRASULA;111
KRYSKO;111
KULUPA;111
KUZEMCZAK;111
LENIO;111
ŁYSZCZYŃSKI;111
MACHELAK;111
MAŁASIŃSKI;111
MARANOWSKI;111
MAZIAKOWSKI;111
MĘCIŃSKI;111
MIĄDOWICZ;111
MIOSKOWSKI;111
MITULA;111
MOLECKI;111
MORARI;111
MOZGHOVYI;111
MOZOŁA;111
MYKHAILO;111
NAGRABSKI;111
NAUS;111
NOWIKIEWICZ;111
OLENKIEWICZ;111
ÖZKAN;111
PACKIEWICZ;111
PAŁATYŃSKI;111
PARIS;111
PASZTOR;111
PAŚNIKOWSKI;111
PATYNEK;111
PĄPKA;111
PERKO;111
PIEDA;111
PIJAROWSKI;111
PLESZEWSKI;111
PŁOSA;111
PŁUŻYCZKA;111
POKRYWIECKI;111
POPOWCZAK;111
PORTACHA;111
POSZWIŃSKI;111
POTRAWA;111
PRZASTEK;111
PRZYLEPA;111
PUŁAPA;111
PYJOR;111
RADZIMIERSKI;111
RAFAŁO;111
RASZYK;111
RELISZKA;111
REWKOWSKI;111
RIABYI;111
SEKRETA;111
SIEKIERKOWSKI;111
SIERZCHUŁA;111
SIMONYAN;111
SKROBIRANDA;111
SMYRSKI;111
SOLDATKE;111
SPICH;111
SPORA;111
SPRUTTA;111
STANDIO;111
STOGNIEW;111
STOLIAROV;111
STRZĘP;111
STRZODKA;111
STUSIO;111
STYZIŃSKI;111
SULENTA;111
SUPRONIK;111
SZADA BORZYSZKOWSKI;111
SZAŁAPATA;111
SZAUER;111
SZAWKAŁO;111
SZCZEPUŁA;111
SZCZYBELSKI;111
SZMYCIŃSKI;111
SZOPIAK;111
SZUCA;111
SZUĆKO;111
SZWABE;111
ŚLIZEWSKI;111
ŚWIERZOWSKI;111
TANISTRA;111
TATARZYŃSKI;111
TENDELSKI;111
TĘTNOWSKI;111
TOCZKOWSKI;111
TRENDOWICZ;111
TRYBUŁOWSKI;111
TUCHARZ;111
TUTKO;111
VALIYEV;111
VO;111
WAMBERSKI;111
WARSIEWICZ;111
WIŚNIOWIECKI;111
WLASZCZYK;111
WODEJKO;111
WOJCIESZCZYK;111
WYBORNY;111
WYSAKOWSKI;111
ZACIERKA;111
ZGÓRKA;111
ZIĘDALSKI;111
ZYSNARSKI;111
ŻMUDOWSKI;111
ŻUBERT;111
ANDRUSHCHAK;110
ANDRZEJKOWICZ;110
ARTIUKHOVA;110
BERBECKA;110
BIECKA;110
BLUDOVA;110
BOHUSLAVSKA;110
BONIOR;110
BREJT;110
BUDLEWSKA;110
BURZAŁA;110
CERANOWSKA;110
CICHANOWICZ;110
CICHERSKA;110
CICHOR;110
CIĘCIARA;110
CZESTKOWSKA;110
CZYPEK;110
DENIZIAK;110
DOBIOSZ;110
DOBRZELEWSKA;110
DOMORACKA;110
DORENDA;110
DOST;110
DROBNICKA;110
DROGOMIRECKA;110
DUDINA;110
DUMYCH;110
DZIOSA;110
FALEWICZ;110
FALKO;110
FANDRYCH;110
FOJUD;110
FOLEJEWSKA;110
GABRYLEWICZ;110
GAĆKOWSKA;110
GŁĄBOWSKA;110
GOMOLIŃSKA;110
GOMUŁKIEWICZ;110
GRAHAM;110
GRASZK;110
GREF;110
GREIF;110
HABIŃSKA;110
HADZICKA;110
HOJAK;110
HOLOD;110
HOROKHOVA;110
HROMYK;110
HURTOVA;110
JASINIAK;110
KALCHUK;110
KAMOWSKA;110
KARAMAŃSKA;110
KAREWICZ;110
KHMELEVSKA;110
KIELANOWSKA;110
KIERA;110
KIZIELEWICZ;110
KIZIŃSKA;110
KLACZKOWSKA;110
KLENCZ;110
KLOK;110
KLUZIŃSKA;110
KŁAP;110
KONEWECKA;110
KORZENECKA;110
KUBATEK;110
KUBKOWSKA;110
KŰHN;110
KULING;110
KURDELSKA;110
KURZEP;110
LEMBRYK;110
LEWINSKA;110
LINARD;110
LOSIEVA;110
LUBENETS;110
LUTZ;110
MADEJOWSKA;110
MAGER;110
MALOWANA;110
MAŁASZEK;110
MEDYGRAŁ;110
MICHLEWSKA;110
MIZIUK;110
MŁOŹNIAK;110
MOMONT;110
MORZUCH;110
MUCHALSKA;110
MUJTA;110
MUNDZIK;110
MUSZYTOWSKA;110
NEBESNA;110
NERWIŃSKA;110
NOROWSKA;110
NOWOSTAWSKA;110
OBER;110
OLEARNIK;110
OSTRÓŻKA;110
PIELACIŃSKA;110
PIŁASZEWICZ;110
POMAGALSKA;110
POPIAK;110
POPKOVA;110
PYDZIŃSKA;110
RAC;110
RAKSZAWSKA;110
RĄB;110
REJS;110
RĘBALSKA;110
RODZEWICZ;110
ROSZCZYNIALSKA;110
RYGLOWSKA;110
RYZHA;110
SABADASZ;110
SAMOJŁO;110
SEGAL;110
SENENKO;110
SHAW;110
SHCHERBINA;110
SHESTOPALOVA;110
SIERPNIAK;110
SILICKA;110
SILINA;110
SKOCZKE;110
SKROBACKA;110
SMOROŃSKA;110
SOBÓLSKA;110
SOSNECKA;110
SREBERSKA;110
STASCH;110
SUKHINA;110
SWAKOWSKA;110
SZPERLING;110
SZTAJEROWSKA;110
SZTOLCMAN;110
SZUWALSKA;110
SZWONDER;110
SZYMCZYCHA;110
ŚCIBURA;110
TOFILSKA;110
TROCIUK;110
ULIDOWSKA;110
ULLRICH;110
UNGEHEUER;110
VARLAMOVA;110
VYSHNIAKOVA;110
WALCZOWSKA;110
WEŁYCZKO;110
WERSOCKA;110
WICKOWSKA;110
WIENCZEK;110
WIENDLOCHA;110
WILLIM;110
WIŚNIOWIECKA;110
WORONECKA;110
YALOVA;110
YUSHKO;110
ZAJDZIŃSKA;110
ZASADNIA;110
ZVIAHINTSEVA;110
ZYDEK;110
AFTAŃSKI;110
AKHALAIA;110
ALEJSKI;110
ANDREJAS;110
ARYAL;110
BANDA;110
BELAK;110
BŁANIK;110
BOŁTROMIUK;110
BOMBIŃSKI;110
BRONNY;110
BRUDECKI;110
BRZĄKOWSKI;110
BURACZEK;110
BURYŚ;110
BUTT;110
CHADAŁA;110
CHYNEK;110
CIECHELSKI;110
CUDNOCH;110
CUGLEWSKI;110
CZUBIAK;110
DACZYŃSKI;110
DEPCIUCH;110
DOBBER;110
DOBUCKI;110
DRAŃSKI;110
DUMICZ;110
DYNDOR;110
ELWARTOWSKI;110
FASICZKA;110
FERDZYN;110
FIFER;110
FRANT;110
FULNECZEK;110
GAVRYLIUK;110
GIELMUDA;110
GMURSKI;110
GRABOSZ;110
GRECZKA;110
GROBARCZYK;110
GRONO;110
GUSZCZAK;110
GZUBICKI;110
HABERNY;110
HEJCZYK;110
HOŁOWICKI;110
HORAJSKI;110
HULIAIEV;110
HUMAJ;110
JARONIEWSKI;110
JEDNAC;110
JEŻYŃSKI;110
JONIO;110
KAGANIEC;110
KALAK;110
KATANOWSKI;110
KATYŃSKI;110
KHARLAMOV;110
KIERACH;110
KISIO;110
KLAMER;110
KŁĘBOKOWSKI;110
KONDRASZUK;110
KOSARZYCKI;110
KOVÁCS;110
KRASZCZYŃSKI;110
KRĘŹLEWICZ;110
KRÓWCZYŃSKI;110
KUBOSZ;110
KUCZORA;110
KULESZEWICZ;110
KUZENKO;110
LEGIN;110
LENARCIAK;110
LIKA;110
LIMAN;110
LOEWNAU;110
LUKACH;110
ŁODZIEWSKI;110
MAKSYMCZAK;110
MAKUKHA;110
MALEJKI;110
MAŁOWIECKI;110
MARCINCZAK;110
MAŚLĄG;110
MATERNY;110
MĄDRZYŃSKI;110
MEKA;110
MODERSKI;110
MORAWCZYŃSKI;110
NAGIELSKI;110
NODZAK;110
NOWY;110
OSIEJUK;110
OSINKA;110
PAŁACHA;110
PASOWSKI;110
PECURA;110
PETELCZYC;110
PIERGIES;110
PIĘDZIA;110
PIJARSKI;110
PIROWICZ;110
PITYŃSKI;110
PIWOWOŃSKI;110
PŁOSZAJSKI;110
PÓŁCZYŃSKI;110
PSICA;110
PUKŁO;110
PUPIN;110
PYDYNOWSKI;110
RACIŃSKI;110
RAJCZEWSKI;110
RAPICKI;110
REPLIŃSKI;110
RETELEWSKI;110
RODIN;110
ROZENKIEWICZ;110
RUSIAK;110
RUSIŁOWSKI;110
RYBIN;110
SAPRYKIN;110
SARNIKOWSKI;110
SEJ;110
SEMIANIUK;110
SETIAWAN;110
SEWIELSKI;110
SIERPUTOWSKI;110
SIMKIEWICZ;110
SKROBARCZYK;110
SKRZEKOWSKI;110
SŁOWAK;110
SŁYŻ;110
SOCKI;110
SPASIUK;110
SPRANCEL;110
STEREŃCZAK;110
STOŁECKI;110
STONIO;110
STRONK;110
SYGNECKI;110
SZALCZYŃSKI;110
SZCZEŚ;110
SZEPCZYŃSKI;110
SZPRĘGLEWSKI;110
SZPRUTA;110
SZYMELFENIG;110
ŚWINKA;110
TABĘDZKI;110
TĘSNY;110
TOMKALSKI;110
TORCHALSKI;110
TREMBIŃSKI;110
TRYCH;110
VERBITSKYI;110
WAŁĘCKI;110
WAPNIARSKI;110
WASYLKIEWICZ;110
WERELICH;110
WICZANOWSKI;110
WINCKIEWICZ;110
WITESKA;110
WITOŚ;110
WOJCZYSZYN;110
WYSMOLIŃSKI;110
YERMOLAIEV;110
ZABIELNY;110
ZALUTSKYI;110
ZASTAWA;110
ZDANOVICH;110
ZUCHMAŃSKI;110
ŻUBERTOWSKI;110
ŻYTYŃSKI;110
ANTYPENKO;109
BANISZ;109
BARTH;109
BARTOSEWICZ;109
BARUD;109
BARYCZA;109
BATOGOWSKA;109
BIELAŚ;109
BIRIUK;109
BISS;109
BŁAZUCKA;109
BOBKOVA;109
BOHACHUK;109
BORZEWSKA;109
BRODNIEWICZ;109
BRYLKA;109
BUDZICZ;109
BUKOWA;109
BURLACHENKO;109
CHAIM;109
CHLEBICA;109
CHRABĄSZCZEWSKA;109
CHWOJNICKA;109
CIERLICA;109
CZAMAŃSKA;109
CZAPELSKA;109
CZWOJDA;109
DANILKIEWICZ;109
DANIŁ;109
DEDIO;109
DEKAŃSKA;109
DIAS;109
DRABCZYŃSKA;109
DRAŃSKA;109
DRYHA;109
DYBKO;109
DZIAKIEWICZ;109
FAJFROWSKA;109
FRIEDEL;109
GAWLITA;109
GIZOWSKA;109
GŁASZCZ;109
GNIEŁKA;109
GNIZA;109
GORZAŁCZYŃSKA;109
GÓLCZYŃSKA;109
GRABELUS;109
GRANT;109
HOMON;109
HRECZYŃSKA;109
ISKIERSKA;109
JABŁONIEC;109
JAGOS;109
JANIEL;109
JAŚLAN;109
JENDRAS;109
JUNGOWSKA;109
JUSIS;109
KIERAGA;109
KIERSZTAN;109
KLEWICKA;109
KOLAR;109
KOLEBSKA;109
KOSMELA;109
KOTWIS;109
KRĘTKOWSKA;109
KROKOSZYŃSKA;109
KSEPKO;109
KUZNIATSOVA;109
KYSLIAK;109
LATOSIEWICZ;109
LEHR;109
LEONHARD;109
LONGA;109
LUKOSEK;109
ŁABISZEWSKA;109
ŁASTÓWKA;109
MACUGOWSKA;109
MARCHOCKA;109
MAŚLANEK;109
MAŚLORZ;109
MERC;109
MIASKOWSKA;109
MICHAELIS;109
MINIKOWSKA;109
MIŚKA;109
MYKHALSKA;109
NADOLIŃSKA;109
NAKONOWSKA;109
NAZAREVYCH;109
NEHREBECKA;109
NIEDOLISTEK;109
NIERADA;109
NIEWELT;109
OLEŃCZUK;109
OLIWIŃSKA;109
OMELAŃSKA;109
ORTEL;109
OSENDOWSKA;109
PAŁECKA;109
PARZĘCKA;109
PASHCHUK;109
PATAŁA;109
PATRZYKOWSKA;109
PEST;109
PETRIVSKA;109
PIEPIORA;109
PIHAN;109
PIÓROWSKA;109
PODLODOWSKA;109
POSADOWSKA;109
POSPISZYŁ;109
PRZYSTUP;109
RADOWIECKA;109
REGENT;109
REWKOWSKA;109
ROZESŁANIEC;109
RUSKOWIAK;109
SADALSKA;109
SEMENOVYCH;109
SOBUTKA;109
SORDON;109
SPEK;109
STABLEWSKA;109
STAUDT;109
STERA;109
STRAUCHMANN;109
STRZESZKOWSKA;109
SUBSTELNA;109
SUCHOPARSKA;109
SUKHODOLSKA;109
SVYRYDIUK;109
SYRNICKA;109
SZANDURSKA;109
ŚLUŻYŃSKA;109
ŚMIGALSKA;109
ŚWIEJKOWSKA;109
ŚWITAKOWSKA;109
TARLECKA;109
TENDELSKA;109
TREMBIŃSKA;109
TRYJANOWSKA;109
TWORZOWSKA;109
TYKHONCHUK;109
TYRAWA;109
UGNIEWSKA;109
UGORSKA;109
UZAREWICZ;109
VOLK;109
VOLOSHCHENKO;109
VOROPAIEVA;109
WABNIK;109
WANDZIOCH;109
WEIDEMANN;109
WIELGOLASKA;109
WOLNIKOWSKA;109
WORONOWSKA;109
WYPYSKA;109
YEVDOKYMENKO;109
ZACNA;109
ZAGUMNA;109
ZAKHARKO;109
ZGÓRZYŃSKA;109
ZIEMIANOWICZ;109
ZINÓWKO;109
ZYZNOWSKA;109
ŻYGUŁA;109
AMPUŁA;109
ANDRYCHIEWICZ;109
ARMAŃSKI;109
BIERNACIAK;109
BIRK;109
BIŚTO;109
BOKOWY;109
BROŹNY;109
BUBROWSKI;109
CĄPAŁA;109
CHOCHULSKI;109
CHOLIŃSKI;109
CHRABĄSZCZEWSKI;109
CIACIEK;109
CIĘGOTURA;109
ĆMIELEWSKI;109
DAHAL;109
DOCZYK;109
DOLINSKYI;109
DOLYNSKYI;109
DRAWS;109
DREWKA;109
DUCHOWSKI;109
DYMKO;109
DYNGOSZ;109
DYZIO;109
DZIENIAK;109
DZIURNY;109
FIRSOV;109
FUNEK;109
GAJOSZ;109
GEMRA;109
GINDERA;109
GŁUSZCZYŃSKI;109
GONCHARUK;109
GREJNER;109
GUDAJCZYK;109
GURCZYŃSKI;109
GWOŹDZIŃSKI;109
HADA;109
HALUSIAK;109
HAMERLIŃSKI;109
HARMASZ;109
HENRYKOWSKI;109
HŁAWICZKA;109
HODER;109
HORNY;109
HREŚKA;109
IDACZYK;109
JARZYŁO;109
JASIOCHA;109
JASTAK;109
JUNGOWSKI;109
KACZUGA;109
KANSIK;109
KARAMUZ;109
KAZANTSEV;109
KIELMAS;109
KNIEJSKI;109
KONRADOWSKI;109
KOPYSTECKI;109
KORDAŚ;109
KORNOSZ;109
KORSKI;109
KOSIARZ;109
KROGUL;109
KSOK;109
KUKOWIECKI;109
KULAWIŃSKI;109
LAMKIEWICZ;109
LEPOROWSKI;109
ŁANKOWSKI;109
ŁĘCZEK;109
ŁĘTEK;109
ŁOSAK;109
ŁYCZAKOWSKI;109
MAHMUDOV;109
MAŁOWSKI;109
MASZTAFIAK;109
MAŚLEWSKI;109
MAZA;109
MIADZVEDZEU;109
MINAKOWSKI;109
MOCZYGĘBA;109
MOTAS;109
MYKOWSKI;109
NACEWICZ;109
NAMIEL;109
NASTAŁ;109
NOGAJEWSKI;109
OBLICKI;109
OBUDZIŃSKI;109
OCYTKO;109
OPIELKA;109
ORKOWSKI;109
OSZMANIEC;109
PARZYK;109
PELS;109
PENDOWSKI;109
PIECHOTKA;109
PIĘTKO;109
PŁUŻEK;109
PŁUŻYŃSKI;109
POLITO;109
PORZEŻYŃSKI;109
PROSZAK;109
PRZĄDO;109
PRZERACKI;109
PYDZIK;109
REKUĆ;109
RĘKORAJSKI;109
ROCZYNA;109
RYBAKOV;109
RYCIUK;109
RYZHOV;109
SADLOK;109
SEMKOVYCH;109
SHAROV;109
SHMYHELSKYI;109
SIEBIERSKI;109
SIERUGA;109
SINKO;109
SKIERNIEWSKI;109
SKINDEROWICZ;109
SKŁADAN;109
STANIURSKI;109
STEPKA;109
STOPAREK;109
SUCHODÓŁ;109
SUJDAK;109
SVYRYDOV;109
SWOSZOWSKI;109
SZCZEGÓLSKI;109
SZCZERBETKA;109
SZEREMENT;109
SZOBLIK;109
SZULERECKI;109
ŚCIUBAK;109
ŚLEBOCKI;109
ŚLOTAŁA;109
ŚWIEREK;109
TĘŻYCKI;109
TOBIŚ;109
TROSZKA;109
TRUKHAN;109
TWARKOWSKI;109
VIETROV;109
WALUCH;109
WEJHER;109
WILDNER;109
WILUŚ;109
WIÓRKOWSKI;109
WOGA;109
WRZAŁEK;109
WYDURSKI;109
YAKAULEU;109
YAKIMOVICH;109
YAKUNIN;109
ZALEŃSKI;109
ZIEMBOWICZ;109
ALEKSIUN;108
ALFUT;108
ARDELLI;108
BAJUK;108
BELIAK;108
BESSARAB;108
BIEGAJSKA;108
BIEGUSZEWSKA;108
BINAŚ;108
BOMBRYCH;108
BONIEWSKA;108
BUBIŃSKA;108
BURAŚ;108
BYSIEC;108
CEBELIŃSKA;108
CEKUS;108
CHARABIN;108
CHOCHULSKA;108
ĆMIKIEWICZ;108
DACZYŃSKA;108
DELMACZYŃSKA;108
DEMUCHA;108
DEUTER;108
DOŁHAN;108
DORCZAK;108
DZIESZKOWSKA;108
FAJKS;108
FALIGOWSKA;108
FIGLEWSKA;108
FIUTKOWSKA;108
FORNOL;108
FRENZEL;108
FRYCZYŃSKA;108
FURTAS;108
GERTYCH;108
GIEBEL;108
GŁUSZCZYŃSKA;108
GÓRLIKOWSKA;108
GRELL;108
GRONAU;108
GRUBERSKA;108
GRUNERT;108
HAIDASH;108
HOSHOVSKA;108
HUSIATYŃSKA;108
JAINTA;108
JANULEK;108
JERSZ;108
JUNKIEWICZ;108
KAGANKIEWICZ;108
KALYNA;108
KAMIENICZNA;108
KAMIENOWSKA;108
KANTAROWSKA;108
KAPSKA;108
KAZAN;108
KEMPNA;108
KHRYSTYCH;108
KŁYZA;108
KNIAZIEWICZ;108
KONDASZEWSKA;108
KONOBROCKA;108
KOSOVSKA;108
KOSTELECKA;108
KOTELUK;108
KOTLIARENKO;108
KRĘTOSZ;108
KRYSTOWCZYK;108
KUKIEL;108
KULISZEWSKA;108
KUROCZYCKA;108
KURYŁŁO;108
LECHICKA;108
LEMESHKO;108
LEONARCIK;108
LIETZAU;108
LIHS;108
LITAROWICZ;108
LUTAK;108
LYKOVA;108
ŁANKOWSKA;108
ŁUKASZYŃSKA;108
MAKHNO;108
MALIKOVA;108
MALITSKA;108
MEDVEDEVA;108
MELCHER;108
MICHNAL;108
MIDRO;108
MIZIELSKA;108
MORAWIETZ;108
MROZKOWIAK;108
NAHORSKA;108
NITARSKA;108
NYKONCHUK;108
OBUDZIŃSKA;108
OKRZEJSKA;108
OLCHÓWKA;108
OPITZ;108
OSSOWICKA;108
OWSIAŃSKA;108
PATRYAS;108
PIETUCH;108
PINIECKA;108
PRZECHRZTA;108
PRZYKUCKA;108
PUKHALSKA;108
RADETSKA;108
RADZIWOŁEK;108
RADZIWOŃSKA;108
RASSEK;108
RĘCŁAWOWICZ;108
ROI;108
ROZKWITALSKA;108
RYŚKIEWICZ;108
SAKWERDA;108
SARNIKOWSKA;108
SHULHINA;108
SOROKOWSKA;108
STAKHOVA;108
STARKIEWICZ;108
STARYBRAT;108
STATNIK;108
STAWNICKA;108
STRUCZYK;108
STYP-REKOWSKA;108
SUBIK;108
SUCHACKA;108
SUKTA;108
SWIENTEK;108
SWORACKA;108
SZAJBEL;108
SZELLER;108
SZEPE;108
SZERMER;108
SZLASZYŃSKA;108
SZŁYK;108
SZRAGA;108
SZULER;108
ŚMIDODA;108
TAMULEWICZ;108
TĘŻYCKA;108
TKACZENKO;108
TŁUCZYKONT;108
TRUDZIŃSKA;108
TRZĄSKA;108
TURLIK;108
TWOROWSKA;108
URBASIK;108
VYSHNIAK;108
WAJCHT;108
WANTOŁA;108
WIATKOWSKA;108
WIZIMIRSKA;108
WŁUDARZ;108
WOCŁAW;108
WOJNIŁOWICZ;108
WOLA;108
WYCINKA;108
YAROTSKA;108
YATSKOVA;108
YAVTUSHENKO;108
ZACHARCZYK;108
ZAJDLEWICZ;108
ZAJDLIC;108
ZBROCH;108
ZDOLIŃSKA;108
ZYSNARSKA;108
ŻELAZIŃSKA;108
ŻYTOWIECKA;108
ANDRACKI;108
ANTKOWSKI;108
ANUS;108
BARTWICKI;108
BĄTKIEWICZ;108
BĘTLEWSKI;108
BICZYŃSKI;108
BISIALSKI;108
BLYSHCHYK;108
BOLCZYK;108
BONAT;108
BONDA;108
BOŻYKOWSKI;108
BRATUS;108
BRUN;108
BRYDAK;108
BUJEWSKI;108
BURACZYK;108
CHARUBA;108
CHODERA;108
CIERACH;108
CIESNOWSKI;108
CUP;108
CZACHARA;108
CZAPELKA;108
CZECZOTKA;108
CZERNIJ;108
CZESZYŃSKI;108
CZOŁCZYŃSKI;108
DARUK;108
DONTSOV;108
DOSZCZECZKO;108
DRABCZYŃSKI;108
DREŻEWSKI;108
DROŹDZIKOWSKI;108
DURAZIŃSKI;108
DYSZKANT;108
DYSZKOWSKI;108
DZIĘGIELOWSKI;108
ERKIERT;108
FASUGA;108
FITT;108
FLAKA;108
FRIDMAN;108
GABUNIA;108
GADZALIŃSKI;108
GAWERSKI;108
GEMBORYS;108
GIEREŚ;108
GIEROS;108
GRAJZER;108
GRAZDA;108
HALECKI;108
HAUS;108
HODYL;108
HOSZKO;108
HYB;108
IVANOCHKO;108
JADASZ;108
JASZYK;108
JĄCZYK;108
JEWULSKI;108
JURDZIAK;108
KABA;108
KALISZCZUK;108
KAŁACH;108
KHARUK;108
KIŚLUK;108
KŁANIECKI;108
KOBYŁCZYK;108
KOCYŁOWSKI;108
KOJŁO;108
KOPYCZYŃSKI;108
KORZECKI;108
KOSIARA;108
KUBOCZ;108
KUDREWICZ;108
KUPRAS;108
KUPSIK;108
KURCABA;108
KURNIKOWSKI;108
KUROPIESKA;108
LAPTIEV;108
LEPIESZKA;108
LIWOCHA;108
ŁOZAK;108
MACEDOŃSKI;108
MACIUPA;108
MACIURA;108
MAHAS;108
MALESZKO;108
MALINIAK;108
MATANOWSKI;108
MATIASZEK;108
MENDOWSKI;108
MESHCHERIAKOV;108
MICHNIOWSKI;108
MIĆKO;108
MIKAVA;108
MITERKA;108
MORDASZEWSKI;108
MOROŃCZYK;108
MREŃCA;108
OBNISKI;108
OŁOWIAK;108
OPRYSZEK;108
ORSZULSKI;108
ORYSZEWSKI;108
OSOWIEC;108
OTWIASKA;108
OWSIAŃSKI;108
PACELT;108
PAUROWSKI;108
PETERWAS;108
PIETUSZKO;108
PŁÓCINIAK;108
POBORCA;108
PODZIŃSKI;108
PÓŁTORZYCKI;108
PRZYCHODAJ;108
PULNAR;108
PUŁANECKI;108
PYSIK;108
RATUSKI;108
RIETZ;108
ROPKA;108
ROSHKO;108
RYGLOWSKI;108
SERDAK;108
SĘDZIELEWSKI;108
SHAUTSOU;108
SIAMIONAU;108
SIWERSKI;108
SKORZYCKI;108
SMUCZYŃSKI;108
SPARZAK;108
STABIK;108
STABLEWSKI;108
STAJSZCZYK;108
STOPNICKI;108
STRAŻ;108
STRELTSOV;108
STRILETSKYI;108
STYP-REKOWSKI;108
SZAR;108
SZCZUPAŁ;108
SZLASZYŃSKI;108
SZUFNAROWSKI;108
SZYLIŃSKI;108
SZYRSZEŃ;108
ŚWIERDZA;108
TCHANTURIA;108
TOCHMAN;108
TOPOR;108
TRAWNIK;108
TRUDZIŃSKI;108
UBYCHA;108
UGOLIK;108
WALTROWSKI;108
WALUŚKIEWICZ;108
WAWRZOŁA;108
WEYCHAN;108
WICKOWSKI;108
WIKOWSKI;108
WIŚNY;108
WIZŁA;108
WŁOCZKOWSKI;108
WROMBEL;108
WRZOŁEK;108
YARASHEVICH;108
ZABÓJ;108
ZAPRZAŁKA;108
ZAROTYŃSKI;108
ZAWIŁO;108
ZIARNEK;108
ZMOREK;108
ZUBCZYŃSKI;108
ŻUCHELKOWSKI;108
ALEKSEIENKO;107
BAKOŃ;107
BASTKOWSKA;107
BAWOROWSKA;107
BĄBIŃSKA;107
BĘTLEWSKA;107
BŁAWUT;107
BOCHMAN;107
BOJAŃSKA;107
BROSZKOWSKA;107
BRZÓSKIEWICZ;107
BUCIŃSKA;107
BURZ;107
BUTS;107
CONRAD;107
CYTLAK;107
DANYLEVYCH;107
DELIPACY;107
DIKTA;107
DOŁHAŃ;107
DRUMIŃSKA;107
DURAZIŃSKA;107
DURMAŁA;107
DYSZKOWSKA;107
FADEREWSKA;107
FEDUREK;107
FIGÓRSKA;107
GAWARZYŃSKA;107
GŁOŚNICKA;107
GODYCKA-ĆWIRKO;107
GOLEWSKA;107
GONEK;107
GRAMOWSKA;107
GRECHUTA;107
GRENCEL;107
GRUSZFELD;107
GRYCZMAN;107
GRZESIAKOWSKA;107
GUMENIUK;107
HALIUK;107
HENIG;107
HERHEL;107
HLUSHAK;107
HODÓR;107
HOLENIEWSKA;107
HOLUBNYCHA;107
HUDALA;107
JANCY;107
JEŻYŃSKA;107
JOKA;107
JURALEWICZ;107
KACZORUK;107
KALKO;107
KANCLERSKA;107
KARDASIEWICZ;107
KASPRZYŃSKA;107
KHOROSHUN;107
KIELIBA;107
KOŁDER;107
KORPOK;107
KOTYŚ;107
KUBAI;107
KUCICKA;107
KUCZMASZEWSKA;107
KUDELIA;107
KURDUBSKA;107
KURNAT;107
LARISCH;107
LAVRENTIEVA;107
LAZARUK;107
LEMEK;107
LEWONIEWSKA;107
LIBURSKA;107
LIEBRECHT;107
ŁABUDZKA;107
ŁANIAK;107
ŁUKJANIUK;107
MALKOVA;107
MAŁYGA;107
MARCZENKO;107
MATLAS;107
MECHOWSKA;107
MGLEJ;107
MIERZICKA;107
MIJAKOWSKA;107
MODERSKA;107
MOKROGULSKA;107
MONDRZEJEWSKA;107
MORMAN;107
MOZAL;107
MURAWIAK;107
MUSZELIK;107
MUZYKIEWICZ;107
NACHLIK;107
NAHORNIUK;107
NAMIROWSKA;107
NEMS;107
NIEDEK;107
NIEMOJEWSKA;107
NIKOŁAJEW;107
OBAŁEK;107
OLSZYCKA;107
ORLAK;107
PARZYMIES;107
PAWŁAT;107
PERDION;107
PIATROVA;107
PICEWICZ;107
PICUR;107
PIDHURSKA;107
PIJARSKA;107
PIWODA;107
POHREBNA;107
POŁUCH;107
POZNANIAK;107
PRUDNIKOVA;107
PUTYŁO;107
RABIKOWSKA;107
RADOŃSKA;107
RAUER;107
ROZENFELD;107
ROZENTAL;107
SAŁAGACKA;107
SAMOJEDEN;107
SAMORAJCZYK;107
SAVLUK;107
SENCHENKO;107
SEŃKÓW;107
SHYRIAIEVA;107
SIEMIONOW;107
SIERBIŃSKA;107
SIERHEJ;107
SIERPUTOWSKA;107
SILNA;107
SIWERSKA;107
SKORZYCKA;107
SŁABISZ;107
SPERZYŃSKA;107
SPIK;107
STASZKOWIAN;107
SUTERSKA;107
SYRKIEWICZ;107
SZELACHOWSKA;107
SZELWACH;107
SZLĘG;107
SZUFNAROWSKA;107
SZYMLA;107
TAFEL;107
TARGALSKA;107
TARNOWIECKA;107
TOMASZOWSKA;107
TOROŃ;107
TOTSKA;107
TRAM;107
TREMBOWSKA;107
TSYBA;107
TUCZAPSKA;107
TURANT;107
WACHOŃSKA;107
WICIEJOWSKA;107
WICZANOWSKA;107
WILCZYK;107
WILKOŃ;107
WŁAŚNIAK;107
WOJDZIAK;107
WTORKIEWICZ;107
YASKOVETS;107
ZAROŚLIŃSKA;107
ZAWIEJSKA;107
ZĄBROŃ;107
ŻÓŁTKOWSKA;107
AGNIESZCZAK;107
ANDREYEU;107
BACIAK;107
BARŁOŻEK;107
BASHYNSKYI;107
BENEDYKCIUK;107
BIAŁOGŁOWY;107
BILOSHYTSKYI;107
BLASKI;107
BŁĘCKI;107
BROSZKOWSKI;107
BUKŁAD;107
BURSZTYN;107
CHAJDUGA;107
CHAŚ;107
CHOCHLA;107
CHOŁODECKI;107
CHUĆ;107
CIEMSKI;107
CINKOWSKI;107
CMOK;107
CZEPIELEWSKI;107
DALKIEWICZ;107
DEMENTIEV;107
DEREWENDA;107
DOLIGALSKI;107
DRDZEŃ;107
DUNIAK;107
DZIONY;107
FIEJTEK;107
FILIPOVICH;107
FONTAŃSKI;107
FRYCZYŃSKI;107
GALBIERCZYK;107
GALSTYAN;107
GARBATOWSKI;107
GARMULEWICZ;107
GĘBICA;107
GLIMOS;107
GNYSZKA;107
GOGOLADZE;107
GOLASA;107
GOLJAN;107
GOLUBIŃSKI;107
GOWIK;107
GÓRAJEK;107
GÓRNIEWSKI;107
GÓRZEWSKI;107
GRUBERSKI;107
GWIZDOWSKI;107
HAMCZYK;107
HARAJ;107
HARKAVYI;107
HEMERLING;107
HRYNISZYN;107
JAGACZEWSKI;107
JANUSZAK;107
JASICZAK;107
KĘSIAK;107
KIERECKI;107
KLECH;107
KMOCH;107
KOKIEĆ;107
KORONOWICZ;107
KORZĘPA;107
KRASIEJKO;107
KROKOSZYŃSKI;107
KUCICKI;107
KUĆMIEROWSKI;107
KUROCHKIN;107
KUSHNIRCHUK;107
LEMIECHA;107
LIAKHOV;107
LIDER;107
LUBIECKI;107
ŁABUDZKI;107
ŁĘGOWIAK;107
ŁOPUCKI;107
ŁUCZYN;107
MAKAROWICZ;107
MANDA;107
MARONDEL;107
MIKLASIEWICZ;107
MIRONOV;107
NAZAREK;107
NOSIŃSKI;107
ONYŚKO;107
OPENCHOWSKI;107
ORATOWSKI;107
PARNICKI;107
PATIL;107
PETRYCKI;107
PĘSIEK;107
PIERZCHAŁKA;107
PIETRALCZYK;107
PŁOCIENIAK;107
PŁOTECKI;107
PODKOŃSKI;107
PODZIEMSKI;107
POLETYŁO;107
POPCZYŃSKI;107
PREKURAT;107
PROŃKO;107
PRYL;107
PYPCZYŃSKI;107
PYŻYŃSKI;107
RAKSZEWSKI;107
RAPALSKI;107
REIMER;107
RETEL;107
ROSZCZYNIALSKI;107
SANCHEZ;107
SAPOR;107
SAWIKOWSKI;107
SĄGAŁA;107
SETECKI;107
SEWIOŁO;107
SĘCZEK;107
SIDOWSKI;107
SIUŚTA;107
SŁUCHOCKI;107
SMULEWICZ;107
SOPUCH;107
SOTA;107
STARKO;107
SUCHOPARSKI;107
SUDEK;107
SUDYKA;107
SZALSKI;107
SZEMIS;107
SZPERKA;107
SZPLIT;107
SZPURKA;107
ŚWIEJKOWSKI;107
TARAMAS;107
TARGALSKI;107
TOFILSKI;107
TOMASZOWSKI;107
TWARDAWSKI;107
UNDRO;107
VERMA;107
VOITSEKHIVSKYI;107
WERON;107
WESSERLING;107
WIELGOLASKI;107
WIERZCHOŚ;107
WODZIK;107
WOJTYNOWSKI;107
ZALWERT;107
ZAPORSKI;107
ZEREK;107
ZGRYZA;107
ZIARNIEWICZ;107
ZUZEL;107
ABAKUMOVA;106
ALABA;106
APANEL;106
AREND;106
ARTYSIEWICZ;106
BACHULSKA;106
BAIEVA;106
BAJGIER;106
BARANIOK;106
BATRUCH;106
BEWICZ;106
BICZYŃSKA;106
BISZOF;106
BŁĘCKA;106
BOBRYCKA;106
BOŻYKOWSKA;106
BRENNER;106
BROJ;106
BRÓŻ;106
BUCZKIEWICZ;106
BULDA;106
BURDZANOWSKA;106
CHABELSKA;106
CHASZCZEWSKA;106
CHERNOBAI;106
CHOLIŃSKA;106
CHWASTYNIAK;106
CHYZIAK;106
CIARCZYŃSKA;106
CINKOWSKA;106
CUDNOWSKA;106
CYCAK;106
CYGAŃCZUK;106
CZELADZIŃSKA;106
CZEREPSKA;106
DEMBCZYŃSKA;106
DEMENKO;106
DOBROŁOWICZ;106
DUDKINA;106
DZIEŻYK;106
FRANCKE;106
FRANKA;106
FREYER;106
GENC;106
GERCZAK;106
GIERACZ;106
GIEROK;106
GŁADYSIEWICZ;106
GNIDZIŃSKA;106
GNIEWASZEWSKA;106
GORZEJEWSKA;106
GRUCKA;106
GRYSKO;106
GRZYBKO;106
GRZYCH;106
GURTAT;106
GUZANEK;106
HABERKO;106
HARASYMCHUK;106
HAWRYLEWICZ;106
HEBDOWSKA;106
HEIMOWSKA;106
HEINE;106
HEINTZE;106
HEISIG;106
HENNEK;106
HILLAR;106
HOFER;106
HORDII;106
HOREMSKA;106
HUTKOWSKA;106
IZYDORCZAK;106
JAHNZ;106
JASTROWSKA;106
JENCZELEWSKA;106
JONKO;106
JURKOJĆ;106
KALINKO;106
KAPŁAŃSKA;106
KARKOSZA;106
KAROŃSKA;106
KĄŚ;106
KEMBŁOWSKA;106
KIERUCZENKO;106
KISIŃSKA;106
KISZELEWSKA;106
KLIUCHNYK;106
KLONECKA;106
KOMARZEWSKA;106
KONOVALCHUK;106
KOSHYK;106
KRONER;106
KRZEK;106
KUDŁAK;106
KULESHOVA;106
KURAJ;106
KURHAN;106
KURPET;106
KUSTOS;106
KWASOWIEC;106
LEŚNIEROWSKA;106
LICZBIK;106
LOC;106
LUBIECKA;106
LUCHKA;106
ŁYSZCZYŃSKA;106
MACIĄŻKA;106
MAKAŚ;106
MALEŃCZUK;106
MAŁOWIECKA;106
MAŁUSZYŃSKA;106
MAMAI;106
MARCHWACKA;106
MARTINEK;106
MIKOSIŃSKA;106
MINECKA;106
MOLECKA;106
MOYO;106
MURAVIOVA;106
NASTALSKA;106
OPASZOWSKA;106
OVERCHUK;106
PALPUCHOWSKA;106
PAPIÓR;106
PARYSKA;106
PENCARSKA;106
PETRASHCHUK;106
PIRECKA;106
PŁOCHACKA;106
POJAŁOWSKA;106
POLNICKA;106
POSADZKA;106
PÓŁROLNIK;106
PROKOPSKA;106
PRUK;106
PRZEOREK;106
PUSTÓWKA;106
SANDUL;106
SEREDYKA;106
SILCHENKO;106
SIMPSON;106
SMULIK;106
SMYRSKA;106
SOŁOMIANKO;106
SOPICKA;106
SPASIŃSKA;106
STACHUŁA;106
STĘPNIKOWSKA;106
STOLIARENKO;106
STYZIŃSKA;106
SZLOSER;106
SZTANDERSKA;106
SZTYCH;106
SZUMLIŃSKA;106
SZURAWSKA;106
SZYŁOBRYT;106
SZYMCZUKIEWICZ;106
ŚCIBORSKA;106
ŚCIGACZ;106
ŚLANDA;106
ŚLĘŻAK;106
ŚWIEŻYŃSKA;106
TRYBUŁOWSKA;106
TUMAS;106
TUORA;106
TYLECKA;106
VASKOVSKA;106
VINNIK;106
VLADIMIROVA;106
VOLKAVA;106
WCZASEK;106
WEIGEL;106
WERBANOWSKA;106
WESTRYCH;106
WIELGOPOLAN;106
WOŁCZECKA;106
YEVCHUK;106
YUKHNO;106
ZAKIELARZ;106
ZAMELSKA;106
ANDRUSZCZYSZYN;106
APANASOWICZ;106
ARMACKI;106
BABAROWSKI;106
BAŃCZEROWSKI;106
BARBARA;106
BASZCZYN;106
BEZSMERTNYI;106
BIELUCH;106
BIZIEWSKI;106
BOBROVSKYI;106
BOCZKAJA;106
BOĆWIŃSKI;106
BOKINIEC;106
BOROSZKO;106
BOSYI;106
BUBAS;106
BUKOWCZYK;106
BUŁATEWICZ;106
BURNECKI;106
CHASZCZEWSKI;106
CHROŚNIAK;106
CIELICKI;106
CIELOSZYK;106
CZEREDRECKI;106
DASZCZYŃSKI;106
DEJNAK;106
DEMBINSKI;106
DRAHUN;106
DYWAŃSKI;106
FIODARAU;106
FLOROWSKI;106
FONS;106
GERESZ;106
GIERYK;106
GOGOŁKIEWICZ;106
GOŁDOWSKI;106
GRUDNICKI;106
GRUDZIĄŻ;106
HABEREK;106
HABRASZKA;106
HAJDUŚ;106
HĄCEL;106
HOLWEG;106
HOŃCA;106
HUBSKYI;106
HYŻOREK;106
IHNATOVICH;106
JARENTOWSKI;106
JARMOLIK;106
JUCHNICKI;106
KALEWSKI;106
KAMASZ;106
KAMOWSKI;106
KARABOWICZ;106
KLIMACKI;106
KOCIEMSKI;106
KOKOCHA;106
KOMICZ;106
KOSNOWSKI;106
KRZEPTOŃ;106
KSIĄŻKO;106
KULESH;106
KUMIK;106
KUPRIIANOV;106
KURII;106
KWATERSKI;106
LIBUSZOWSKI;106
LUBELCZYK;106
ŁAŹNY;106
MACHTYL;106
MAĆKAŁA;106
MAGOCH;106
MAJDOSZ;106
MAKSIMOVICH;106
MALIGRANDA;106
MARTYNUS;106
MIESZCZANKOWSKI;106
MILON;106
MOLIN;106
MUDANT;106
MURACZEWSKI;106
MUSKIETORZ;106
NECHAIEV;106
NERWIŃSKI;106
NORWA;106
NYDZA;106
OKOWIŃSKI;106
OSTENDA;106
OSTRACH;106
PADJASEK;106
PANKRATOV;106
PARFIEŃCZYK;106
PESZKA;106
PETEJA;106
PIECAK;106
PIEŚNIEWSKI;106
PIOCHACZ;106
PODOŁOWSKI;106
POKŁADNIK;106
POSPYCHAŁA;106
POTARZYCKI;106
PRYMA;106
PUSZCZYKOWSKI;106
PUŻUK;106
PYDZIŃSKI;106
RUŻYŁO;106
RYKALSKI;106
SACAWA;106
SAŁDAN;106
SAWECKI;106
SEGIN;106
SĘDECKI;106
SIERADZIŃSKI;106
SKWARNA;106
SŁOMIANNY;106
SMOROŃSKI;106
STASYSHYN;106
STELLER;106
STRYJ;106
SUKHORUKOV;106
SWAŁTEK;106
SYRNIK;106
SZADA-BORZYSZKOWSKI;106
SZAKOWSKI;106
SZCZYBYŁO;106
SZMEL;106
SZPADZIŃSKI;106
SZUDZIŃSKI;106
SZWEBLIK;106
SZYNKLEWSKI;106
SZYPULEWSKI;106
ŚPIĄCZKA;106
TOBISZEWSKI;106
TRESZCZOTKO;106
TRINCZEK;106
TRZĄSKI;106
TRZEBSKI;106
TSVIETKOV;106
VITVITSKYI;106
VYSOTSKI;106
WALANIA;106
WALĘGA;106
WANATOWSKI;106
WARSZYŃSKI;106
WASZCZYKOWSKI;106
WYSMULSKI;106
YURKO;106
ZAIKIN;106
ZAROŚLIŃSKI;106
ZIEWIECKI;106
ZIOMKA;106
ZWADA;106
ŻYŁKO;106
ALIŃSKA;105
ANCUTA;105
ARMACKA;105
BAŁUTA;105
BARC;105
BIEDERMANN;105
BRASZCZOK;105
BRZUZAN;105
BUCZYK;105
BUHA;105
BURLAGA;105
BURNIAK;105
CHAUS;105
CHODA;105
CHYBALSKA;105
CIERECH;105
CZERKO;105
CZERNYSZ;105
CZOŁBA;105
DADASIEWICZ;105
DERCZYŃSKA;105
DULIASZ;105
DYNER;105
DZIĘGIELOWSKA;105
FLOROWSKA;105
GALLE;105
GANSZCZYK;105
GARNOWSKA;105
GĄSIECKA;105
GOŹDZIALSKA;105
GRUSZOWSKA;105
GUTTMANN;105
HAJDENRAJCH;105
HELD;105
JAKOWLEW;105
JAROMIRSKA;105
JUTRZENKA TRZEBIATOWSKA;105
KARAŹNIEWICZ;105
KAROLSKA;105
KAZIBUDZKA;105
KHARINA;105
KIERECKA;105
KLUBIŃSKA;105
KŁOK;105
KŁUBOWICZ;105
KNIEJSKA;105
KONKOWSKA;105
KONOPEK;105
KORDON;105
KORKOWSKA;105
KORNALSKA;105
KOSHELIUK;105
KOSZYKA;105
KOZIUK;105
KRUHLOVA;105
KUMARI;105
KURMANOWSKA;105
KWATERSKA;105
LEMIESZKA;105
LOHVINOVA;105
MAKIEJ;105
MASEWICZ;105
MIDER;105
MIKSTACKA;105
MIŁECKA;105
MIROSZEWSKA;105
MLECZKOWSKA;105
MRUGAS;105
MUŃSKA;105
MURASHKO;105
NAJS;105
NOVAKOVSKA;105
ODWALD;105
OGIENIEWSKA;105
OKSENTIUK;105
OLKHOVYK;105
OMAROVA;105
PACZWA;105
PARADECKA;105
PATRALSKA;105
PIJAR;105
POLESZUK;105
POPCZYŃSKA;105
POSZWIŃSKA;105
PRUSSAK;105
PUCHLIK;105
PYZALSKA;105
REMPALSKA;105
RESMER;105
ROGERS;105
ROZIK;105
RURKOWSKA;105
RYGULSKA;105
SAJDŁOWSKA;105
SAWECKA;105
SEMENKO;105
SHULHAN;105
SHYMKIV;105
SIECH;105
SIERMIŃSKA;105
SIKOROWSKA;105
SIOŁKOWSKA;105
SKARPETOWSKA;105
SKROŚ;105
SLYVA;105
SURMIK;105
SURYNT;105
SUSUŁ;105
SYMON;105
SZCZEGODZIŃSKA;105
SZLĘDAK;105
SZOTKIEWICZ;105
SZULAK;105
SZYIŃSKA;105
SZYKULSKA;105
SZYMAKOWSKA;105
ŚMISZEK;105
TABUŁA;105
TELEŚNICKA;105
TREHUB;105
UJDA;105
VERES;105
VOLOSHKO;105
WCISEŁ;105
WŁOCZKOWSKA;105
WOZIGNÓJ;105
ZAKLUKIEWICZ;105
ZASADNA;105
ZEGAROWICZ;105
ZEMLER;105
ŻUBERTOWSKA;105
ACAR;105
AKOPIAN;105
ALKER;105
AMIROV;105
ANISZKIEWICZ;105
ANTOSHCHUK;105
BABU;105
BACHRYJ;105
BAJUS;105
BALBUS;105
BARTUNEK;105
BAUEREK;105
BIBRZYCKI;105
BIJOŚ;105
BILKO;105
BIŁDA;105
BŁACHA;105
BOŁBA;105
BOMSKI;105
BRATZ;105
BURDYNA;105
BURKOVSKYI;105
CABANEK;105
CHAŁUBIEC;105
CHODYŃSKI;105
CHOŁKO;105
CHOMIŃSKI;105
CHOSZCZEWSKI;105
CHYBALSKI;105
COZAC;105
CUGOWSKI;105
CYTROWSKI;105
CYTRYCKI;105
CZUBAN;105
DEY;105
DOBREŃKO;105
DRAGANIK;105
DRESSLER;105
DROBNICKI;105
DROPIA;105
DYMARZ;105
DZIĄDZIAK;105
EJZAK;105
FEDAROVICH;105
FIDERA;105
FILICZKOWSKI;105
FLAKOWICZ;105
FORMAŃSKI;105
FRYŚNY;105
GALISZEWSKI;105
GNIDZIŃSKI;105
GOLOWSKI;105
GRZEŚKA;105
GUDRA;105
HAPETA;105
HORBOWICZ;105
HUSZALUK;105
JAMSKI;105
JĄDRZYK;105
JEGOROW;105
JENCZYK;105
JÓZEFACIUK;105
KACIUPA;105
KAMIENOWSKI;105
KANIKUŁA;105
KASPRZYŃSKI;105
KOBYŁT;105
KOŁTAN;105
KOMARZEWSKI;105
KOMORZYCKI;105
KORYBALSKI;105
KORZEP;105
KOTLIK;105
KOZACZEWSKI;105
KSOBIECH;105
KUBACH;105
KULDA;105
KULESZYŃSKI;105
KULITA;105
LORA;105
ŁABISZEWSKI;105
ŁBIK;105
MANIAKOWSKI;105
MATRYBA;105
MAZANY;105
MINECKI;105
MIŃCZUK;105
MIROSZEWSKI;105
MOĆKUN;105
MOŹDZIOCH;105
MUSUR;105
NAPRAWA;105
NATONIEWSKI;105
NICIARZ;105
NIEWITECKI;105
NIŚCIOR;105
NOGOWCZYK;105
OBORZYŃSKI;105
OGANIACZYK;105
OLECHNOWSKI;105
OLIWIŃSKI;105
OLSZTYŃSKI;105
OPASIAK;105
ORDYNIAK;105
ORLON;105
OSINSKI;105
PAJNOWSKI;105
PAŁUCZAK;105
PARFONOV;105
PARLICKI;105
PAWLYTA;105
PEJS;105
PER;105
PERWEJNIS;105
PERWENIS;105
PIEKARZEWICZ;105
POŁUJAŃSKI;105
POMICHTER;105
PRZEPIÓRZYŃSKI;105
PRZETAKIEWICZ;105
PRZYWÓSKI;105
PUFELSKI;105
PUKOWSKI;105
RACZYKOWSKI;105
RADZIWOŃSKI;105
RAKHMANOV;105
RANDZIO;105
RĄPEL;105
ROPSKI;105
RUSZTECKI;105
RZAYEV;105
SAMARSKYI;105
SAMOLEWICZ;105
SAUKO;105
SITAK;105
SKIERESZ;105
SKOMORUCHA;105
SKROBACKI;105
STARSKI;105
STAWIECKI;105
STENGERT;105
STOJEWSKI;105
STOMPÓR;105
STSIAPANAU;105
STUDNIAK;105
STURMOWSKI;105
SYRNICKI;105
SZABUNIA;105
SZEJDA;105
SZLEZAK;105
SZTANDERSKI;105
SZULEJKO;105
SZURAWSKI;105
SZYNCZEWSKI;105
ŚWISULSKI;105
TARGOSIŃSKI;105
TEREBUN;105
TRZEWIKOWSKI;105
UGORNY;105
WALCZOWSKI;105
WASZELEWSKI;105
WENUS;105
WERLE;105
WIEJACKI;105
WILUK;105
WOLNIKOWSKI;105
WOTLIŃSKI;105
WRONISZ;105
WYSZPOLSKI;105
WYWRÓT;105
YAHORAU;105
YEROKHIN;105
ZADYLAK;105
ZAGOJSKI;105
ZAMELSKI;105
ZAWIŚLIŃSKI;105
ZDZIABEK;105
ŻOŁOWICZ;105
ŻWAWIAK;105
BAHR;104
BALSKA;104
BAŁAMUCKA;104
BĄDER;104
BEZHENAR;104
BIERDZIŃSKA;104
BILLEWICZ;104
BITKOWSKA;104
BLAJERSKA;104
BLONSKA;104
BOBULSKA;104
BOŃSKA;104
BORYSEVYCH;104
BRELSKA;104
BRUDECKA;104
BUDYNKIEWICZ;104
BURZMIŃSKA;104
BYSTRZEJEWSKA;104
CHOROBIŃSKA;104
CHRUSTOWICZ;104
CIESNOWSKA;104
CYRUL;104
CYWICKA;104
CZAPKIEWICZ;104
CZAPROWSKA;104
CZERWONA;104
CZOŁNOWSKA;104
CZUCHNOWSKA;104
DENDEWICZ;104
DENISZEWSKA;104
DORNOWSKA;104
DŻBIK;104
FEDECZKO;104
FELICKA;104
FORREITER;104
FRALA;104
FRELIGA;104
GADZALIŃSKA;104
GARDAWSKA;104
GIGLA;104
GŁADCZAK;104
GŁĄBSKA;104
GŁOŚNA;104
GOCALIŃSKA;104
GOMULIŃSKA;104
GOSTKIEWICZ;104
GRADUSZEWSKA;104
GRUDNICKA;104
GRZANA;104
HALIAS;104
HATALSKA;104
HEIDER;104
HOI;104
HOLOVII;104
IMIOŁO;104
IVLIEVA;104
JAKOWIECKA;104
JÓŹWIN;104
JUTRZENKA-TRZEBIATOWSKA;104
KARBOWNICZYN;104
KASIELSKA;104
KLENCZAR;104
KLING;104
KOMENDARCZYK;104
KONSEWICZ;104
KOPCHUK;104
KRASNOKUTSKA;104
KREJZA;104
KRUPICZ;104
KRYSTOŃ;104
KUBACHA;104
KULISHOVA;104
KUŚMIERKIEWICZ;104
KVITKA;104
LABUSGA;104
LĂCĂTU?;104
LEBEDYNSKA;104
LUBIATOWSKA;104
LUSHCHYK;104
ŁAŃKO;104
ŁAŹNIEWSKA;104
ŁĄGIEWSKA;104
ŁOWKIS;104
MACEDOŃSKA;104
MACIEJKOWICZ;104
MALAWKO;104
MARANOWSKA;104
MASON;104
MELNYTSKA;104
MICHEN;104
MILEVSKA;104
MOIK;104
MYSZAKOWSKA;104
NAIDONOVA;104
NAVITSKAYA;104
NIESPODZIAŃSKA;104
NIŻAŁOWSKA;104
NOWOCZEK;104
OBRĘBOWSKA;104
OLENYCH;104
O'NEILL;104
PALIIENKO;104
PAŁATYŃSKA;104
PAPUŻYŃSKA;104
PETRUCZYNIK;104
PIESZCZYŃSKA;104
PISKUNOVA;104
PITYŃSKA;104
POSTERNAK;104
POŻARSKA;104
PÓŹNIEWSKA;104
PRĄDZINSKA;104
PUFELSKA;104
PYCZAK;104
PYLYPETS;104
RAKOCZ;104
RENDA;104
RICHARDSON;104
ROZDOLSKA;104
RÓŻNOWSKA;104
RUGOWSKA;104
SĘDECKA;104
SHUM;104
SOBALAK;104
SOPAŁA;104
SPIESZ;104
STEINMETZ;104
STOCK;104
STRZEŻYSZ;104
SZABAN;104
ŚWIDZIKOWSKA;104
ŚWIEŻAWSKA;104
ŚWINIAŃSKA;104
TANTSIURA;104
THIELE;104
TOLOCHKO;104
TRZEJA;104
TWARKOWSKA;104
TYMOWICZ;104
UHL;104
UŁAŃSKA;104
URLICH;104
VOLODKO;104
WARELIS;104
WATYCHOWICZ;104
WAWRYCA;104
WERNEROWSKA;104
WEROCHOWSKA;104
WIŚLIŃSKA;104
WOJDAKOWSKA;104
WOLWOWICZ;104
WULTAŃSKA;104
WYSMOLIŃSKA;104
WYSZOWSKA;104
YATSUN;104
ZAJDOWICZ;104
ABSALON;104
ASTAKHOV;104
BAKAN;104
BAKREV;104
BALKOWSKI;104
BARDYSZEWSKI;104
BAZGA;104
BEDEŁEK;104
BELTA;104
BENDIK;104
BILIAVSKYI;104
BOCHONKO;104
BOLT;104
BORZEMSKI;104
BUCHKOVSKYI;104
CEJMAN;104
CHYSTIAKOV;104
DEMIDOV;104
DOMIENIK;104
DONG;104
DROBNIKOWSKI;104
DZIUROSZ;104
ELLWARDT;104
FALIGOWSKI;104
FEDRO;104
FURTOK;104
GADASZEWSKI;104
GAGACKI;104
GARDAWSKI;104
GARDZIOŁA;104
GIERTLER;104
GODYCKI-ĆWIRKO;104
GOŁDAS;104
GOŁDON;104
GORZKI;104
GRABLOWSKI;104
GRANOSZEWSKI;104
HALAMODA;104
HALIBOŻEK;104
HATALSKI;104
HOLENIEWSKI;104
HORMAŃSKI;104
HUSARZ;104
JAGÓRA;104
JAKOWCZYK;104
KANCEREK;104
KARALIOU;104
KAWULSKI;104
KAZIBUDZKI;104
KAZISZYN;104
KEPLIN;104
KHAMIDOV;104
KHMELNYTSKYI;104
KIECAK;104
KŁACZEK;104
KOCIUCKI;104
KODYRA;104
KOPIEĆ;104
KORBAŚ;104
KORNILOV;104
KOSTELECKI;104
KOY;104
KRAJNA;104
KRASINKIEWICZ;104
KRECHOWICZ;104
KULZA;104
KURCAB;104
KUROWIAK;104
KUTERMAK;104
KUZIOROWICZ;104
LAGA;104
LITERA;104
ŁOPATKO;104
ŁOPYTA;104
MAIOROV;104
MAKOCKI;104
MALINOUSKI;104
MAŁYSKO;104
MAMEŁA;104
MARCJANEK;104
MAŚLANIEC;104
MIKLEWSKI;104
MISTELSKI;104
MORDYL;104
MORELOWSKI;104
MUŃSKI;104
MURLAK;104
NARECKI;104
NER;104
NIESPODZIAŃSKI;104
NIR;104
NYKOLAICHUK;104
OCZERETKO;104
OKAPA;104
OLECZEK;104
OTOLSKI;104
PAJSZCZYK;104
PALAT;104
PANDYRA;104
PARMAR;104
PIGŁA;104
PODOLSKYI;104
POLCZYŃSKI;104
PRZĘZAK;104
PUŁASKI;104
PUTAJ;104
RABIKOWSKI;104
REZNIKOV;104
RĘDASZKA;104
ROHDA;104
RÓŻNOWSKI;104
RUSOŃ;104
RYBANDT;104
SADUREK;104
SAI;104
SALAVEI;104
SAŁAPAT;104
SANDELEWSKI;104
SAPUTA;104
SARNEK;104
SEMBA;104
SEROWSKI;104
SIEMIONKO;104
SIERMIŃSKI;104
SIUTY;104
SKABEK;104
SKALIMOWSKI;104
SKARWECKI;104
SKONIECZKO;104
SKRZECZEK;104
SKURATKO;104
SMAJDA;104
SMOTRYŚ;104
SOBOLEVSKYI;104
SOLIEV;104
SOŁŚNIA;104
SPRUSIŃSKI;104
STRAKOWSKI;104
STRZESZKOWSKI;104
SZACIK;104
SZMIEL;104
SZPIK;104
SZUFLITA;104
SZULGO;104
SZYMONIUK;104
ŚMIETANOWSKI;104
ŚMIGLARSKI;104
TARLECKI;104
TIURIN;104
TODRYK;104
TOFILUK;104
TOPIJ;104
TRZEBNIAK;104
TSURTSUMIA;104
TUROWIECKI;104
TWORZOWSKI;104
VOVCHOK;104
WAŁĘZA;104
WANTUŁA;104
WAWRZYNIEC;104
WĄDOLNY;104
WEINTRITT;104
WEROŃSKI;104
WITCZUK;104
WŁODARZEWSKI;104
WOJCIULA;104
WRUTNIAK;104
WYRWISZ;104
YANUSHKEVICH;104
YORDANOV;104
ZAWAŁA;104
ZYDORCZAK;104
ŻMUDA TRZEBIATOWSKI;104
ANDRUCHEWICZ;103
ANGULSKA;103
APCZYŃSKA;103
AUGUSTYŃCZYK;103
BACHMANN;103
BECIŃSKA;103
BIAŁASZEWSKA;103
BIDUŚ;103
BIEŁOUS;103
BIZUNOWICZ;103
BRANIECKA;103
BRYLA;103
BRYŃCZAK;103
BRZEŹNA;103
BUJEWSKA;103
BULATOVA;103
BURETA;103
BUZDYGAN;103
CHOJOWSKA;103
CHOROSZYŃSKA;103
CIEŚNIEWSKA;103
CUPOK;103
DAVYDOVYCH;103
DOBRSKA;103
DUBE;103
DUBLA;103
DUCHOWSKA;103
FILIPCZYŃSKA;103
FITZNER;103
FRYDER;103
GADKOWSKA;103
GAERTNER;103
GAJOWIECKA;103
GLUMA;103
GOŁEMBIOWSKA;103
GÓRNIEWSKA;103
GRUM;103
GUMUL;103
HAMILTON;103
HARDEK;103
HEIDENREICH;103
HEIKO;103
HIMEL;103
HOJNIAK;103
HOJNOWSKA;103
IŁCZYK;103
JAHNKE;103
JUJA;103
KAMMER;103
KAMUSIŃSKA;103
KAWULSKA;103
KHUDIAKOVA;103
KLAJMON;103
KLANOWSKA;103
KLÓSKOWSKA;103
KLUKIEWICZ;103
KŁONICKA;103
KMON;103
KOMORZYCKA;103
KORTYLEWSKA;103
KOSTENCKA;103
KOZIEŁEK;103
KROPIWIEC;103
KRUSHELNYTSKA;103
KRUZIŃSKA;103
KUCZOK;103
KUĆMIEROWSKA;103
KURNIKOWSKA;103
KUZUB;103
LIPOWA;103
LISHCHENKO;103
LUSIŃSKA;103
ŁAJKOWSKA;103
ŁYDEK;103
MACA;103
MALEŃKA;103
MANIUK;103
MARENDOWSKA;103
MARKÓW;103
MARTYNOVYCH;103
MAŚLUCH;103
MATSKEVYCH;103
MORHUNOVA;103
MOTRUK;103
MUKLEWICZ;103
MULARCZUK;103
NEUFELD;103
NYKONENKO;103
ORATOWSKA;103
ORKOWSKA;103
PALUSIAK;103
PIKIEL;103
PŁASZCZYCA;103
PŁUŻYŃSKA;103
PODZIŃSKA;103
POPIELIŃSKA;103
POSTÓŁ;103
PRZEBINDOWSKA;103
PUDLARZ;103
PUŁANECKA;103
PUŁCZYŃSKA;103
RACZYŁO;103
RASMUSSEN;103
REJMANOWSKA;103
ROGA;103
ROSZCZEWSKA;103
RYBINA;103
RYBOWSKA;103
SEKUTERSKA;103
SERWACKA;103
SERWINOWSKA;103
SHAPOSHNYK;103
SHUMAKOVA;103
SHYSHOVA;103
SKRZEKOWSKA;103
SOBASZKIEWICZ;103
SOCHALA;103
STANIECZEK;103
STANOWICKA;103
SUPRUNENKO;103
SUSMARSKA;103
SZANDECKA;103
SZPUREK;103
SZUDZIŃSKA;103
SZUPIEŃKO;103
SZYPCIO;103
ŚCIWIARSKA;103
ŚMIAŁKO;103
TARAJKO;103
TEICHMANN;103
TEKLA;103
THEIL;103
TRESZCZYŃSKA;103
TROWSKA;103
TRZEBSKA;103
TSYBULKO;103
TURKOWICZ;103
TYKHONIUK;103
TYMON;103
WESOŁOWICZ;103
WICHURA;103
WIECZERZYŃSKA;103
WINCZAKIEWICZ;103
WŁODOWSKA;103
WOTLIŃSKA;103
WOWRO;103
ZABARA;103
ZADWÓRNA;103
ZALECKA;103
ZANKO;103
ZAPORSKA;103
ZASTAVNA;103
ZAWARTOWSKA;103
ZIMOLONG;103
ZJADEWICZ;103
ZUŚKA;103
ŻANKOWSKA;103
APOSTOŁ;103
ATRASZKIEWICZ;103
BACZUL;103
BADŹMIEROWSKI;103
BAGSIK;103
BEKAŁA;103
BESPALOV;103
BETKER;103
BIAŁĘCKI;103
BIAŁUSKI;103
BIEGAS;103
BŁAŻYKOWSKI;103
BOBRYCKI;103
BOGOŃ;103
BOŃSKI;103
BOZKURT;103
BRUDKOWSKI;103
BUBIEC;103
BUCHCZYK;103
BURDZICKI;103
BYSTROŃSKI;103
CAŁUCH;103
CENDLEWSKI;103
CHABIK;103
CHOJOWSKI;103
CHYDZIŃSKI;103
CHYLARECKI;103
COKOT;103
CZORNAK;103
DARNIKOWSKI;103
DER;103
DOŁŻYŃSKI;103
DUBIENIECKI;103
DYLICKI;103
DZIAGACZ;103
DZIUBAS;103
ENGLART;103
FARIAN;103
FIEDZIUK;103
FRASZCZYŃSKI;103
GACAL;103
GALARDA;103
GALENT;103
GARGULIŃSKI;103
GAWSKI;103
GŁOWIENKOWSKI;103
GŁUSKI;103
GOMULIŃSKI;103
GOTSZLING;103
GREMBLEWSKI;103
GROMAK;103
GRYCZA;103
GRZECZYŃSKI;103
GRZEGANEK;103
GUDEWICZ;103
HACZYŃSKI;103
HALASTRA;103
HARCIAREK;103
JACHTOMA;103
JAKLIK;103
JARNECKI;103
JĄDERKO;103
JINTCHARADZE;103
JOACHIM;103
JONECKO;103
JUSZCZE;103
KABACIK;103
KAFLIŃSKI;103
KAŁAMAJA;103
KAMISIŃSKI;103
KAPŁAŃSKI;103
KASZLEWICZ;103
KEMPYS;103
KHAREL;103
KIDZIŃSKI;103
KILIMNIK;103
KINICKI;103
KOLMER;103
KOMPIŃSKI;103
KOPCIEWSKI;103
KOPIJKA;103
KOROTUSZ;103
KORTYLEWSKI;103
KOWALKE;103
KOZIELEWSKI;103
KRAŻEWSKI;103
KRUZIŃSKI;103
KŚCIUK;103
KUDŁAWIEC;103
KULISZEWSKI;103
LACKI;103
LIBUDZIC;103
LUDZIŃSKI;103
ŁOTECKI;103
MAŁACHWIEJ;103
MAŁUSZEK;103
MĄDRECKI;103
METKOWSKI;103
MIĘSIKOWSKI;103
MIKOSIK;103
MISTERA;103
MIZERKA;103
MIZIELSKI;103
MORDACZ;103
MOSOR;103
MYTROFANOV;103
NAMIROWSKI;103
NIEMOJEWSKI;103
OKLEJA;103
OLSZOWIAK;103
OWŁASIUK;103
PAPUŻYŃSKI;103
PAROBIEC;103
PARZELSKI;103
PASICHNYI;103
PATAŁUCH;103
PATRALSKI;103
PELSKI;103
PEŁNIKOWSKI;103
PĘDZIKOWSKI;103
PIJACKI;103
PIJANKOWSKI;103
PISOWACKI;103
PLIWKA;103
PORĘBIŃSKI;103
POTACKI;103
POTERAJ;103
POTOTSKYI;103
RODOWSKI;103
RUDNIEV;103
SAŁAGACKI;103
SEGIEDA;103
SELA;103
SIDZ;103
SIKOROWSKI;103
SKÓRECKI;103
SOBÓLSKI;103
STASAK;103
STOLARZEWICZ;103
SZAŁYGA;103
SZCZOŁKO;103
SZMOLKE;103
SZTANKOWSKI;103
ŚRÓDA;103
TARASIN;103
TARSALEWSKI;103
TRZEPAŁKOWSKI;103
TSUKANOV;103
TUCZAPSKI;103
TYBEL;103
UŁAŃSKI;103
VESELOV;103
VOLODIN;103
WADLEWSKI;103
WANDA;103
WIDUTO;103
WILDA;103
WINIEWSKI;103
WITUSIŃSKI;103
WOJTECZKO;103
WYDYMUS;103
YALÇIN;103
YANIV;103
ZABIEŁŁO;103
ZABŁOŃSKI;103
ZALECKI;103
ZAPARUCHA;103
ZAPRZALSKI;103
ZGUDKA;103
ZINKOWSKI;103
ŻYGALSKI;103
ŻYWINA;103
AKULOVA;102
ANDRACZEK;102
BALKOWSKA;102
BAŃBOR;102
BICHOWSKA;102
BIEDROŃSKA;102
BŁOCHOWICZ;102
BRYDZIŃSKA;102
BUŃDA;102
BUSIAKIEWICZ;102
CHAIKIVSKA;102
CHEBDOWSKA;102
CHUDYKA;102
CHYDZIŃSKA;102
CYRYS;102
CZEREDA;102
CZUWAJ;102
CZYSTA;102
DARABASZ;102
DOBECKA;102
DOMICZ;102
DORONINA;102
DRON;102
DROŻDŻAŁ;102
DUKS;102
DZIEWIERSKA;102
ENDER;102
ERFURT;102
FIRAK;102
FREJOWSKA;102
FRYCKOWSKA;102
FRYSTACKA;102
GAŁĘZIA;102
GIERCZYCKA;102
GIERSZYŃSKA;102
GLIMASIŃSKA;102
GŁOSKOWSKA;102
GMURSKA;102
GOLD;102
GRABOLUS;102
GRODKIEWICZ;102
GRZĄDKO;102
GRZELLA;102
HABASIŃSKA;102
HAMAN;102
HARMATIUK;102
HAUSMANN;102
HOPKO;102
HRYNOWIECKA;102
HURNIK;102
JOKŚ;102
JUZIUK;102
KAŁĄŻNA;102
KAŁECKA;102
KANTAREK;102
KAPUSTYNSKA;102
KARZEŁEK;102
KASKO;102
KASZCZYK;102
KATANOWSKA;102
KATARZYNIAK;102
KAUL;102
KAVETSKA;102
KEMONA;102
KISS;102
KLAJNA;102
KLEJBACH;102
KLEMKE;102
KORZONKIEWICZ;102
KOSNOWSKA;102
KROGULEWSKA;102
KRYSZKOWSKA;102
KRYVYTSKA;102
KUCHEROVA;102
KUŹBIŃSKA;102
LASA;102
LASZKO;102
LEMISZEWSKA;102
LITOVCHENKO;102
MAŁOWSKA;102
MASZTAKOWSKA;102
MATLOK;102
MAZOŃ;102
MIGURA;102
MIOSGA;102
MISIEC;102
MIŚKOWSKA;102
NODZYŃSKA;102
OBIERZYŃSKA;102
ORYSZEWSKA;102
OSIADŁA;102
OSIELSKA;102
PARCHOMIUK;102
PARTYCKA;102
PIETRACZYK;102
PILUK;102
PIWCZYŃSKA;102
PODKOŃSKA;102
POTER;102
PÓŁCZYŃSKA;102
PROKOPOVA;102
PROSKURINA;102
PRZEMYŁSKA;102
PYZDROWSKA;102
RAJCZEWSKA;102
RĘKORAJSKA;102
RIABOSHAPKA;102
ROMSICKA;102
ROŻNIAK;102
RYNCZAK;102
RZEŚNIOWIECKA;102
SAKALOVA;102
SAŁAK;102
SCHIFFER;102
SEMKOWICZ;102
SĘCZYK;102
SIDOWSKA;102
SIEPIELSKA;102
SMUGAŁA;102
SOBIENIAK;102
SOCZKA;102
SOTOŁA;102
STEGIENTA;102
SUCZYŃSKA;102
SZTYKIEL;102
SZUBRYCHT;102
SZUMIAŁ;102
TOMIŃSKA;102
TYMKO;102
URNA;102
VOIEVODA;102
VOROPAI;102
WALLA;102
WALTROWSKA;102
WICHMANN;102
WIDEROWSKA;102
WIECHNIAK;102
WIEJACKA;102
WIRECKA;102
WOJENKOWSKA;102
WOJTYSZYN;102
ZARĘBCZAN;102
ZATWARDNICKA;102
ZHARKOVA;102
ZHUKOUSKAYA;102
ŻYCHLEWICZ;102
ŻYTNIEWSKA;102
ADAMUSIŃSKI;102
ANDREIKO;102
ANIOŁCZYK;102
ANTANOVICH;102
ANTOSZKÓW;102
BALSKI;102
BAZANOWSKI;102
BENDLIN;102
BEREZECKI;102
BICHOWSKI;102
BONDAREWICZ;102
BOROVYI;102
BORZYCKI;102
BRELSKI;102
BRUZGO;102
BUCIŃSKI;102
BUŚKA;102
CAG;102
CELT;102
CEPEK;102
CHMURAK;102
CHWAŁKOWSKI;102
CIEJEK;102
CIERLAK;102
CYWICKI;102
DAWIDZKI;102
DELA CRUZ;102
DESPUT;102
DOBROMILSKI;102
DROŹDZIEWICZ;102
DUKALSKI;102
DYKCIK;102
DYLUŚ;102
DZIADUSZEK;102
DZIESZKOWSKI;102
ELIŃSKI;102
ELZANOWSKI;102
FELICKI;102
FIGÓRSKI;102
FILIPÓW;102
FRANIECZEK;102
GAJOWIECKI;102
GAMON;102
GARCAREK;102
GASIEWICZ;102
GĘBARA;102
GIER;102
GLINIANY;102
GOCALIŃSKI;102
GORZAŁCZYŃSKI;102
GOSPODAROWICZ;102
GOŚCINNY;102
HIRNY;102
HRYCKOWIAN;102
HUSAREK;102
HUSIATYŃSKI;102
JANIEWICZ;102
JANUSZKA;102
JESIAK;102
KANDEL;102
KARDYKA;102
KARKULOWSKI;102
KARNIEJ;102
KASIK;102
KAZIKOWSKI;102
KAZUB;102
KLUJEWSKI;102
KLUSA;102
KŁOSAK;102
KOĆMIEROWSKI;102
KOMENDAREK;102
KOSIEWSKI;102
KOSYRA;102
KREMZER;102
KROGULEWSKI;102
KRYŚCIO;102
KULENTY;102
KWAPIK;102
LENCKI;102
LIPISZKO;102
LOSIEV;102
LURZYŃSKI;102
ŁAŃDUCH;102
ŁUTCZYK;102
MAGIEŁDA;102
MAMROŁ;102
MARGARYAN;102
MARYCH;102
MASZTAKOWSKI;102
MEDAK;102
MĘDOŃ;102
MIELESZCZUK;102
MIJAKOWSKI;102
MIKHIEIEV;102
MIŁASZEWICZ;102
MISIELAK;102
MŁODKOWSKI;102
MODLIBORSKI;102
MŚCIWUJEWSKI;102
NIKADON;102
OBIERZYŃSKI;102
OSTROMĘCKI;102
PALAR;102
PALICH;102
PARYŚ;102
PASTUSZYŃSKI;102
PAWLUCH;102
PAZOWSKI;102
PEPLAK;102
PETRÓW;102
PIECHUCKI;102
PIKURA;102
PILNIAK;102
PŁÓCIENICZAK;102
POCIEJ;102
PODRUCZNY;102
PODSTAWNY;102
POPIELECKI;102
POSŁAJKO;102
PROŃSKI;102
PRZYSIWEK;102
RADUJ;102
RASTAWICKI;102
ROZMYŚLAK;102
RUBINOWSKI;102
RUCHALSKI;102
RUGOWSKI;102
RUSZ;102
RUSZTYN;102
RYMANIAK;102
SACIŁOWSKI;102
SAMOLUK;102
SERDECZNY;102
SKRĘTY;102
SMOLINIEC;102
SOBIERAJEWICZ;102
SOKOŁOW;102
SOKOWICZ;102
SOROKOWSKI;102
STANOWICKI;102
STROMIDŁO;102
SUL;102
SULANOWSKI;102
SWORACKI;102
SZAWALA;102
SZERSZUNOWICZ;102
SZMUDZIŃSKI;102
SZTAJEROWSKI;102
SZURPICKI;102
SZUWALSKI;102
ŚLACHCIAK;102
ŚMIGIERA;102
ŚWIRKOSZ;102
TAL;102
TĘCZYŃSKI;102
TĘGI;102
TORKOWSKI;102
TRYKOSZKO;102
ULISZEWSKI;102
URNY;102
WASTOWSKI;102
WIDOK;102
WIEREMIEJUK;102
WINCEWICZ;102
WIZNEROWICZ;102
WÓDCZAK;102
ZARODKIEWICZ;102
ZIMOŃSKI;102
ŻUPA;102
ANDRIIETS;101
BARBASIEWICZ;101
BARSUKOVA;101
BEKALARCZYK;101
BIELICA;101
BORGULA;101
BORZECHOWSKA;101
BREJNA;101
BRUDKOWSKA;101
CHOŁODECKA;101
CIKOWSKA;101
CZAPKOWICZ;101
DRADRACH;101
DULEWSKA;101
DURAŁEK;101
DZIAKOWSKA;101
ENGLOT;101
FASULA;101
FITZ;101
FUSZARA;101
GARGULIŃSKA;101
GLOCK;101
GOLICZEWSKA;101
GOŁOWICZ;101
GORYNIAK;101
GREMBLEWSKA;101
GRUDNOWSKA;101
GRYNIENKO;101
GRYZIECKA;101
GUDANOWSKA;101
HAGEL;101
HARDY;101
HARTABUS;101
HEŁMIŃSKA;101
HERASIMOVA;101
HORKA;101
HRABOVETSKA;101
HULIAK;101
ILEWICZ;101
IWANECZKO;101
IWANIK;101
JANNASZ;101
JARKULISZ;101
JONA;101
JURGIEWICZ;101
KAFLIŃSKA;101
KALEWSKA;101
KAMZELSKA;101
KARDYŃSKA;101
KARPOVETS;101
KASZTELEWICZ;101
KIELSKA;101
KŁOSIN;101
KNAFLEWSKA;101
KOCHANIK;101
KOKORA;101
KOLASZYŃSKA;101
KROGULECKA;101
KRYCIŃSKA;101
KRYKWIŃSKA;101
KRZYSZTONEK;101
KRZYSZTOPORSKA;101
KURYLUK;101
LANDZWOJCZAK;101
LEBELT;101
LOZENKO;101
LUBKIEWICZ;101
ŁACZMAŃSKA;101
ŁOKUCIEJEWSKA;101
ŁYCZAKOWSKA;101
MADZIEWICZ;101
MAKIOLA;101
MALISZAK;101
MAŁASZEWICZ;101
MAŁAWSKA;101
MANASTERSKA;101
MARKWAT;101
MARNIK;101
MATLAKOWSKA;101
MENDECKA;101
MENDOWSKA;101
MICHALICKA;101
MOŻDŻAN;101
MYTSAK;101
NOGAJEWSKA;101
OBLICKA;101
OLENDRZYŃSKA;101
OPATOWICZ;101
PAECH;101
PATACZ;101
PEŁNIKOWSKA;101
PENKOVA;101
PETRYCKA;101
PIEKAR;101
PIEŚNIEWSKA;101
PIETRUSZA;101
PŁOKARZ;101
POGUDZ;101
POKRYWIECKA;101
POLIWCZAK;101
POLTORATSKA;101
PROŃSKA;101
PSTRAŚ;101
PYROZHENKO;101
RADZIWONIUK;101
RETMAN;101
ROMALDOWSKA;101
RUSZTECKA;101
RYNK;101
SACHAR;101
SADLIŃSKA;101
SCHEIBE;101
SCHERER;101
SEMMLER;101
SENDEROWICZ;101
SETNA;101
SHKRIBLIAK;101
SIERPINA;101
SKORWIDER;101
SKÓRECKA;101
SKWARKOWSKA;101
SKWARLIŃSKA;101
SŁAWNIAK;101
SOBERKA;101
SOTER;101
STANGIERSKA;101
STRONGOWSKA;101
STRYCZNIEWICZ;101
SUPRUNOWICZ;101
SZACHOGŁUCHOWICZ;101
SZKAMRUK;101
SZOSTKOWSKA;101
SZPADZIŃSKA;101
TOMASZYCKA;101
TRZESZCZYŃSKA;101
TUCZKOWSKA;101
TUZIEMSKA;101
TYCHYNA;101
TYMURA;101
UFNALSKA;101
UŁASEWICZ;101
VAVRYNIUK;101
WACHULSKA;101
WALUSZ;101
WAMBERSKA;101
WARCHOCKA;101
WAWRZUSIAK;101
WENDZONKA;101
WOJTASIUK;101
ZAPRZALSKA;101
ZBĄSKA;101
ZGIRSKA;101
ZIMNICA;101
ZORZYCKA;101
ŻMUDOWSKA;101
ABDULLAH;101
AKULICH;101
ALEKSIŃSKI;101
ALIŃSKI;101
ANTIPOV;101
BABKO;101
BAKINOWSKI;101
BALYTSKYI;101
BAŁAMUCKI;101
BEKACZ;101
BEREŚNIEWICZ;101
BIERZA;101
BOCHAN;101
BOJAŃSKI;101
BOŁTRUCZUK;101
BORWIK;101
BRANIECKI;101
BRATUSZEWSKI;101
BRZENCZEK;101
BUKATO;101
BZDUŁA;101
CABEL;101
CAPŁAP;101
CHEKAN;101
CHWOJKO;101
CICHÓRZ;101
CIEMNIECKI;101
CURKOWICZ;101
CZAMAŃSKI;101
CZEMIEROWSKI;101
CZUCHWICKI;101
DALASIŃSKI;101
DERCZYŃSKI;101
DRABYK;101
DRECHNY;101
DUDAJEK;101
DYLOWICZ;101
DZIADECKI;101
FALICKI;101
FEDORCHAK;101
FIBAKIEWICZ;101
FIGLEWSKI;101
FIROSZ;101
GADKOWSKI;101
GALARY;101
GĘDZIOROWSKI;101
GIENIECZKO;101
GIZIEWSKI;101
GŁADOCH;101
GNAS;101
GNATOWICZ;101
GORZAŁKA;101
GOŹDZIŃSKI;101
GRUBALSKI;101
GRZESZUK;101
GUBERSKI;101
HACHULSKI;101
HADRZYŃSKI;101
HAJDECKI;101
ISKIERSKI;101
ISLAMOV;101
JAREMBA;101
JAZGARSKI;101
JECZEŃ;101
JEWDOKIMOW;101
JURASZEWSKI;101
KACZMARA;101
KACZYK;101
KADŁUBICKI;101
KALAMON;101
KAMIN;101
KARIM;101
KHAYDAROV;101
KICZKAJŁO;101
KIRSZLING;101
KLUCZNIAK;101
KNYBA;101
KOBALIA;101
KONEWECKI;101
KONKOWSKI;101
KOROWAJCZYK;101
KOSZKUL;101
KOŚCIKIEWICZ;101
KOTKOWIAK;101
KRAJECKI;101
KRASIEŃKO;101
KUFERA;101
KUFLIŃSKI;101
KUROCZYCKI;101
KWIASOWSKI;101
LENGIEWICZ;101
LEV;101
LIGMANN;101
ŁAMEK;101
ŁESYK;101
ŁOBKO;101
ŁUKASZYŃSKI;101
MACHACZ;101
MAŁAWSKI;101
MAMADALIEV;101
MARYSZCZAK;101
MASA;101
MAŻUL;101
MELAK;101
MERCHELSKI;101
MIGZA;101
MIRAS;101
MLYCZYŃSKI;101
MOLIS;101
MONIEWSKI;101
MORTEK;101
MOSINIAK;101
MOZLER;101
MULKOWSKI;101
MUSTAFAYEV;101
NIEMCEWICZ;101
NODZYŃSKI;101
NOGAJSKI;101
OCHEJ;101
OSIELSKI;101
PATRZYKOWSKI;101
PAZURKIEWICZ;101
PEGZA;101
PEZACKI;101
PIECOWSKI;101
PIERKO;101
PLOMBON;101
PŁATOSZ;101
PNIACZEK;101
PODOGRODZKI;101
PODRAZIK;101
POSIAK;101
PRASNOWSKI;101
PRĄDZINSKI;101
PRUCIA;101
PUŁCZYŃSKI;101
PUZAN;101
PYCHOWSKI;101
RADETSKYI;101
RENDAK;101
RESZELSKI;101
RUCIAK;101
RYBOL;101
SADALSKI;101
SAMKHARADZE;101
SENSKI;101
SEPEŁOWSKI;101
SEVERIN;101
SHATALOV;101
SHEN;101
SILEZIN;101
SILIN;101
SIPTA;101
SKOCZEWSKI;101
SKOŁUCKI;101
SKORB;101
SKWARKOWSKI;101
SMARŻEWSKI;101
SMĘDRA;101
SMOLANA;101
SOPYŁO;101
SRAL;101
STANIOCH;101
STARACHOWSKI;101
STĘPNIKOWSKI;101
STĘSIK;101
STRONGOWSKI;101
STRZEMIECKI;101
STYRKOWIEC;101
SUŁOWICZ;101
SYNYSHYN;101
SZAGAŁA;101
SZEMBORSKI;101
SZUBAN;101
ŚCIBORSKI;101
ŚCIEPURA;101
TOMASHCHUK;101
TRALA;101
TRUSIUK;101
TSULAIA;101
TUSZEWSKI;101
TWARDUŚ;101
ULANECKI;101
WEREMA;101
WICIEJOWSKI;101
WIDEROWSKI;101
WIECZERZYŃSKI;101
WIĘCKI;101
WIKIRA;101
WILGOSIEWICZ;101
WYPUSTEK;101
YEVDOKIMOV;101
YURKEVICH;101
ZAPOLNY;101
ZARAZA;101
ZAWALONKA;101
ZHMURKO;101
ZIEMCZONEK;101
ZIĘBIEC;101
ZOIDZE;101
ŻYSZKOWSKI;101